ISO-10303-21;
HEADER;
/* Generated by software containing ST-Developer
 * from STEP Tools, Inc. (www.steptools.com) 
 */

FILE_DESCRIPTION(
/* description */ (''),
/* implementation_level */ '2;1');

FILE_NAME(
/* name */ '3X Spot-Drill-Tap.step',
/* time_stamp */ '2026-08-19T11:59:38+01:00',
/* author */ (''),
/* organization */ (''),
/* preprocessor_version */ 'ST-DEVELOPER v20.2',
/* originating_system */ 'Autodesk Translation Framework v15.17.0.0',
/* authorisation */ '');

FILE_SCHEMA (('AUTOMOTIVE_DESIGN { 1 0 10303 214 3 1 1 }'));
ENDSEC;

DATA;
#10=MECHANICAL_DESIGN_GEOMETRIC_PRESENTATION_REPRESENTATION('',(#17),#5397);
#11=ITEM_DEFINED_TRANSFORMATION($,$,#3179,#3486);
#12=(
REPRESENTATION_RELATIONSHIP($,$,#5411,#5410)
REPRESENTATION_RELATIONSHIP_WITH_TRANSFORMATION(#11)
SHAPE_REPRESENTATION_RELATIONSHIP()
);
#13=CONTEXT_DEPENDENT_SHAPE_REPRESENTATION(#12,#5409);
#14=NEXT_ASSEMBLY_USAGE_OCCURRENCE('EWS_222115_DIN4003:1',
'EWS_222115_DIN4003:1','EWS_222115_DIN4003:1',#5413,#5414,
'EWS_222115_DIN4003:1');
#15=SHAPE_REPRESENTATION_RELATIONSHIP('SRR','None',#5411,#16);
#16=ADVANCED_BREP_SHAPE_REPRESENTATION('',(#18),#5396);
#17=STYLED_ITEM('',(#5425),#18);
#18=MANIFOLD_SOLID_BREP('Body1',#3165);
#19=TOROIDAL_SURFACE('',#3242,0.171111833772833,0.0295275590551181);
#20=TOROIDAL_SURFACE('',#3247,0.171111833772833,0.0295275590551181);
#21=TOROIDAL_SURFACE('',#3374,0.147637795275591,0.0196850393700787);
#22=TOROIDAL_SURFACE('',#3382,0.147637795275591,0.0196850393700787);
#23=TOROIDAL_SURFACE('',#3392,0.147637795275591,0.0196850393700787);
#24=TOROIDAL_SURFACE('',#3403,0.147637795275591,0.0196850393700787);
#25=TOROIDAL_SURFACE('',#3413,0.147637795275591,0.0196850393700787);
#26=TOROIDAL_SURFACE('',#3422,0.147637795275591,0.0196850393700787);
#27=TOROIDAL_SURFACE('',#3429,0.147637795275591,0.0196850393700787);
#28=TOROIDAL_SURFACE('',#3436,0.147637795275591,0.0196850393700787);
#29=TOROIDAL_SURFACE('',#3449,0.224409448818898,0.031496062992126);
#30=SPHERICAL_SURFACE('',#3205,0.195866141732283);
#31=SPHERICAL_SURFACE('',#3208,0.195866141732283);
#32=SPHERICAL_SURFACE('',#3211,0.195866141732283);
#33=SPHERICAL_SURFACE('',#3215,0.195866141732283);
#34=CONICAL_SURFACE('',#3200,0.142385580708661,0.785398163397448);
#35=CONICAL_SURFACE('',#3315,0.0885826771653543,1.02974425867665);
#36=CONICAL_SURFACE('',#3320,0.108267716535433,1.02974425867665);
#37=CONICAL_SURFACE('',#3334,0.30511811023622,0.785398163397436);
#38=CONICAL_SURFACE('',#3346,0.178736712598425,0.785398163397449);
#39=CONICAL_SURFACE('',#3352,0.178736712598425,0.785398163397449);
#40=CONICAL_SURFACE('',#3358,0.178736712598425,0.785398163397449);
#41=CONICAL_SURFACE('',#3364,0.178736712598425,0.785398163397449);
#42=CONICAL_SURFACE('',#3442,0.142385580708661,0.785398163397447);
#43=CONICAL_SURFACE('',#3454,0.142385580708661,0.785398163397447);
#44=CONICAL_SURFACE('',#3461,0.142385580708661,0.785398163397447);
#45=CONICAL_SURFACE('',#3467,0.14238188976378,0.785398163397449);
#46=CONICAL_SURFACE('',#3471,0.178736712598425,0.785398163397448);
#47=CONICAL_SURFACE('',#3477,0.178736712598425,0.785398163397448);
#48=FACE_BOUND('',#378,.T.);
#49=FACE_BOUND('',#379,.T.);
#50=FACE_BOUND('',#380,.T.);
#51=FACE_BOUND('',#381,.T.);
#52=FACE_BOUND('',#382,.T.);
#53=FACE_BOUND('',#391,.T.);
#54=FACE_BOUND('',#394,.T.);
#55=FACE_BOUND('',#397,.T.);
#56=FACE_BOUND('',#400,.T.);
#57=FACE_BOUND('',#403,.T.);
#58=FACE_BOUND('',#404,.T.);
#59=FACE_BOUND('',#458,.T.);
#60=FACE_BOUND('',#459,.T.);
#61=FACE_BOUND('',#460,.T.);
#62=FACE_BOUND('',#462,.T.);
#63=FACE_BOUND('',#463,.T.);
#64=FACE_BOUND('',#464,.T.);
#65=FACE_BOUND('',#465,.T.);
#66=FACE_BOUND('',#467,.T.);
#67=FACE_BOUND('',#468,.T.);
#68=FACE_BOUND('',#470,.T.);
#69=FACE_BOUND('',#471,.T.);
#70=FACE_BOUND('',#474,.T.);
#71=FACE_BOUND('',#475,.T.);
#72=FACE_BOUND('',#476,.T.);
#73=FACE_BOUND('',#477,.T.);
#74=FACE_BOUND('',#478,.T.);
#75=FACE_BOUND('',#481,.T.);
#76=FACE_BOUND('',#483,.T.);
#77=FACE_BOUND('',#485,.T.);
#78=FACE_BOUND('',#486,.T.);
#79=FACE_BOUND('',#512,.T.);
#80=FACE_BOUND('',#582,.T.);
#81=FACE_BOUND('',#583,.T.);
#82=PLANE('',#3187);
#83=PLANE('',#3196);
#84=PLANE('',#3197);
#85=PLANE('',#3204);
#86=PLANE('',#3207);
#87=PLANE('',#3210);
#88=PLANE('',#3214);
#89=PLANE('',#3218);
#90=PLANE('',#3219);
#91=PLANE('',#3226);
#92=PLANE('',#3227);
#93=PLANE('',#3228);
#94=PLANE('',#3229);
#95=PLANE('',#3230);
#96=PLANE('',#3231);
#97=PLANE('',#3232);
#98=PLANE('',#3233);
#99=PLANE('',#3234);
#100=PLANE('',#3235);
#101=PLANE('',#3236);
#102=PLANE('',#3237);
#103=PLANE('',#3238);
#104=PLANE('',#3239);
#105=PLANE('',#3240);
#106=PLANE('',#3241);
#107=PLANE('',#3246);
#108=PLANE('',#3251);
#109=PLANE('',#3252);
#110=PLANE('',#3253);
#111=PLANE('',#3254);
#112=PLANE('',#3255);
#113=PLANE('',#3256);
#114=PLANE('',#3257);
#115=PLANE('',#3258);
#116=PLANE('',#3259);
#117=PLANE('',#3260);
#118=PLANE('',#3261);
#119=PLANE('',#3262);
#120=PLANE('',#3263);
#121=PLANE('',#3264);
#122=PLANE('',#3265);
#123=PLANE('',#3266);
#124=PLANE('',#3267);
#125=PLANE('',#3268);
#126=PLANE('',#3269);
#127=PLANE('',#3270);
#128=PLANE('',#3271);
#129=PLANE('',#3272);
#130=PLANE('',#3273);
#131=PLANE('',#3274);
#132=PLANE('',#3275);
#133=PLANE('',#3276);
#134=PLANE('',#3277);
#135=PLANE('',#3278);
#136=PLANE('',#3279);
#137=PLANE('',#3280);
#138=PLANE('',#3281);
#139=PLANE('',#3282);
#140=PLANE('',#3283);
#141=PLANE('',#3284);
#142=PLANE('',#3288);
#143=PLANE('',#3290);
#144=PLANE('',#3294);
#145=PLANE('',#3296);
#146=PLANE('',#3297);
#147=PLANE('',#3298);
#148=PLANE('',#3299);
#149=PLANE('',#3301);
#150=PLANE('',#3306);
#151=PLANE('',#3308);
#152=PLANE('',#3309);
#153=PLANE('',#3310);
#154=PLANE('',#3311);
#155=PLANE('',#3312);
#156=PLANE('',#3313);
#157=PLANE('',#3314);
#158=PLANE('',#3326);
#159=PLANE('',#3327);
#160=PLANE('',#3328);
#161=PLANE('',#3329);
#162=PLANE('',#3330);
#163=PLANE('',#3331);
#164=PLANE('',#3332);
#165=PLANE('',#3333);
#166=PLANE('',#3336);
#167=PLANE('',#3337);
#168=PLANE('',#3339);
#169=PLANE('',#3341);
#170=PLANE('',#3342);
#171=PLANE('',#3343);
#172=PLANE('',#3344);
#173=PLANE('',#3345);
#174=PLANE('',#3350);
#175=PLANE('',#3356);
#176=PLANE('',#3362);
#177=PLANE('',#3368);
#178=PLANE('',#3377);
#179=PLANE('',#3385);
#180=PLANE('',#3395);
#181=PLANE('',#3396);
#182=PLANE('',#3406);
#183=PLANE('',#3407);
#184=PLANE('',#3408);
#185=PLANE('',#3416);
#186=PLANE('',#3417);
#187=PLANE('',#3425);
#188=PLANE('',#3432);
#189=PLANE('',#3439);
#190=PLANE('',#3440);
#191=PLANE('',#3452);
#192=PLANE('',#3457);
#193=PLANE('',#3459);
#194=PLANE('',#3465);
#195=PLANE('',#3475);
#196=PLANE('',#3481);
#197=PLANE('',#3483);
#198=PLANE('',#3484);
#199=PLANE('',#3485);
#200=FACE_OUTER_BOUND('',#375,.T.);
#201=FACE_OUTER_BOUND('',#376,.T.);
#202=FACE_OUTER_BOUND('',#377,.T.);
#203=FACE_OUTER_BOUND('',#383,.T.);
#204=FACE_OUTER_BOUND('',#384,.T.);
#205=FACE_OUTER_BOUND('',#385,.T.);
#206=FACE_OUTER_BOUND('',#386,.T.);
#207=FACE_OUTER_BOUND('',#387,.T.);
#208=FACE_OUTER_BOUND('',#388,.T.);
#209=FACE_OUTER_BOUND('',#389,.T.);
#210=FACE_OUTER_BOUND('',#390,.T.);
#211=FACE_OUTER_BOUND('',#392,.T.);
#212=FACE_OUTER_BOUND('',#393,.T.);
#213=FACE_OUTER_BOUND('',#395,.T.);
#214=FACE_OUTER_BOUND('',#396,.T.);
#215=FACE_OUTER_BOUND('',#398,.T.);
#216=FACE_OUTER_BOUND('',#399,.T.);
#217=FACE_OUTER_BOUND('',#401,.T.);
#218=FACE_OUTER_BOUND('',#402,.T.);
#219=FACE_OUTER_BOUND('',#405,.T.);
#220=FACE_OUTER_BOUND('',#406,.T.);
#221=FACE_OUTER_BOUND('',#407,.T.);
#222=FACE_OUTER_BOUND('',#408,.T.);
#223=FACE_OUTER_BOUND('',#409,.T.);
#224=FACE_OUTER_BOUND('',#410,.T.);
#225=FACE_OUTER_BOUND('',#411,.T.);
#226=FACE_OUTER_BOUND('',#412,.T.);
#227=FACE_OUTER_BOUND('',#413,.T.);
#228=FACE_OUTER_BOUND('',#414,.T.);
#229=FACE_OUTER_BOUND('',#415,.T.);
#230=FACE_OUTER_BOUND('',#416,.T.);
#231=FACE_OUTER_BOUND('',#417,.T.);
#232=FACE_OUTER_BOUND('',#418,.T.);
#233=FACE_OUTER_BOUND('',#419,.T.);
#234=FACE_OUTER_BOUND('',#420,.T.);
#235=FACE_OUTER_BOUND('',#421,.T.);
#236=FACE_OUTER_BOUND('',#422,.T.);
#237=FACE_OUTER_BOUND('',#423,.T.);
#238=FACE_OUTER_BOUND('',#424,.T.);
#239=FACE_OUTER_BOUND('',#425,.T.);
#240=FACE_OUTER_BOUND('',#426,.T.);
#241=FACE_OUTER_BOUND('',#427,.T.);
#242=FACE_OUTER_BOUND('',#428,.T.);
#243=FACE_OUTER_BOUND('',#429,.T.);
#244=FACE_OUTER_BOUND('',#430,.T.);
#245=FACE_OUTER_BOUND('',#431,.T.);
#246=FACE_OUTER_BOUND('',#432,.T.);
#247=FACE_OUTER_BOUND('',#433,.T.);
#248=FACE_OUTER_BOUND('',#434,.T.);
#249=FACE_OUTER_BOUND('',#435,.T.);
#250=FACE_OUTER_BOUND('',#436,.T.);
#251=FACE_OUTER_BOUND('',#437,.T.);
#252=FACE_OUTER_BOUND('',#438,.T.);
#253=FACE_OUTER_BOUND('',#439,.T.);
#254=FACE_OUTER_BOUND('',#440,.T.);
#255=FACE_OUTER_BOUND('',#441,.T.);
#256=FACE_OUTER_BOUND('',#442,.T.);
#257=FACE_OUTER_BOUND('',#443,.T.);
#258=FACE_OUTER_BOUND('',#444,.T.);
#259=FACE_OUTER_BOUND('',#445,.T.);
#260=FACE_OUTER_BOUND('',#446,.T.);
#261=FACE_OUTER_BOUND('',#447,.T.);
#262=FACE_OUTER_BOUND('',#448,.T.);
#263=FACE_OUTER_BOUND('',#449,.T.);
#264=FACE_OUTER_BOUND('',#450,.T.);
#265=FACE_OUTER_BOUND('',#451,.T.);
#266=FACE_OUTER_BOUND('',#452,.T.);
#267=FACE_OUTER_BOUND('',#453,.T.);
#268=FACE_OUTER_BOUND('',#454,.T.);
#269=FACE_OUTER_BOUND('',#455,.T.);
#270=FACE_OUTER_BOUND('',#456,.T.);
#271=FACE_OUTER_BOUND('',#457,.T.);
#272=FACE_OUTER_BOUND('',#461,.T.);
#273=FACE_OUTER_BOUND('',#466,.T.);
#274=FACE_OUTER_BOUND('',#469,.T.);
#275=FACE_OUTER_BOUND('',#472,.T.);
#276=FACE_OUTER_BOUND('',#473,.T.);
#277=FACE_OUTER_BOUND('',#479,.T.);
#278=FACE_OUTER_BOUND('',#480,.T.);
#279=FACE_OUTER_BOUND('',#482,.T.);
#280=FACE_OUTER_BOUND('',#484,.T.);
#281=FACE_OUTER_BOUND('',#487,.T.);
#282=FACE_OUTER_BOUND('',#488,.T.);
#283=FACE_OUTER_BOUND('',#489,.T.);
#284=FACE_OUTER_BOUND('',#490,.T.);
#285=FACE_OUTER_BOUND('',#491,.T.);
#286=FACE_OUTER_BOUND('',#492,.T.);
#287=FACE_OUTER_BOUND('',#493,.T.);
#288=FACE_OUTER_BOUND('',#494,.T.);
#289=FACE_OUTER_BOUND('',#495,.T.);
#290=FACE_OUTER_BOUND('',#496,.T.);
#291=FACE_OUTER_BOUND('',#497,.T.);
#292=FACE_OUTER_BOUND('',#498,.T.);
#293=FACE_OUTER_BOUND('',#499,.T.);
#294=FACE_OUTER_BOUND('',#500,.T.);
#295=FACE_OUTER_BOUND('',#501,.T.);
#296=FACE_OUTER_BOUND('',#502,.T.);
#297=FACE_OUTER_BOUND('',#503,.T.);
#298=FACE_OUTER_BOUND('',#504,.T.);
#299=FACE_OUTER_BOUND('',#505,.T.);
#300=FACE_OUTER_BOUND('',#506,.T.);
#301=FACE_OUTER_BOUND('',#507,.T.);
#302=FACE_OUTER_BOUND('',#508,.T.);
#303=FACE_OUTER_BOUND('',#509,.T.);
#304=FACE_OUTER_BOUND('',#510,.T.);
#305=FACE_OUTER_BOUND('',#511,.T.);
#306=FACE_OUTER_BOUND('',#513,.T.);
#307=FACE_OUTER_BOUND('',#514,.T.);
#308=FACE_OUTER_BOUND('',#515,.T.);
#309=FACE_OUTER_BOUND('',#516,.T.);
#310=FACE_OUTER_BOUND('',#517,.T.);
#311=FACE_OUTER_BOUND('',#518,.T.);
#312=FACE_OUTER_BOUND('',#519,.T.);
#313=FACE_OUTER_BOUND('',#520,.T.);
#314=FACE_OUTER_BOUND('',#521,.T.);
#315=FACE_OUTER_BOUND('',#522,.T.);
#316=FACE_OUTER_BOUND('',#523,.T.);
#317=FACE_OUTER_BOUND('',#524,.T.);
#318=FACE_OUTER_BOUND('',#525,.T.);
#319=FACE_OUTER_BOUND('',#526,.T.);
#320=FACE_OUTER_BOUND('',#527,.T.);
#321=FACE_OUTER_BOUND('',#528,.T.);
#322=FACE_OUTER_BOUND('',#529,.T.);
#323=FACE_OUTER_BOUND('',#530,.T.);
#324=FACE_OUTER_BOUND('',#531,.T.);
#325=FACE_OUTER_BOUND('',#532,.T.);
#326=FACE_OUTER_BOUND('',#533,.T.);
#327=FACE_OUTER_BOUND('',#534,.T.);
#328=FACE_OUTER_BOUND('',#535,.T.);
#329=FACE_OUTER_BOUND('',#536,.T.);
#330=FACE_OUTER_BOUND('',#537,.T.);
#331=FACE_OUTER_BOUND('',#538,.T.);
#332=FACE_OUTER_BOUND('',#539,.T.);
#333=FACE_OUTER_BOUND('',#540,.T.);
#334=FACE_OUTER_BOUND('',#541,.T.);
#335=FACE_OUTER_BOUND('',#542,.T.);
#336=FACE_OUTER_BOUND('',#543,.T.);
#337=FACE_OUTER_BOUND('',#544,.T.);
#338=FACE_OUTER_BOUND('',#545,.T.);
#339=FACE_OUTER_BOUND('',#546,.T.);
#340=FACE_OUTER_BOUND('',#547,.T.);
#341=FACE_OUTER_BOUND('',#548,.T.);
#342=FACE_OUTER_BOUND('',#549,.T.);
#343=FACE_OUTER_BOUND('',#550,.T.);
#344=FACE_OUTER_BOUND('',#551,.T.);
#345=FACE_OUTER_BOUND('',#552,.T.);
#346=FACE_OUTER_BOUND('',#553,.T.);
#347=FACE_OUTER_BOUND('',#554,.T.);
#348=FACE_OUTER_BOUND('',#555,.T.);
#349=FACE_OUTER_BOUND('',#556,.T.);
#350=FACE_OUTER_BOUND('',#557,.T.);
#351=FACE_OUTER_BOUND('',#558,.T.);
#352=FACE_OUTER_BOUND('',#559,.T.);
#353=FACE_OUTER_BOUND('',#560,.T.);
#354=FACE_OUTER_BOUND('',#561,.T.);
#355=FACE_OUTER_BOUND('',#562,.T.);
#356=FACE_OUTER_BOUND('',#563,.T.);
#357=FACE_OUTER_BOUND('',#564,.T.);
#358=FACE_OUTER_BOUND('',#565,.T.);
#359=FACE_OUTER_BOUND('',#566,.T.);
#360=FACE_OUTER_BOUND('',#567,.T.);
#361=FACE_OUTER_BOUND('',#568,.T.);
#362=FACE_OUTER_BOUND('',#569,.T.);
#363=FACE_OUTER_BOUND('',#570,.T.);
#364=FACE_OUTER_BOUND('',#571,.T.);
#365=FACE_OUTER_BOUND('',#572,.T.);
#366=FACE_OUTER_BOUND('',#573,.T.);
#367=FACE_OUTER_BOUND('',#574,.T.);
#368=FACE_OUTER_BOUND('',#575,.T.);
#369=FACE_OUTER_BOUND('',#576,.T.);
#370=FACE_OUTER_BOUND('',#577,.T.);
#371=FACE_OUTER_BOUND('',#578,.T.);
#372=FACE_OUTER_BOUND('',#579,.T.);
#373=FACE_OUTER_BOUND('',#580,.T.);
#374=FACE_OUTER_BOUND('',#581,.T.);
#375=EDGE_LOOP('',(#2072,#2073,#2074,#2075,#2076,#2077,#2078,#2079,#2080,
#2081,#2082,#2083));
#376=EDGE_LOOP('',(#2084,#2085,#2086,#2087));
#377=EDGE_LOOP('',(#2088,#2089,#2090,#2091,#2092,#2093,#2094,#2095,#2096,
#2097));
#378=EDGE_LOOP('',(#2098));
#379=EDGE_LOOP('',(#2099));
#380=EDGE_LOOP('',(#2100));
#381=EDGE_LOOP('',(#2101));
#382=EDGE_LOOP('',(#2102));
#383=EDGE_LOOP('',(#2103,#2104,#2105,#2106));
#384=EDGE_LOOP('',(#2107,#2108,#2109,#2110));
#385=EDGE_LOOP('',(#2111));
#386=EDGE_LOOP('',(#2112));
#387=EDGE_LOOP('',(#2113,#2114,#2115,#2116));
#388=EDGE_LOOP('',(#2117,#2118,#2119,#2120,#2121));
#389=EDGE_LOOP('',(#2122));
#390=EDGE_LOOP('',(#2123));
#391=EDGE_LOOP('',(#2124));
#392=EDGE_LOOP('',(#2125));
#393=EDGE_LOOP('',(#2126));
#394=EDGE_LOOP('',(#2127));
#395=EDGE_LOOP('',(#2128));
#396=EDGE_LOOP('',(#2129));
#397=EDGE_LOOP('',(#2130));
#398=EDGE_LOOP('',(#2131));
#399=EDGE_LOOP('',(#2132));
#400=EDGE_LOOP('',(#2133));
#401=EDGE_LOOP('',(#2134));
#402=EDGE_LOOP('',(#2135,#2136,#2137,#2138,#2139,#2140,#2141,#2142,#2143,
#2144,#2145,#2146,#2147,#2148));
#403=EDGE_LOOP('',(#2149));
#404=EDGE_LOOP('',(#2150));
#405=EDGE_LOOP('',(#2151,#2152,#2153,#2154));
#406=EDGE_LOOP('',(#2155,#2156,#2157,#2158));
#407=EDGE_LOOP('',(#2159,#2160,#2161,#2162));
#408=EDGE_LOOP('',(#2163,#2164,#2165,#2166,#2167,#2168));
#409=EDGE_LOOP('',(#2169,#2170,#2171,#2172));
#410=EDGE_LOOP('',(#2173,#2174,#2175,#2176));
#411=EDGE_LOOP('',(#2177,#2178,#2179,#2180,#2181,#2182));
#412=EDGE_LOOP('',(#2183,#2184,#2185,#2186));
#413=EDGE_LOOP('',(#2187,#2188,#2189,#2190));
#414=EDGE_LOOP('',(#2191,#2192,#2193,#2194));
#415=EDGE_LOOP('',(#2195,#2196,#2197,#2198));
#416=EDGE_LOOP('',(#2199,#2200,#2201,#2202,#2203,#2204));
#417=EDGE_LOOP('',(#2205,#2206,#2207,#2208));
#418=EDGE_LOOP('',(#2209,#2210,#2211,#2212));
#419=EDGE_LOOP('',(#2213,#2214,#2215,#2216,#2217,#2218));
#420=EDGE_LOOP('',(#2219,#2220,#2221,#2222));
#421=EDGE_LOOP('',(#2223,#2224,#2225,#2226));
#422=EDGE_LOOP('',(#2227));
#423=EDGE_LOOP('',(#2228,#2229,#2230,#2231));
#424=EDGE_LOOP('',(#2232));
#425=EDGE_LOOP('',(#2233,#2234,#2235,#2236));
#426=EDGE_LOOP('',(#2237,#2238,#2239,#2240));
#427=EDGE_LOOP('',(#2241,#2242,#2243,#2244));
#428=EDGE_LOOP('',(#2245,#2246,#2247,#2248,#2249,#2250,#2251,#2252));
#429=EDGE_LOOP('',(#2253,#2254,#2255,#2256));
#430=EDGE_LOOP('',(#2257,#2258,#2259,#2260));
#431=EDGE_LOOP('',(#2261,#2262,#2263,#2264,#2265,#2266,#2267,#2268));
#432=EDGE_LOOP('',(#2269,#2270,#2271,#2272,#2273,#2274,#2275,#2276));
#433=EDGE_LOOP('',(#2277,#2278,#2279,#2280));
#434=EDGE_LOOP('',(#2281,#2282,#2283,#2284));
#435=EDGE_LOOP('',(#2285,#2286,#2287,#2288));
#436=EDGE_LOOP('',(#2289,#2290,#2291,#2292,#2293,#2294,#2295,#2296));
#437=EDGE_LOOP('',(#2297,#2298,#2299,#2300));
#438=EDGE_LOOP('',(#2301,#2302,#2303,#2304));
#439=EDGE_LOOP('',(#2305,#2306,#2307,#2308,#2309,#2310,#2311,#2312));
#440=EDGE_LOOP('',(#2313,#2314,#2315,#2316,#2317,#2318,#2319,#2320));
#441=EDGE_LOOP('',(#2321,#2322,#2323,#2324));
#442=EDGE_LOOP('',(#2325,#2326,#2327,#2328));
#443=EDGE_LOOP('',(#2329,#2330,#2331,#2332));
#444=EDGE_LOOP('',(#2333,#2334,#2335,#2336,#2337,#2338,#2339,#2340));
#445=EDGE_LOOP('',(#2341,#2342,#2343,#2344));
#446=EDGE_LOOP('',(#2345,#2346,#2347,#2348));
#447=EDGE_LOOP('',(#2349,#2350,#2351,#2352,#2353,#2354,#2355,#2356));
#448=EDGE_LOOP('',(#2357,#2358,#2359,#2360,#2361,#2362,#2363,#2364));
#449=EDGE_LOOP('',(#2365,#2366,#2367,#2368));
#450=EDGE_LOOP('',(#2369,#2370,#2371,#2372));
#451=EDGE_LOOP('',(#2373,#2374,#2375,#2376));
#452=EDGE_LOOP('',(#2377,#2378,#2379,#2380,#2381,#2382,#2383,#2384));
#453=EDGE_LOOP('',(#2385,#2386,#2387,#2388));
#454=EDGE_LOOP('',(#2389,#2390,#2391,#2392));
#455=EDGE_LOOP('',(#2393,#2394,#2395,#2396,#2397,#2398,#2399,#2400));
#456=EDGE_LOOP('',(#2401,#2402,#2403,#2404,#2405,#2406,#2407,#2408));
#457=EDGE_LOOP('',(#2409,#2410,#2411,#2412));
#458=EDGE_LOOP('',(#2413));
#459=EDGE_LOOP('',(#2414));
#460=EDGE_LOOP('',(#2415));
#461=EDGE_LOOP('',(#2416,#2417,#2418,#2419,#2420,#2421,#2422,#2423,#2424,
#2425,#2426,#2427,#2428,#2429));
#462=EDGE_LOOP('',(#2430,#2431,#2432,#2433));
#463=EDGE_LOOP('',(#2434,#2435,#2436,#2437));
#464=EDGE_LOOP('',(#2438,#2439,#2440,#2441));
#465=EDGE_LOOP('',(#2442,#2443,#2444,#2445));
#466=EDGE_LOOP('',(#2446,#2447,#2448,#2449,#2450,#2451,#2452,#2453,#2454,
#2455,#2456));
#467=EDGE_LOOP('',(#2457));
#468=EDGE_LOOP('',(#2458));
#469=EDGE_LOOP('',(#2459,#2460,#2461,#2462,#2463));
#470=EDGE_LOOP('',(#2464));
#471=EDGE_LOOP('',(#2465));
#472=EDGE_LOOP('',(#2466,#2467,#2468,#2469,#2470,#2471,#2472,#2473,#2474,
#2475));
#473=EDGE_LOOP('',(#2476,#2477,#2478,#2479,#2480,#2481,#2482,#2483,#2484,
#2485,#2486,#2487));
#474=EDGE_LOOP('',(#2488));
#475=EDGE_LOOP('',(#2489));
#476=EDGE_LOOP('',(#2490));
#477=EDGE_LOOP('',(#2491,#2492,#2493,#2494,#2495,#2496,#2497,#2498));
#478=EDGE_LOOP('',(#2499,#2500,#2501,#2502,#2503,#2504,#2505,#2506));
#479=EDGE_LOOP('',(#2507,#2508,#2509,#2510,#2511,#2512,#2513));
#480=EDGE_LOOP('',(#2514,#2515,#2516,#2517,#2518,#2519));
#481=EDGE_LOOP('',(#2520));
#482=EDGE_LOOP('',(#2521,#2522,#2523,#2524,#2525,#2526,#2527,#2528,#2529));
#483=EDGE_LOOP('',(#2530));
#484=EDGE_LOOP('',(#2531,#2532,#2533,#2534,#2535,#2536,#2537));
#485=EDGE_LOOP('',(#2538));
#486=EDGE_LOOP('',(#2539));
#487=EDGE_LOOP('',(#2540,#2541,#2542,#2543,#2544,#2545,#2546,#2547,#2548));
#488=EDGE_LOOP('',(#2549,#2550,#2551,#2552,#2553,#2554,#2555,#2556,#2557,
#2558,#2559));
#489=EDGE_LOOP('',(#2560,#2561,#2562,#2563));
#490=EDGE_LOOP('',(#2564,#2565,#2566,#2567,#2568,#2569,#2570));
#491=EDGE_LOOP('',(#2571,#2572,#2573,#2574));
#492=EDGE_LOOP('',(#2575,#2576,#2577,#2578));
#493=EDGE_LOOP('',(#2579,#2580,#2581,#2582));
#494=EDGE_LOOP('',(#2583,#2584,#2585,#2586,#2587));
#495=EDGE_LOOP('',(#2588,#2589,#2590,#2591,#2592,#2593));
#496=EDGE_LOOP('',(#2594,#2595));
#497=EDGE_LOOP('',(#2596,#2597,#2598,#2599,#2600,#2601,#2602));
#498=EDGE_LOOP('',(#2603,#2604,#2605,#2606,#2607));
#499=EDGE_LOOP('',(#2608,#2609,#2610,#2611,#2612,#2613));
#500=EDGE_LOOP('',(#2614,#2615,#2616,#2617,#2618,#2619,#2620,#2621,#2622));
#501=EDGE_LOOP('',(#2623,#2624,#2625,#2626,#2627,#2628));
#502=EDGE_LOOP('',(#2629,#2630,#2631,#2632,#2633,#2634));
#503=EDGE_LOOP('',(#2635,#2636,#2637,#2638,#2639,#2640,#2641,#2642));
#504=EDGE_LOOP('',(#2643,#2644,#2645,#2646,#2647,#2648));
#505=EDGE_LOOP('',(#2649,#2650,#2651,#2652,#2653,#2654));
#506=EDGE_LOOP('',(#2655,#2656,#2657,#2658,#2659,#2660));
#507=EDGE_LOOP('',(#2661,#2662,#2663,#2664));
#508=EDGE_LOOP('',(#2665,#2666,#2667,#2668,#2669,#2670));
#509=EDGE_LOOP('',(#2671,#2672,#2673,#2674,#2675,#2676,#2677,#2678));
#510=EDGE_LOOP('',(#2679,#2680,#2681,#2682));
#511=EDGE_LOOP('',(#2683));
#512=EDGE_LOOP('',(#2684));
#513=EDGE_LOOP('',(#2685,#2686,#2687,#2688));
#514=EDGE_LOOP('',(#2689,#2690,#2691,#2692,#2693,#2694,#2695));
#515=EDGE_LOOP('',(#2696,#2697,#2698,#2699,#2700,#2701,#2702,#2703));
#516=EDGE_LOOP('',(#2704,#2705,#2706,#2707));
#517=EDGE_LOOP('',(#2708,#2709,#2710,#2711));
#518=EDGE_LOOP('',(#2712,#2713,#2714,#2715,#2716));
#519=EDGE_LOOP('',(#2717));
#520=EDGE_LOOP('',(#2718,#2719,#2720,#2721,#2722));
#521=EDGE_LOOP('',(#2723,#2724,#2725,#2726,#2727));
#522=EDGE_LOOP('',(#2728));
#523=EDGE_LOOP('',(#2729,#2730,#2731,#2732,#2733));
#524=EDGE_LOOP('',(#2734,#2735,#2736,#2737,#2738));
#525=EDGE_LOOP('',(#2739));
#526=EDGE_LOOP('',(#2740,#2741,#2742,#2743,#2744));
#527=EDGE_LOOP('',(#2745,#2746,#2747,#2748,#2749));
#528=EDGE_LOOP('',(#2750));
#529=EDGE_LOOP('',(#2751,#2752,#2753,#2754,#2755,#2756));
#530=EDGE_LOOP('',(#2757,#2758,#2759,#2760,#2761));
#531=EDGE_LOOP('',(#2762,#2763,#2764,#2765,#2766));
#532=EDGE_LOOP('',(#2767));
#533=EDGE_LOOP('',(#2768,#2769,#2770,#2771,#2772));
#534=EDGE_LOOP('',(#2773,#2774,#2775,#2776,#2777));
#535=EDGE_LOOP('',(#2778));
#536=EDGE_LOOP('',(#2779,#2780,#2781,#2782,#2783,#2784,#2785));
#537=EDGE_LOOP('',(#2786,#2787,#2788,#2789,#2790));
#538=EDGE_LOOP('',(#2791));
#539=EDGE_LOOP('',(#2792,#2793));
#540=EDGE_LOOP('',(#2794,#2795,#2796,#2797,#2798,#2799,#2800));
#541=EDGE_LOOP('',(#2801,#2802,#2803,#2804,#2805));
#542=EDGE_LOOP('',(#2806));
#543=EDGE_LOOP('',(#2807,#2808));
#544=EDGE_LOOP('',(#2809,#2810));
#545=EDGE_LOOP('',(#2811,#2812,#2813,#2814,#2815,#2816,#2817));
#546=EDGE_LOOP('',(#2818,#2819,#2820,#2821,#2822));
#547=EDGE_LOOP('',(#2823));
#548=EDGE_LOOP('',(#2824,#2825));
#549=EDGE_LOOP('',(#2826,#2827,#2828,#2829,#2830,#2831,#2832));
#550=EDGE_LOOP('',(#2833,#2834,#2835,#2836,#2837));
#551=EDGE_LOOP('',(#2838));
#552=EDGE_LOOP('',(#2839,#2840,#2841,#2842,#2843));
#553=EDGE_LOOP('',(#2844,#2845,#2846,#2847,#2848));
#554=EDGE_LOOP('',(#2849));
#555=EDGE_LOOP('',(#2850,#2851,#2852,#2853,#2854));
#556=EDGE_LOOP('',(#2855,#2856,#2857,#2858,#2859));
#557=EDGE_LOOP('',(#2860));
#558=EDGE_LOOP('',(#2861));
#559=EDGE_LOOP('',(#2862,#2863,#2864,#2865,#2866));
#560=EDGE_LOOP('',(#2867,#2868,#2869,#2870,#2871));
#561=EDGE_LOOP('',(#2872,#2873,#2874,#2875,#2876));
#562=EDGE_LOOP('',(#2877,#2878,#2879,#2880,#2881));
#563=EDGE_LOOP('',(#2882));
#564=EDGE_LOOP('',(#2883,#2884,#2885,#2886,#2887));
#565=EDGE_LOOP('',(#2888));
#566=EDGE_LOOP('',(#2889,#2890,#2891,#2892,#2893));
#567=EDGE_LOOP('',(#2894));
#568=EDGE_LOOP('',(#2895,#2896,#2897,#2898,#2899));
#569=EDGE_LOOP('',(#2900,#2901,#2902,#2903,#2904));
#570=EDGE_LOOP('',(#2905));
#571=EDGE_LOOP('',(#2906,#2907,#2908,#2909,#2910));
#572=EDGE_LOOP('',(#2911,#2912,#2913,#2914,#2915));
#573=EDGE_LOOP('',(#2916,#2917,#2918,#2919,#2920));
#574=EDGE_LOOP('',(#2921));
#575=EDGE_LOOP('',(#2922,#2923,#2924,#2925,#2926));
#576=EDGE_LOOP('',(#2927,#2928,#2929,#2930,#2931));
#577=EDGE_LOOP('',(#2932));
#578=EDGE_LOOP('',(#2933,#2934,#2935,#2936,#2937));
#579=EDGE_LOOP('',(#2938,#2939,#2940,#2941));
#580=EDGE_LOOP('',(#2942,#2943,#2944,#2945));
#581=EDGE_LOOP('',(#2946,#2947,#2948,#2949,#2950,#2951,#2952,#2953,#2954,
#2955,#2956,#2957,#2958,#2959));
#582=EDGE_LOOP('',(#2960));
#583=EDGE_LOOP('',(#2961));
#584=ELLIPSE('',#3183,0.417582744795205,0.295275590551181);
#585=ELLIPSE('',#3199,0.417582744795205,0.295275590551181);
#586=B_SPLINE_CURVE_WITH_KNOTS('',3,(#4423,#4424,#4425,#4426,#4427,#4428,
#4429,#4430,#4431,#4432,#4433,#4434,#4435,#4436),.UNSPECIFIED.,.F.,.F.,
(4,2,2,2,2,2,4),(-1.21670118338738,-1.11473303892177,-0.975379136657492,
-0.826928898253155,-0.678478659848818,-0.339239329924409,-0.251930323099066),
 .UNSPECIFIED.);
#587=B_SPLINE_CURVE_WITH_KNOTS('',3,(#4440,#4441,#4442,#4443,#4444,#4445,
#4446,#4447,#4448,#4449,#4450,#4451,#4452,#4453,#4454,#4455,#4456,#4457,
#4458,#4459,#4460,#4461,#4462,#4463,#4464,#4465),.UNSPECIFIED.,.F.,.F.,
(4,2,2,2,2,2,2,2,2,2,2,2,4),(-2.22324412843526,-2.18130231160073,-1.89248394590617,
-1.77741841750955,-1.66235288911293,-1.44870661388029,-1.23506033864764,
-1.02141406341499,-0.807767788182343,-0.692702259785723,-0.577636731389102,
-0.288818365694551,-0.246876548860016),.UNSPECIFIED.);
#588=B_SPLINE_CURVE_WITH_KNOTS('',3,(#4476,#4477,#4478,#4479,#4480,#4481,
#4482,#4483,#4484,#4485,#4486,#4487,#4488,#4489),.UNSPECIFIED.,.F.,.F.,
(4,2,2,2,2,2,4),(-1.85798026754383,-1.82059450974515,-1.67896761760537,
-1.5373407254656,-1.39571383332583,-1.25408694118605,-1.21670118338738),
 .UNSPECIFIED.);
#589=B_SPLINE_CURVE_WITH_KNOTS('',3,(#4540,#4541,#4542,#4543,#4544,#4545,
#4546,#4547,#4548,#4549,#4550,#4551,#4552,#4553,#4554,#4555),
 .UNSPECIFIED.,.F.,.F.,(4,2,2,2,2,2,2,4),(4.85686890568034,4.92029556613865,
5.23396667237028,5.38831289558354,5.54265911879681,5.63379322914248,5.72492733948814,
5.81998862697005),.UNSPECIFIED.);
#590=LINE('',#4421,#900);
#591=LINE('',#4438,#901);
#592=LINE('',#4467,#902);
#593=LINE('',#4471,#903);
#594=LINE('',#4475,#904);
#595=LINE('',#4494,#905);
#596=LINE('',#4499,#906);
#597=LINE('',#4501,#907);
#598=LINE('',#4503,#908);
#599=LINE('',#4505,#909);
#600=LINE('',#4507,#910);
#601=LINE('',#4509,#911);
#602=LINE('',#4511,#912);
#603=LINE('',#4513,#913);
#604=LINE('',#4515,#914);
#605=LINE('',#4516,#915);
#606=LINE('',#4527,#916);
#607=LINE('',#4532,#917);
#608=LINE('',#4539,#918);
#609=LINE('',#4562,#919);
#610=LINE('',#4592,#920);
#611=LINE('',#4594,#921);
#612=LINE('',#4596,#922);
#613=LINE('',#4602,#923);
#614=LINE('',#4604,#924);
#615=LINE('',#4606,#925);
#616=LINE('',#4608,#926);
#617=LINE('',#4610,#927);
#618=LINE('',#4612,#928);
#619=LINE('',#4613,#929);
#620=LINE('',#4621,#930);
#621=LINE('',#4622,#931);
#622=LINE('',#4623,#932);
#623=LINE('',#4626,#933);
#624=LINE('',#4627,#934);
#625=LINE('',#4630,#935);
#626=LINE('',#4631,#936);
#627=LINE('',#4635,#937);
#628=LINE('',#4636,#938);
#629=LINE('',#4637,#939);
#630=LINE('',#4638,#940);
#631=LINE('',#4640,#941);
#632=LINE('',#4643,#942);
#633=LINE('',#4644,#943);
#634=LINE('',#4647,#944);
#635=LINE('',#4648,#945);
#636=LINE('',#4649,#946);
#637=LINE('',#4651,#947);
#638=LINE('',#4655,#948);
#639=LINE('',#4657,#949);
#640=LINE('',#4659,#950);
#641=LINE('',#4660,#951);
#642=LINE('',#4663,#952);
#643=LINE('',#4665,#953);
#644=LINE('',#4666,#954);
#645=LINE('',#4669,#955);
#646=LINE('',#4671,#956);
#647=LINE('',#4672,#957);
#648=LINE('',#4676,#958);
#649=LINE('',#4678,#959);
#650=LINE('',#4680,#960);
#651=LINE('',#4682,#961);
#652=LINE('',#4684,#962);
#653=LINE('',#4685,#963);
#654=LINE('',#4687,#964);
#655=LINE('',#4688,#965);
#656=LINE('',#4691,#966);
#657=LINE('',#4693,#967);
#658=LINE('',#4694,#968);
#659=LINE('',#4697,#969);
#660=LINE('',#4699,#970);
#661=LINE('',#4701,#971);
#662=LINE('',#4703,#972);
#663=LINE('',#4704,#973);
#664=LINE('',#4706,#974);
#665=LINE('',#4707,#975);
#666=LINE('',#4725,#976);
#667=LINE('',#4727,#977);
#668=LINE('',#4729,#978);
#669=LINE('',#4730,#979);
#670=LINE('',#4733,#980);
#671=LINE('',#4735,#981);
#672=LINE('',#4736,#982);
#673=LINE('',#4740,#983);
#674=LINE('',#4742,#984);
#675=LINE('',#4744,#985);
#676=LINE('',#4745,#986);
#677=LINE('',#4748,#987);
#678=LINE('',#4750,#988);
#679=LINE('',#4752,#989);
#680=LINE('',#4753,#990);
#681=LINE('',#4754,#991);
#682=LINE('',#4757,#992);
#683=LINE('',#4759,#993);
#684=LINE('',#4760,#994);
#685=LINE('',#4763,#995);
#686=LINE('',#4764,#996);
#687=LINE('',#4766,#997);
#688=LINE('',#4767,#998);
#689=LINE('',#4768,#999);
#690=LINE('',#4771,#1000);
#691=LINE('',#4773,#1001);
#692=LINE('',#4775,#1002);
#693=LINE('',#4777,#1003);
#694=LINE('',#4778,#1004);
#695=LINE('',#4782,#1005);
#696=LINE('',#4784,#1006);
#697=LINE('',#4786,#1007);
#698=LINE('',#4787,#1008);
#699=LINE('',#4790,#1009);
#700=LINE('',#4792,#1010);
#701=LINE('',#4793,#1011);
#702=LINE('',#4797,#1012);
#703=LINE('',#4799,#1013);
#704=LINE('',#4801,#1014);
#705=LINE('',#4802,#1015);
#706=LINE('',#4805,#1016);
#707=LINE('',#4807,#1017);
#708=LINE('',#4809,#1018);
#709=LINE('',#4810,#1019);
#710=LINE('',#4811,#1020);
#711=LINE('',#4814,#1021);
#712=LINE('',#4816,#1022);
#713=LINE('',#4817,#1023);
#714=LINE('',#4820,#1024);
#715=LINE('',#4821,#1025);
#716=LINE('',#4823,#1026);
#717=LINE('',#4824,#1027);
#718=LINE('',#4825,#1028);
#719=LINE('',#4828,#1029);
#720=LINE('',#4830,#1030);
#721=LINE('',#4832,#1031);
#722=LINE('',#4834,#1032);
#723=LINE('',#4835,#1033);
#724=LINE('',#4839,#1034);
#725=LINE('',#4841,#1035);
#726=LINE('',#4843,#1036);
#727=LINE('',#4844,#1037);
#728=LINE('',#4847,#1038);
#729=LINE('',#4849,#1039);
#730=LINE('',#4850,#1040);
#731=LINE('',#4854,#1041);
#732=LINE('',#4856,#1042);
#733=LINE('',#4858,#1043);
#734=LINE('',#4859,#1044);
#735=LINE('',#4862,#1045);
#736=LINE('',#4864,#1046);
#737=LINE('',#4866,#1047);
#738=LINE('',#4867,#1048);
#739=LINE('',#4868,#1049);
#740=LINE('',#4871,#1050);
#741=LINE('',#4873,#1051);
#742=LINE('',#4874,#1052);
#743=LINE('',#4877,#1053);
#744=LINE('',#4878,#1054);
#745=LINE('',#4880,#1055);
#746=LINE('',#4881,#1056);
#747=LINE('',#4882,#1057);
#748=LINE('',#4885,#1058);
#749=LINE('',#4887,#1059);
#750=LINE('',#4889,#1060);
#751=LINE('',#4891,#1061);
#752=LINE('',#4892,#1062);
#753=LINE('',#4896,#1063);
#754=LINE('',#4898,#1064);
#755=LINE('',#4900,#1065);
#756=LINE('',#4901,#1066);
#757=LINE('',#4904,#1067);
#758=LINE('',#4906,#1068);
#759=LINE('',#4907,#1069);
#760=LINE('',#4911,#1070);
#761=LINE('',#4913,#1071);
#762=LINE('',#4915,#1072);
#763=LINE('',#4916,#1073);
#764=LINE('',#4919,#1074);
#765=LINE('',#4921,#1075);
#766=LINE('',#4923,#1076);
#767=LINE('',#4924,#1077);
#768=LINE('',#4925,#1078);
#769=LINE('',#4928,#1079);
#770=LINE('',#4930,#1080);
#771=LINE('',#4931,#1081);
#772=LINE('',#4934,#1082);
#773=LINE('',#4935,#1083);
#774=LINE('',#4937,#1084);
#775=LINE('',#4938,#1085);
#776=LINE('',#4939,#1086);
#777=LINE('',#4942,#1087);
#778=LINE('',#4944,#1088);
#779=LINE('',#4945,#1089);
#780=LINE('',#4946,#1090);
#781=LINE('',#4950,#1091);
#782=LINE('',#4951,#1092);
#783=LINE('',#4952,#1093);
#784=LINE('',#4962,#1094);
#785=LINE('',#4963,#1095);
#786=LINE('',#4965,#1096);
#787=LINE('',#4968,#1097);
#788=LINE('',#4970,#1098);
#789=LINE('',#4972,#1099);
#790=LINE('',#4973,#1100);
#791=LINE('',#4975,#1101);
#792=LINE('',#4976,#1102);
#793=LINE('',#4980,#1103);
#794=LINE('',#4982,#1104);
#795=LINE('',#4984,#1105);
#796=LINE('',#4986,#1106);
#797=LINE('',#4990,#1107);
#798=LINE('',#4992,#1108);
#799=LINE('',#4993,#1109);
#800=LINE('',#4995,#1110);
#801=LINE('',#4996,#1111);
#802=LINE('',#5004,#1112);
#803=LINE('',#5006,#1113);
#804=LINE('',#5008,#1114);
#805=LINE('',#5010,#1115);
#806=LINE('',#5011,#1116);
#807=LINE('',#5016,#1117);
#808=LINE('',#5017,#1118);
#809=LINE('',#5019,#1119);
#810=LINE('',#5021,#1120);
#811=LINE('',#5023,#1121);
#812=LINE('',#5025,#1122);
#813=LINE('',#5026,#1123);
#814=LINE('',#5030,#1124);
#815=LINE('',#5032,#1125);
#816=LINE('',#5034,#1126);
#817=LINE('',#5035,#1127);
#818=LINE('',#5036,#1128);
#819=LINE('',#5038,#1129);
#820=LINE('',#5040,#1130);
#821=LINE('',#5042,#1131);
#822=LINE('',#5044,#1132);
#823=LINE('',#5045,#1133);
#824=LINE('',#5047,#1134);
#825=LINE('',#5050,#1135);
#826=LINE('',#5051,#1136);
#827=LINE('',#5052,#1137);
#828=LINE('',#5060,#1138);
#829=LINE('',#5061,#1139);
#830=LINE('',#5066,#1140);
#831=LINE('',#5068,#1141);
#832=LINE('',#5069,#1142);
#833=LINE('',#5071,#1143);
#834=LINE('',#5072,#1144);
#835=LINE('',#5077,#1145);
#836=LINE('',#5078,#1146);
#837=LINE('',#5079,#1147);
#838=LINE('',#5081,#1148);
#839=LINE('',#5082,#1149);
#840=LINE('',#5085,#1150);
#841=LINE('',#5086,#1151);
#842=LINE('',#5088,#1152);
#843=LINE('',#5089,#1153);
#844=LINE('',#5090,#1154);
#845=LINE('',#5092,#1155);
#846=LINE('',#5095,#1156);
#847=LINE('',#5096,#1157);
#848=LINE('',#5099,#1158);
#849=LINE('',#5103,#1159);
#850=LINE('',#5106,#1160);
#851=LINE('',#5114,#1161);
#852=LINE('',#5121,#1162);
#853=LINE('',#5122,#1163);
#854=LINE('',#5123,#1164);
#855=LINE('',#5125,#1165);
#856=LINE('',#5127,#1166);
#857=LINE('',#5129,#1167);
#858=LINE('',#5130,#1168);
#859=LINE('',#5133,#1169);
#860=LINE('',#5135,#1170);
#861=LINE('',#5136,#1171);
#862=LINE('',#5140,#1172);
#863=LINE('',#5143,#1173);
#864=LINE('',#5144,#1174);
#865=LINE('',#5146,#1175);
#866=LINE('',#5152,#1176);
#867=LINE('',#5153,#1177);
#868=LINE('',#5157,#1178);
#869=LINE('',#5159,#1179);
#870=LINE('',#5165,#1180);
#871=LINE('',#5170,#1181);
#872=LINE('',#5176,#1182);
#873=LINE('',#5181,#1183);
#874=LINE('',#5187,#1184);
#875=LINE('',#5192,#1185);
#876=LINE('',#5198,#1186);
#877=LINE('',#5203,#1187);
#878=LINE('',#5208,#1188);
#879=LINE('',#5221,#1189);
#880=LINE('',#5236,#1190);
#881=LINE('',#5252,#1191);
#882=LINE('',#5266,#1192);
#883=LINE('',#5279,#1193);
#884=LINE('',#5290,#1194);
#885=LINE('',#5301,#1195);
#886=LINE('',#5317,#1196);
#887=LINE('',#5320,#1197);
#888=LINE('',#5323,#1198);
#889=LINE('',#5338,#1199);
#890=LINE('',#5342,#1200);
#891=LINE('',#5350,#1201);
#892=LINE('',#5353,#1202);
#893=LINE('',#5361,#1203);
#894=LINE('',#5364,#1204);
#895=LINE('',#5370,#1205);
#896=LINE('',#5375,#1206);
#897=LINE('',#5381,#1207);
#898=LINE('',#5386,#1208);
#899=LINE('',#5388,#1209);
#900=VECTOR('',#3495,0.295275590551181);
#901=VECTOR('',#3496,0.393700787401575);
#902=VECTOR('',#3497,0.393700787401575);
#903=VECTOR('',#3500,0.393700787401575);
#904=VECTOR('',#3503,0.295275590551181);
#905=VECTOR('',#3508,0.375);
#906=VECTOR('',#3513,0.393700787401575);
#907=VECTOR('',#3514,0.393700787401575);
#908=VECTOR('',#3515,0.393700787401575);
#909=VECTOR('',#3516,0.393700787401575);
#910=VECTOR('',#3517,0.393700787401575);
#911=VECTOR('',#3518,0.393700787401575);
#912=VECTOR('',#3519,0.393700787401575);
#913=VECTOR('',#3520,0.393700787401575);
#914=VECTOR('',#3521,0.393700787401575);
#915=VECTOR('',#3522,0.393700787401575);
#916=VECTOR('',#3533,0.375);
#917=VECTOR('',#3540,0.375);
#918=VECTOR('',#3549,0.393700787401575);
#919=VECTOR('',#3556,0.142385580708661);
#920=VECTOR('',#3595,0.393700787401575);
#921=VECTOR('',#3596,0.393700787401575);
#922=VECTOR('',#3597,0.393700787401575);
#923=VECTOR('',#3602,0.393700787401575);
#924=VECTOR('',#3603,0.393700787401575);
#925=VECTOR('',#3604,0.393700787401575);
#926=VECTOR('',#3605,0.393700787401575);
#927=VECTOR('',#3606,0.393700787401575);
#928=VECTOR('',#3607,0.393700787401575);
#929=VECTOR('',#3608,0.393700787401575);
#930=VECTOR('',#3615,0.393700787401575);
#931=VECTOR('',#3616,0.393700787401575);
#932=VECTOR('',#3617,0.393700787401575);
#933=VECTOR('',#3620,0.393700787401575);
#934=VECTOR('',#3621,0.393700787401575);
#935=VECTOR('',#3624,0.393700787401575);
#936=VECTOR('',#3625,0.393700787401575);
#937=VECTOR('',#3628,0.393700787401575);
#938=VECTOR('',#3629,0.393700787401575);
#939=VECTOR('',#3630,0.393700787401575);
#940=VECTOR('',#3631,0.393700787401575);
#941=VECTOR('',#3634,0.393700787401575);
#942=VECTOR('',#3637,0.393700787401575);
#943=VECTOR('',#3638,0.393700787401575);
#944=VECTOR('',#3641,0.393700787401575);
#945=VECTOR('',#3642,0.393700787401575);
#946=VECTOR('',#3643,0.393700787401575);
#947=VECTOR('',#3646,0.393700787401575);
#948=VECTOR('',#3649,0.393700787401575);
#949=VECTOR('',#3650,0.393700787401575);
#950=VECTOR('',#3651,0.393700787401575);
#951=VECTOR('',#3652,0.393700787401575);
#952=VECTOR('',#3655,0.393700787401575);
#953=VECTOR('',#3656,0.393700787401575);
#954=VECTOR('',#3657,0.393700787401575);
#955=VECTOR('',#3660,0.393700787401575);
#956=VECTOR('',#3661,0.393700787401575);
#957=VECTOR('',#3662,0.393700787401575);
#958=VECTOR('',#3665,0.393700787401575);
#959=VECTOR('',#3666,0.393700787401575);
#960=VECTOR('',#3667,0.393700787401575);
#961=VECTOR('',#3668,0.393700787401575);
#962=VECTOR('',#3669,0.393700787401575);
#963=VECTOR('',#3670,0.393700787401575);
#964=VECTOR('',#3673,0.393700787401575);
#965=VECTOR('',#3674,0.393700787401575);
#966=VECTOR('',#3677,0.393700787401575);
#967=VECTOR('',#3678,0.393700787401575);
#968=VECTOR('',#3679,0.393700787401575);
#969=VECTOR('',#3682,0.393700787401575);
#970=VECTOR('',#3683,0.393700787401575);
#971=VECTOR('',#3684,0.393700787401575);
#972=VECTOR('',#3685,0.393700787401575);
#973=VECTOR('',#3686,0.393700787401575);
#974=VECTOR('',#3689,0.393700787401575);
#975=VECTOR('',#3690,0.393700787401575);
#976=VECTOR('',#3713,0.393700787401575);
#977=VECTOR('',#3714,0.393700787401575);
#978=VECTOR('',#3715,0.393700787401575);
#979=VECTOR('',#3716,0.393700787401575);
#980=VECTOR('',#3719,0.393700787401575);
#981=VECTOR('',#3720,0.393700787401575);
#982=VECTOR('',#3721,0.393700787401575);
#983=VECTOR('',#3724,0.393700787401575);
#984=VECTOR('',#3725,0.393700787401575);
#985=VECTOR('',#3726,0.393700787401575);
#986=VECTOR('',#3727,0.393700787401575);
#987=VECTOR('',#3730,0.393700787401575);
#988=VECTOR('',#3731,0.393700787401575);
#989=VECTOR('',#3732,0.393700787401575);
#990=VECTOR('',#3733,0.393700787401575);
#991=VECTOR('',#3734,0.393700787401575);
#992=VECTOR('',#3737,0.393700787401575);
#993=VECTOR('',#3738,0.393700787401575);
#994=VECTOR('',#3739,0.393700787401575);
#995=VECTOR('',#3742,0.393700787401575);
#996=VECTOR('',#3743,0.393700787401575);
#997=VECTOR('',#3746,0.393700787401575);
#998=VECTOR('',#3747,0.393700787401575);
#999=VECTOR('',#3748,0.393700787401575);
#1000=VECTOR('',#3751,0.393700787401575);
#1001=VECTOR('',#3752,0.393700787401575);
#1002=VECTOR('',#3753,0.393700787401575);
#1003=VECTOR('',#3754,0.393700787401575);
#1004=VECTOR('',#3755,0.393700787401575);
#1005=VECTOR('',#3758,0.393700787401575);
#1006=VECTOR('',#3759,0.393700787401575);
#1007=VECTOR('',#3760,0.393700787401575);
#1008=VECTOR('',#3761,0.393700787401575);
#1009=VECTOR('',#3764,0.393700787401575);
#1010=VECTOR('',#3765,0.393700787401575);
#1011=VECTOR('',#3766,0.393700787401575);
#1012=VECTOR('',#3769,0.393700787401575);
#1013=VECTOR('',#3770,0.393700787401575);
#1014=VECTOR('',#3771,0.393700787401575);
#1015=VECTOR('',#3772,0.393700787401575);
#1016=VECTOR('',#3775,0.393700787401575);
#1017=VECTOR('',#3776,0.393700787401575);
#1018=VECTOR('',#3777,0.393700787401575);
#1019=VECTOR('',#3778,0.393700787401575);
#1020=VECTOR('',#3779,0.393700787401575);
#1021=VECTOR('',#3782,0.393700787401575);
#1022=VECTOR('',#3783,0.393700787401575);
#1023=VECTOR('',#3784,0.393700787401575);
#1024=VECTOR('',#3787,0.393700787401575);
#1025=VECTOR('',#3788,0.393700787401575);
#1026=VECTOR('',#3791,0.393700787401575);
#1027=VECTOR('',#3792,0.393700787401575);
#1028=VECTOR('',#3793,0.393700787401575);
#1029=VECTOR('',#3796,0.393700787401575);
#1030=VECTOR('',#3797,0.393700787401575);
#1031=VECTOR('',#3798,0.393700787401575);
#1032=VECTOR('',#3799,0.393700787401575);
#1033=VECTOR('',#3800,0.393700787401575);
#1034=VECTOR('',#3803,0.393700787401575);
#1035=VECTOR('',#3804,0.393700787401575);
#1036=VECTOR('',#3805,0.393700787401575);
#1037=VECTOR('',#3806,0.393700787401575);
#1038=VECTOR('',#3809,0.393700787401575);
#1039=VECTOR('',#3810,0.393700787401575);
#1040=VECTOR('',#3811,0.393700787401575);
#1041=VECTOR('',#3814,0.393700787401575);
#1042=VECTOR('',#3815,0.393700787401575);
#1043=VECTOR('',#3816,0.393700787401575);
#1044=VECTOR('',#3817,0.393700787401575);
#1045=VECTOR('',#3820,0.393700787401575);
#1046=VECTOR('',#3821,0.393700787401575);
#1047=VECTOR('',#3822,0.393700787401575);
#1048=VECTOR('',#3823,0.393700787401575);
#1049=VECTOR('',#3824,0.393700787401575);
#1050=VECTOR('',#3827,0.393700787401575);
#1051=VECTOR('',#3828,0.393700787401575);
#1052=VECTOR('',#3829,0.393700787401575);
#1053=VECTOR('',#3832,0.393700787401575);
#1054=VECTOR('',#3833,0.393700787401575);
#1055=VECTOR('',#3836,0.393700787401575);
#1056=VECTOR('',#3837,0.393700787401575);
#1057=VECTOR('',#3838,0.393700787401575);
#1058=VECTOR('',#3841,0.393700787401575);
#1059=VECTOR('',#3842,0.393700787401575);
#1060=VECTOR('',#3843,0.393700787401575);
#1061=VECTOR('',#3844,0.393700787401575);
#1062=VECTOR('',#3845,0.393700787401575);
#1063=VECTOR('',#3848,0.393700787401575);
#1064=VECTOR('',#3849,0.393700787401575);
#1065=VECTOR('',#3850,0.393700787401575);
#1066=VECTOR('',#3851,0.393700787401575);
#1067=VECTOR('',#3854,0.393700787401575);
#1068=VECTOR('',#3855,0.393700787401575);
#1069=VECTOR('',#3856,0.393700787401575);
#1070=VECTOR('',#3859,0.393700787401575);
#1071=VECTOR('',#3860,0.393700787401575);
#1072=VECTOR('',#3861,0.393700787401575);
#1073=VECTOR('',#3862,0.393700787401575);
#1074=VECTOR('',#3865,0.393700787401575);
#1075=VECTOR('',#3866,0.393700787401575);
#1076=VECTOR('',#3867,0.393700787401575);
#1077=VECTOR('',#3868,0.393700787401575);
#1078=VECTOR('',#3869,0.393700787401575);
#1079=VECTOR('',#3872,0.393700787401575);
#1080=VECTOR('',#3873,0.393700787401575);
#1081=VECTOR('',#3874,0.393700787401575);
#1082=VECTOR('',#3877,0.393700787401575);
#1083=VECTOR('',#3878,0.393700787401575);
#1084=VECTOR('',#3881,0.393700787401575);
#1085=VECTOR('',#3882,0.393700787401575);
#1086=VECTOR('',#3883,0.393700787401575);
#1087=VECTOR('',#3886,0.393700787401575);
#1088=VECTOR('',#3887,0.393700787401575);
#1089=VECTOR('',#3888,0.393700787401575);
#1090=VECTOR('',#3889,0.393700787401575);
#1091=VECTOR('',#3892,0.393700787401575);
#1092=VECTOR('',#3893,0.393700787401575);
#1093=VECTOR('',#3894,0.393700787401575);
#1094=VECTOR('',#3903,0.393700787401575);
#1095=VECTOR('',#3904,0.393700787401575);
#1096=VECTOR('',#3905,0.393700787401575);
#1097=VECTOR('',#3908,0.393700787401575);
#1098=VECTOR('',#3909,0.393700787401575);
#1099=VECTOR('',#3910,0.393700787401575);
#1100=VECTOR('',#3911,0.393700787401575);
#1101=VECTOR('',#3912,0.393700787401575);
#1102=VECTOR('',#3913,0.393700787401575);
#1103=VECTOR('',#3916,0.393700787401575);
#1104=VECTOR('',#3917,0.393700787401575);
#1105=VECTOR('',#3918,0.393700787401575);
#1106=VECTOR('',#3919,0.393700787401575);
#1107=VECTOR('',#3922,0.393700787401575);
#1108=VECTOR('',#3923,0.393700787401575);
#1109=VECTOR('',#3924,0.393700787401575);
#1110=VECTOR('',#3925,0.393700787401575);
#1111=VECTOR('',#3926,0.393700787401575);
#1112=VECTOR('',#3933,0.393700787401575);
#1113=VECTOR('',#3934,0.393700787401575);
#1114=VECTOR('',#3935,0.393700787401575);
#1115=VECTOR('',#3936,0.393700787401575);
#1116=VECTOR('',#3937,0.393700787401575);
#1117=VECTOR('',#3942,0.393700787401575);
#1118=VECTOR('',#3943,0.393700787401575);
#1119=VECTOR('',#3944,0.393700787401575);
#1120=VECTOR('',#3945,0.393700787401575);
#1121=VECTOR('',#3946,0.393700787401575);
#1122=VECTOR('',#3947,0.393700787401575);
#1123=VECTOR('',#3948,0.393700787401575);
#1124=VECTOR('',#3951,0.393700787401575);
#1125=VECTOR('',#3952,0.393700787401575);
#1126=VECTOR('',#3953,0.393700787401575);
#1127=VECTOR('',#3954,0.393700787401575);
#1128=VECTOR('',#3955,0.393700787401575);
#1129=VECTOR('',#3956,0.393700787401575);
#1130=VECTOR('',#3957,0.393700787401575);
#1131=VECTOR('',#3958,0.393700787401575);
#1132=VECTOR('',#3959,0.393700787401575);
#1133=VECTOR('',#3960,0.393700787401575);
#1134=VECTOR('',#3963,0.393700787401575);
#1135=VECTOR('',#3966,0.393700787401575);
#1136=VECTOR('',#3967,0.393700787401575);
#1137=VECTOR('',#3968,0.393700787401575);
#1138=VECTOR('',#3979,0.393700787401575);
#1139=VECTOR('',#3980,0.393700787401575);
#1140=VECTOR('',#3985,0.393700787401575);
#1141=VECTOR('',#3986,0.393700787401575);
#1142=VECTOR('',#3987,0.393700787401575);
#1143=VECTOR('',#3988,0.393700787401575);
#1144=VECTOR('',#3989,0.393700787401575);
#1145=VECTOR('',#3994,0.393700787401575);
#1146=VECTOR('',#3995,0.393700787401575);
#1147=VECTOR('',#3996,0.393700787401575);
#1148=VECTOR('',#3997,0.393700787401575);
#1149=VECTOR('',#3998,0.393700787401575);
#1150=VECTOR('',#4001,0.393700787401575);
#1151=VECTOR('',#4002,0.393700787401575);
#1152=VECTOR('',#4003,0.393700787401575);
#1153=VECTOR('',#4004,0.393700787401575);
#1154=VECTOR('',#4005,0.393700787401575);
#1155=VECTOR('',#4008,0.393700787401575);
#1156=VECTOR('',#4011,0.393700787401575);
#1157=VECTOR('',#4012,0.393700787401575);
#1158=VECTOR('',#4017,0.393700787401575);
#1159=VECTOR('',#4022,0.0885826771653543);
#1160=VECTOR('',#4027,0.177165354330709);
#1161=VECTOR('',#4036,0.108267716535433);
#1162=VECTOR('',#4047,0.393700787401575);
#1163=VECTOR('',#4048,0.393700787401575);
#1164=VECTOR('',#4049,0.393700787401575);
#1165=VECTOR('',#4052,0.393700787401575);
#1166=VECTOR('',#4055,0.393700787401575);
#1167=VECTOR('',#4058,0.393700787401575);
#1168=VECTOR('',#4059,0.393700787401575);
#1169=VECTOR('',#4064,0.393700787401575);
#1170=VECTOR('',#4067,0.393700787401575);
#1171=VECTOR('',#4068,0.393700787401575);
#1172=VECTOR('',#4073,0.393700787401575);
#1173=VECTOR('',#4078,0.393700787401575);
#1174=VECTOR('',#4079,0.393700787401575);
#1175=VECTOR('',#4082,0.393700787401575);
#1176=VECTOR('',#4091,0.393700787401575);
#1177=VECTOR('',#4092,0.393700787401575);
#1178=VECTOR('',#4099,0.393700787401575);
#1179=VECTOR('',#4102,0.393700787401575);
#1180=VECTOR('',#4107,0.178736712598425);
#1181=VECTOR('',#4116,0.196850393700787);
#1182=VECTOR('',#4121,0.178736712598425);
#1183=VECTOR('',#4130,0.196850393700787);
#1184=VECTOR('',#4135,0.178736712598425);
#1185=VECTOR('',#4144,0.196850393700787);
#1186=VECTOR('',#4149,0.178736712598425);
#1187=VECTOR('',#4158,0.196850393700787);
#1188=VECTOR('',#4163,0.167322834645669);
#1189=VECTOR('',#4180,0.167322834645669);
#1190=VECTOR('',#4201,0.167322834645669);
#1191=VECTOR('',#4224,0.167322834645669);
#1192=VECTOR('',#4245,0.167322834645669);
#1193=VECTOR('',#4264,0.167322834645669);
#1194=VECTOR('',#4279,0.167322834645669);
#1195=VECTOR('',#4294,0.167322834645669);
#1196=VECTOR('',#4315,0.142385580708661);
#1197=VECTOR('',#4320,0.15748031496063);
#1198=VECTOR('',#4323,0.255905511811024);
#1199=VECTOR('',#4342,0.142385580708661);
#1200=VECTOR('',#4349,0.15748031496063);
#1201=VECTOR('',#4358,0.142385580708661);
#1202=VECTOR('',#4363,0.15748031496063);
#1203=VECTOR('',#4372,0.14238188976378);
#1204=VECTOR('',#4377,0.157480314960631);
#1205=VECTOR('',#4382,0.178736712598425);
#1206=VECTOR('',#4391,0.196850393700787);
#1207=VECTOR('',#4396,0.178736712598425);
#1208=VECTOR('',#4405,0.196850393700787);
#1209=VECTOR('',#4408,0.393700787401575);
#1210=CIRCLE('',#3181,0.295275590551181);
#1211=CIRCLE('',#3182,0.295275590551181);
#1212=CIRCLE('',#3185,0.375);
#1213=CIRCLE('',#3186,0.375);
#1214=CIRCLE('',#3188,0.375);
#1215=CIRCLE('',#3189,0.148295777867327);
#1216=CIRCLE('',#3190,0.148295777867328);
#1217=CIRCLE('',#3191,0.375);
#1218=CIRCLE('',#3193,0.375);
#1219=CIRCLE('',#3195,0.375);
#1220=CIRCLE('',#3201,0.146010544673194);
#1221=CIRCLE('',#3202,0.146010544673194);
#1222=CIRCLE('',#3203,0.127290846456693);
#1223=CIRCLE('',#3206,0.128711409297132);
#1224=CIRCLE('',#3209,0.128711409297132);
#1225=CIRCLE('',#3212,0.148295777867327);
#1226=CIRCLE('',#3213,0.128711409297132);
#1227=CIRCLE('',#3216,0.148295777867327);
#1228=CIRCLE('',#3217,0.128711409297132);
#1229=CIRCLE('',#3220,0.167322834645669);
#1230=CIRCLE('',#3221,0.167322834645669);
#1231=CIRCLE('',#3222,0.167322834645669);
#1232=CIRCLE('',#3223,0.167322834645669);
#1233=CIRCLE('',#3224,0.167322834645669);
#1234=CIRCLE('',#3225,0.167322834645669);
#1235=CIRCLE('',#3243,0.145540217519355);
#1236=CIRCLE('',#3244,0.0295275590551181);
#1237=CIRCLE('',#3245,0.196683450026311);
#1238=CIRCLE('',#3248,0.145540217519355);
#1239=CIRCLE('',#3249,0.0295275590551181);
#1240=CIRCLE('',#3250,0.196683450026311);
#1241=CIRCLE('',#3285,0.196850393700787);
#1242=CIRCLE('',#3286,0.196850393700787);
#1243=CIRCLE('',#3287,0.196850393700787);
#1244=CIRCLE('',#3289,0.295275590551181);
#1245=CIRCLE('',#3291,0.31496062992126);
#1246=CIRCLE('',#3292,0.157480314960631);
#1247=CIRCLE('',#3293,0.15748031496063);
#1248=CIRCLE('',#3295,0.15748031496063);
#1249=CIRCLE('',#3300,0.196850393700787);
#1250=CIRCLE('',#3302,0.177165354330709);
#1251=CIRCLE('',#3303,0.177165354330709);
#1252=CIRCLE('',#3304,0.216535433070866);
#1253=CIRCLE('',#3305,0.196850393700787);
#1254=CIRCLE('',#3307,0.15748031496063);
#1255=CIRCLE('',#3316,0.177165354330709);
#1256=CIRCLE('',#3319,0.216535433070866);
#1257=CIRCLE('',#3321,0.196850393700787);
#1258=CIRCLE('',#3322,0.216535433070866);
#1259=CIRCLE('',#3323,0.216535433070866);
#1260=CIRCLE('',#3324,0.196850393700787);
#1261=CIRCLE('',#3335,0.295275590551181);
#1262=CIRCLE('',#3340,0.255905511811024);
#1263=CIRCLE('',#3347,0.196850393700787);
#1264=CIRCLE('',#3348,0.160623031496063);
#1265=CIRCLE('',#3349,0.196850393700787);
#1266=CIRCLE('',#3353,0.196850393700787);
#1267=CIRCLE('',#3354,0.160623031496063);
#1268=CIRCLE('',#3355,0.196850393700787);
#1269=CIRCLE('',#3359,0.196850393700787);
#1270=CIRCLE('',#3360,0.160623031496063);
#1271=CIRCLE('',#3361,0.196850393700787);
#1272=CIRCLE('',#3365,0.196850393700787);
#1273=CIRCLE('',#3366,0.160623031496063);
#1274=CIRCLE('',#3367,0.196850393700787);
#1275=CIRCLE('',#3371,0.167322834645669);
#1276=CIRCLE('',#3372,0.167322834645669);
#1277=CIRCLE('',#3373,0.167322834645669);
#1278=CIRCLE('',#3375,0.0196850393700787);
#1279=CIRCLE('',#3376,0.147637795275591);
#1280=CIRCLE('',#3379,0.167322834645669);
#1281=CIRCLE('',#3380,0.167322834645669);
#1282=CIRCLE('',#3381,0.167322834645669);
#1283=CIRCLE('',#3383,0.0196850393700787);
#1284=CIRCLE('',#3384,0.147637795275591);
#1285=CIRCLE('',#3387,0.167322834645669);
#1286=CIRCLE('',#3388,0.167322834645669);
#1287=CIRCLE('',#3389,0.167322834645669);
#1288=CIRCLE('',#3390,0.167322834645669);
#1289=CIRCLE('',#3391,0.167322834645669);
#1290=CIRCLE('',#3393,0.0196850393700787);
#1291=CIRCLE('',#3394,0.147637795275591);
#1292=CIRCLE('',#3398,0.167322834645669);
#1293=CIRCLE('',#3399,0.167322834645669);
#1294=CIRCLE('',#3400,0.167322834645669);
#1295=CIRCLE('',#3401,0.167322834645669);
#1296=CIRCLE('',#3402,0.167322834645669);
#1297=CIRCLE('',#3404,0.0196850393700787);
#1298=CIRCLE('',#3405,0.147637795275591);
#1299=CIRCLE('',#3409,0.167322834645669);
#1300=CIRCLE('',#3411,0.167322834645669);
#1301=CIRCLE('',#3412,0.167322834645669);
#1302=CIRCLE('',#3414,0.0196850393700787);
#1303=CIRCLE('',#3415,0.147637795275591);
#1304=CIRCLE('',#3418,0.167322834645669);
#1305=CIRCLE('',#3420,0.167322834645669);
#1306=CIRCLE('',#3421,0.167322834645669);
#1307=CIRCLE('',#3423,0.0196850393700787);
#1308=CIRCLE('',#3424,0.147637795275591);
#1309=CIRCLE('',#3427,0.167322834645669);
#1310=CIRCLE('',#3428,0.167322834645669);
#1311=CIRCLE('',#3430,0.0196850393700787);
#1312=CIRCLE('',#3431,0.147637795275591);
#1313=CIRCLE('',#3434,0.167322834645669);
#1314=CIRCLE('',#3435,0.167322834645669);
#1315=CIRCLE('',#3437,0.0196850393700787);
#1316=CIRCLE('',#3438,0.147637795275591);
#1317=CIRCLE('',#3441,0.127290846456693);
#1318=CIRCLE('',#3443,0.15748031496063);
#1319=CIRCLE('',#3444,0.15748031496063);
#1320=CIRCLE('',#3447,0.255905511811024);
#1321=CIRCLE('',#3448,0.255905511811024);
#1322=CIRCLE('',#3450,0.031496062992126);
#1323=CIRCLE('',#3451,0.224409448818898);
#1324=CIRCLE('',#3453,0.127290846456693);
#1325=CIRCLE('',#3455,0.15748031496063);
#1326=CIRCLE('',#3456,0.15748031496063);
#1327=CIRCLE('',#3460,0.127290846456693);
#1328=CIRCLE('',#3462,0.15748031496063);
#1329=CIRCLE('',#3463,0.15748031496063);
#1330=CIRCLE('',#3466,0.12728346456693);
#1331=CIRCLE('',#3468,0.157480314960631);
#1332=CIRCLE('',#3469,0.157480314960631);
#1333=CIRCLE('',#3472,0.196850393700787);
#1334=CIRCLE('',#3473,0.160623031496063);
#1335=CIRCLE('',#3474,0.196850393700787);
#1336=CIRCLE('',#3478,0.196850393700787);
#1337=CIRCLE('',#3479,0.160623031496063);
#1338=CIRCLE('',#3480,0.196850393700787);
#1339=VERTEX_POINT('',#4418);
#1340=VERTEX_POINT('',#4420);
#1341=VERTEX_POINT('',#4422);
#1342=VERTEX_POINT('',#4437);
#1343=VERTEX_POINT('',#4439);
#1344=VERTEX_POINT('',#4466);
#1345=VERTEX_POINT('',#4468);
#1346=VERTEX_POINT('',#4470);
#1347=VERTEX_POINT('',#4472);
#1348=VERTEX_POINT('',#4474);
#1349=VERTEX_POINT('',#4491);
#1350=VERTEX_POINT('',#4493);
#1351=VERTEX_POINT('',#4497);
#1352=VERTEX_POINT('',#4498);
#1353=VERTEX_POINT('',#4500);
#1354=VERTEX_POINT('',#4502);
#1355=VERTEX_POINT('',#4504);
#1356=VERTEX_POINT('',#4506);
#1357=VERTEX_POINT('',#4508);
#1358=VERTEX_POINT('',#4510);
#1359=VERTEX_POINT('',#4512);
#1360=VERTEX_POINT('',#4514);
#1361=VERTEX_POINT('',#4517);
#1362=VERTEX_POINT('',#4519);
#1363=VERTEX_POINT('',#4521);
#1364=VERTEX_POINT('',#4523);
#1365=VERTEX_POINT('',#4526);
#1366=VERTEX_POINT('',#4530);
#1367=VERTEX_POINT('',#4536);
#1368=VERTEX_POINT('',#4538);
#1369=VERTEX_POINT('',#4557);
#1370=VERTEX_POINT('',#4558);
#1371=VERTEX_POINT('',#4561);
#1372=VERTEX_POINT('',#4566);
#1373=VERTEX_POINT('',#4570);
#1374=VERTEX_POINT('',#4574);
#1375=VERTEX_POINT('',#4576);
#1376=VERTEX_POINT('',#4580);
#1377=VERTEX_POINT('',#4582);
#1378=VERTEX_POINT('',#4586);
#1379=VERTEX_POINT('',#4587);
#1380=VERTEX_POINT('',#4589);
#1381=VERTEX_POINT('',#4591);
#1382=VERTEX_POINT('',#4593);
#1383=VERTEX_POINT('',#4595);
#1384=VERTEX_POINT('',#4597);
#1385=VERTEX_POINT('',#4599);
#1386=VERTEX_POINT('',#4601);
#1387=VERTEX_POINT('',#4603);
#1388=VERTEX_POINT('',#4605);
#1389=VERTEX_POINT('',#4607);
#1390=VERTEX_POINT('',#4609);
#1391=VERTEX_POINT('',#4611);
#1392=VERTEX_POINT('',#4614);
#1393=VERTEX_POINT('',#4616);
#1394=VERTEX_POINT('',#4619);
#1395=VERTEX_POINT('',#4620);
#1396=VERTEX_POINT('',#4625);
#1397=VERTEX_POINT('',#4629);
#1398=VERTEX_POINT('',#4633);
#1399=VERTEX_POINT('',#4634);
#1400=VERTEX_POINT('',#4642);
#1401=VERTEX_POINT('',#4646);
#1402=VERTEX_POINT('',#4653);
#1403=VERTEX_POINT('',#4654);
#1404=VERTEX_POINT('',#4656);
#1405=VERTEX_POINT('',#4658);
#1406=VERTEX_POINT('',#4662);
#1407=VERTEX_POINT('',#4664);
#1408=VERTEX_POINT('',#4668);
#1409=VERTEX_POINT('',#4670);
#1410=VERTEX_POINT('',#4674);
#1411=VERTEX_POINT('',#4675);
#1412=VERTEX_POINT('',#4677);
#1413=VERTEX_POINT('',#4679);
#1414=VERTEX_POINT('',#4681);
#1415=VERTEX_POINT('',#4683);
#1416=VERTEX_POINT('',#4690);
#1417=VERTEX_POINT('',#4692);
#1418=VERTEX_POINT('',#4696);
#1419=VERTEX_POINT('',#4698);
#1420=VERTEX_POINT('',#4700);
#1421=VERTEX_POINT('',#4702);
#1422=VERTEX_POINT('',#4709);
#1423=VERTEX_POINT('',#4711);
#1424=VERTEX_POINT('',#4716);
#1425=VERTEX_POINT('',#4718);
#1426=VERTEX_POINT('',#4723);
#1427=VERTEX_POINT('',#4724);
#1428=VERTEX_POINT('',#4726);
#1429=VERTEX_POINT('',#4728);
#1430=VERTEX_POINT('',#4732);
#1431=VERTEX_POINT('',#4734);
#1432=VERTEX_POINT('',#4738);
#1433=VERTEX_POINT('',#4739);
#1434=VERTEX_POINT('',#4741);
#1435=VERTEX_POINT('',#4743);
#1436=VERTEX_POINT('',#4747);
#1437=VERTEX_POINT('',#4749);
#1438=VERTEX_POINT('',#4751);
#1439=VERTEX_POINT('',#4756);
#1440=VERTEX_POINT('',#4758);
#1441=VERTEX_POINT('',#4762);
#1442=VERTEX_POINT('',#4770);
#1443=VERTEX_POINT('',#4772);
#1444=VERTEX_POINT('',#4774);
#1445=VERTEX_POINT('',#4776);
#1446=VERTEX_POINT('',#4780);
#1447=VERTEX_POINT('',#4781);
#1448=VERTEX_POINT('',#4783);
#1449=VERTEX_POINT('',#4785);
#1450=VERTEX_POINT('',#4789);
#1451=VERTEX_POINT('',#4791);
#1452=VERTEX_POINT('',#4795);
#1453=VERTEX_POINT('',#4796);
#1454=VERTEX_POINT('',#4798);
#1455=VERTEX_POINT('',#4800);
#1456=VERTEX_POINT('',#4804);
#1457=VERTEX_POINT('',#4806);
#1458=VERTEX_POINT('',#4808);
#1459=VERTEX_POINT('',#4813);
#1460=VERTEX_POINT('',#4815);
#1461=VERTEX_POINT('',#4819);
#1462=VERTEX_POINT('',#4827);
#1463=VERTEX_POINT('',#4829);
#1464=VERTEX_POINT('',#4831);
#1465=VERTEX_POINT('',#4833);
#1466=VERTEX_POINT('',#4837);
#1467=VERTEX_POINT('',#4838);
#1468=VERTEX_POINT('',#4840);
#1469=VERTEX_POINT('',#4842);
#1470=VERTEX_POINT('',#4846);
#1471=VERTEX_POINT('',#4848);
#1472=VERTEX_POINT('',#4852);
#1473=VERTEX_POINT('',#4853);
#1474=VERTEX_POINT('',#4855);
#1475=VERTEX_POINT('',#4857);
#1476=VERTEX_POINT('',#4861);
#1477=VERTEX_POINT('',#4863);
#1478=VERTEX_POINT('',#4865);
#1479=VERTEX_POINT('',#4870);
#1480=VERTEX_POINT('',#4872);
#1481=VERTEX_POINT('',#4876);
#1482=VERTEX_POINT('',#4884);
#1483=VERTEX_POINT('',#4886);
#1484=VERTEX_POINT('',#4888);
#1485=VERTEX_POINT('',#4890);
#1486=VERTEX_POINT('',#4894);
#1487=VERTEX_POINT('',#4895);
#1488=VERTEX_POINT('',#4897);
#1489=VERTEX_POINT('',#4899);
#1490=VERTEX_POINT('',#4903);
#1491=VERTEX_POINT('',#4905);
#1492=VERTEX_POINT('',#4909);
#1493=VERTEX_POINT('',#4910);
#1494=VERTEX_POINT('',#4912);
#1495=VERTEX_POINT('',#4914);
#1496=VERTEX_POINT('',#4918);
#1497=VERTEX_POINT('',#4920);
#1498=VERTEX_POINT('',#4922);
#1499=VERTEX_POINT('',#4927);
#1500=VERTEX_POINT('',#4929);
#1501=VERTEX_POINT('',#4933);
#1502=VERTEX_POINT('',#4941);
#1503=VERTEX_POINT('',#4943);
#1504=VERTEX_POINT('',#4948);
#1505=VERTEX_POINT('',#4949);
#1506=VERTEX_POINT('',#4953);
#1507=VERTEX_POINT('',#4955);
#1508=VERTEX_POINT('',#4957);
#1509=VERTEX_POINT('',#4960);
#1510=VERTEX_POINT('',#4961);
#1511=VERTEX_POINT('',#4964);
#1512=VERTEX_POINT('',#4967);
#1513=VERTEX_POINT('',#4969);
#1514=VERTEX_POINT('',#4971);
#1515=VERTEX_POINT('',#4974);
#1516=VERTEX_POINT('',#4978);
#1517=VERTEX_POINT('',#4979);
#1518=VERTEX_POINT('',#4981);
#1519=VERTEX_POINT('',#4983);
#1520=VERTEX_POINT('',#4985);
#1521=VERTEX_POINT('',#4987);
#1522=VERTEX_POINT('',#4989);
#1523=VERTEX_POINT('',#4991);
#1524=VERTEX_POINT('',#4994);
#1525=VERTEX_POINT('',#4997);
#1526=VERTEX_POINT('',#4999);
#1527=VERTEX_POINT('',#5002);
#1528=VERTEX_POINT('',#5003);
#1529=VERTEX_POINT('',#5005);
#1530=VERTEX_POINT('',#5007);
#1531=VERTEX_POINT('',#5009);
#1532=VERTEX_POINT('',#5012);
#1533=VERTEX_POINT('',#5015);
#1534=VERTEX_POINT('',#5018);
#1535=VERTEX_POINT('',#5020);
#1536=VERTEX_POINT('',#5022);
#1537=VERTEX_POINT('',#5024);
#1538=VERTEX_POINT('',#5028);
#1539=VERTEX_POINT('',#5029);
#1540=VERTEX_POINT('',#5031);
#1541=VERTEX_POINT('',#5033);
#1542=VERTEX_POINT('',#5037);
#1543=VERTEX_POINT('',#5039);
#1544=VERTEX_POINT('',#5041);
#1545=VERTEX_POINT('',#5043);
#1546=VERTEX_POINT('',#5049);
#1547=VERTEX_POINT('',#5053);
#1548=VERTEX_POINT('',#5056);
#1549=VERTEX_POINT('',#5062);
#1550=VERTEX_POINT('',#5065);
#1551=VERTEX_POINT('',#5067);
#1552=VERTEX_POINT('',#5070);
#1553=VERTEX_POINT('',#5073);
#1554=VERTEX_POINT('',#5076);
#1555=VERTEX_POINT('',#5080);
#1556=VERTEX_POINT('',#5084);
#1557=VERTEX_POINT('',#5087);
#1558=VERTEX_POINT('',#5094);
#1559=VERTEX_POINT('',#5102);
#1560=VERTEX_POINT('',#5110);
#1561=VERTEX_POINT('',#5111);
#1562=VERTEX_POINT('',#5113);
#1563=VERTEX_POINT('',#5120);
#1564=VERTEX_POINT('',#5139);
#1565=VERTEX_POINT('',#5149);
#1566=VERTEX_POINT('',#5161);
#1567=VERTEX_POINT('',#5162);
#1568=VERTEX_POINT('',#5164);
#1569=VERTEX_POINT('',#5172);
#1570=VERTEX_POINT('',#5173);
#1571=VERTEX_POINT('',#5175);
#1572=VERTEX_POINT('',#5183);
#1573=VERTEX_POINT('',#5184);
#1574=VERTEX_POINT('',#5186);
#1575=VERTEX_POINT('',#5194);
#1576=VERTEX_POINT('',#5195);
#1577=VERTEX_POINT('',#5197);
#1578=VERTEX_POINT('',#5205);
#1579=VERTEX_POINT('',#5207);
#1580=VERTEX_POINT('',#5209);
#1581=VERTEX_POINT('',#5213);
#1582=VERTEX_POINT('',#5218);
#1583=VERTEX_POINT('',#5220);
#1584=VERTEX_POINT('',#5222);
#1585=VERTEX_POINT('',#5226);
#1586=VERTEX_POINT('',#5231);
#1587=VERTEX_POINT('',#5235);
#1588=VERTEX_POINT('',#5237);
#1589=VERTEX_POINT('',#5241);
#1590=VERTEX_POINT('',#5247);
#1591=VERTEX_POINT('',#5251);
#1592=VERTEX_POINT('',#5253);
#1593=VERTEX_POINT('',#5257);
#1594=VERTEX_POINT('',#5265);
#1595=VERTEX_POINT('',#5267);
#1596=VERTEX_POINT('',#5271);
#1597=VERTEX_POINT('',#5278);
#1598=VERTEX_POINT('',#5280);
#1599=VERTEX_POINT('',#5284);
#1600=VERTEX_POINT('',#5289);
#1601=VERTEX_POINT('',#5291);
#1602=VERTEX_POINT('',#5295);
#1603=VERTEX_POINT('',#5300);
#1604=VERTEX_POINT('',#5302);
#1605=VERTEX_POINT('',#5306);
#1606=VERTEX_POINT('',#5311);
#1607=VERTEX_POINT('',#5314);
#1608=VERTEX_POINT('',#5315);
#1609=VERTEX_POINT('',#5322);
#1610=VERTEX_POINT('',#5324);
#1611=VERTEX_POINT('',#5328);
#1612=VERTEX_POINT('',#5332);
#1613=VERTEX_POINT('',#5335);
#1614=VERTEX_POINT('',#5336);
#1615=VERTEX_POINT('',#5344);
#1616=VERTEX_POINT('',#5347);
#1617=VERTEX_POINT('',#5348);
#1618=VERTEX_POINT('',#5355);
#1619=VERTEX_POINT('',#5358);
#1620=VERTEX_POINT('',#5359);
#1621=VERTEX_POINT('',#5366);
#1622=VERTEX_POINT('',#5367);
#1623=VERTEX_POINT('',#5369);
#1624=VERTEX_POINT('',#5377);
#1625=VERTEX_POINT('',#5378);
#1626=VERTEX_POINT('',#5380);
#1627=EDGE_CURVE('',#1339,#1339,#1210,.T.);
#1628=EDGE_CURVE('',#1339,#1340,#590,.T.);
#1629=EDGE_CURVE('',#1340,#1341,#586,.T.);
#1630=EDGE_CURVE('',#1342,#1341,#591,.T.);
#1631=EDGE_CURVE('',#1342,#1343,#587,.T.);
#1632=EDGE_CURVE('',#1344,#1343,#592,.T.);
#1633=EDGE_CURVE('',#1345,#1344,#1211,.T.);
#1634=EDGE_CURVE('',#1346,#1345,#593,.T.);
#1635=EDGE_CURVE('',#1347,#1346,#584,.T.);
#1636=EDGE_CURVE('',#1348,#1347,#594,.T.);
#1637=EDGE_CURVE('',#1348,#1340,#588,.T.);
#1638=EDGE_CURVE('',#1349,#1349,#1212,.T.);
#1639=EDGE_CURVE('',#1349,#1350,#595,.T.);
#1640=EDGE_CURVE('',#1350,#1350,#1213,.T.);
#1641=EDGE_CURVE('',#1351,#1352,#596,.T.);
#1642=EDGE_CURVE('',#1352,#1353,#597,.T.);
#1643=EDGE_CURVE('',#1353,#1354,#598,.T.);
#1644=EDGE_CURVE('',#1354,#1355,#599,.T.);
#1645=EDGE_CURVE('',#1355,#1356,#600,.T.);
#1646=EDGE_CURVE('',#1356,#1357,#601,.T.);
#1647=EDGE_CURVE('',#1357,#1358,#602,.T.);
#1648=EDGE_CURVE('',#1358,#1359,#603,.T.);
#1649=EDGE_CURVE('',#1359,#1360,#604,.T.);
#1650=EDGE_CURVE('',#1360,#1351,#605,.T.);
#1651=EDGE_CURVE('',#1361,#1361,#1214,.T.);
#1652=EDGE_CURVE('',#1362,#1362,#1215,.T.);
#1653=EDGE_CURVE('',#1363,#1363,#1216,.T.);
#1654=EDGE_CURVE('',#1364,#1364,#1217,.T.);
#1655=EDGE_CURVE('',#1361,#1365,#606,.T.);
#1656=EDGE_CURVE('',#1365,#1365,#1218,.T.);
#1657=EDGE_CURVE('',#1366,#1366,#1219,.T.);
#1658=EDGE_CURVE('',#1366,#1364,#607,.T.);
#1659=EDGE_CURVE('',#1367,#1347,#585,.T.);
#1660=EDGE_CURVE('',#1368,#1367,#608,.T.);
#1661=EDGE_CURVE('',#1368,#1348,#589,.T.);
#1662=EDGE_CURVE('',#1369,#1370,#1220,.T.);
#1663=EDGE_CURVE('',#1370,#1369,#1221,.T.);
#1664=EDGE_CURVE('',#1370,#1371,#609,.T.);
#1665=EDGE_CURVE('',#1371,#1371,#1222,.T.);
#1666=EDGE_CURVE('',#1372,#1372,#1223,.T.);
#1667=EDGE_CURVE('',#1373,#1373,#1224,.T.);
#1668=EDGE_CURVE('',#1374,#1374,#1225,.T.);
#1669=EDGE_CURVE('',#1375,#1375,#1226,.T.);
#1670=EDGE_CURVE('',#1376,#1376,#1227,.T.);
#1671=EDGE_CURVE('',#1377,#1377,#1228,.T.);
#1672=EDGE_CURVE('',#1378,#1379,#1229,.T.);
#1673=EDGE_CURVE('',#1379,#1380,#1230,.T.);
#1674=EDGE_CURVE('',#1381,#1380,#610,.T.);
#1675=EDGE_CURVE('',#1382,#1381,#611,.T.);
#1676=EDGE_CURVE('',#1383,#1382,#612,.T.);
#1677=EDGE_CURVE('',#1383,#1384,#1231,.T.);
#1678=EDGE_CURVE('',#1384,#1385,#1232,.T.);
#1679=EDGE_CURVE('',#1386,#1385,#613,.T.);
#1680=EDGE_CURVE('',#1387,#1386,#614,.T.);
#1681=EDGE_CURVE('',#1388,#1387,#615,.T.);
#1682=EDGE_CURVE('',#1389,#1388,#616,.T.);
#1683=EDGE_CURVE('',#1390,#1389,#617,.T.);
#1684=EDGE_CURVE('',#1391,#1390,#618,.T.);
#1685=EDGE_CURVE('',#1378,#1391,#619,.T.);
#1686=EDGE_CURVE('',#1392,#1392,#1233,.T.);
#1687=EDGE_CURVE('',#1393,#1393,#1234,.T.);
#1688=EDGE_CURVE('',#1394,#1395,#620,.T.);
#1689=EDGE_CURVE('',#1394,#1390,#621,.T.);
#1690=EDGE_CURVE('',#1389,#1395,#622,.T.);
#1691=EDGE_CURVE('',#1396,#1388,#623,.T.);
#1692=EDGE_CURVE('',#1395,#1396,#624,.T.);
#1693=EDGE_CURVE('',#1396,#1397,#625,.T.);
#1694=EDGE_CURVE('',#1387,#1397,#626,.T.);
#1695=EDGE_CURVE('',#1398,#1399,#627,.T.);
#1696=EDGE_CURVE('',#1386,#1398,#628,.T.);
#1697=EDGE_CURVE('',#1385,#1383,#629,.T.);
#1698=EDGE_CURVE('',#1382,#1399,#630,.T.);
#1699=EDGE_CURVE('',#1397,#1398,#631,.T.);
#1700=EDGE_CURVE('',#1400,#1394,#632,.T.);
#1701=EDGE_CURVE('',#1391,#1400,#633,.T.);
#1702=EDGE_CURVE('',#1401,#1400,#634,.T.);
#1703=EDGE_CURVE('',#1381,#1401,#635,.T.);
#1704=EDGE_CURVE('',#1380,#1378,#636,.T.);
#1705=EDGE_CURVE('',#1399,#1401,#637,.T.);
#1706=EDGE_CURVE('',#1402,#1403,#638,.T.);
#1707=EDGE_CURVE('',#1402,#1404,#639,.T.);
#1708=EDGE_CURVE('',#1404,#1405,#640,.T.);
#1709=EDGE_CURVE('',#1405,#1403,#641,.T.);
#1710=EDGE_CURVE('',#1405,#1406,#642,.T.);
#1711=EDGE_CURVE('',#1407,#1406,#643,.T.);
#1712=EDGE_CURVE('',#1403,#1407,#644,.T.);
#1713=EDGE_CURVE('',#1407,#1408,#645,.T.);
#1714=EDGE_CURVE('',#1406,#1409,#646,.T.);
#1715=EDGE_CURVE('',#1409,#1408,#647,.T.);
#1716=EDGE_CURVE('',#1410,#1411,#648,.T.);
#1717=EDGE_CURVE('',#1412,#1410,#649,.T.);
#1718=EDGE_CURVE('',#1412,#1413,#650,.T.);
#1719=EDGE_CURVE('',#1413,#1414,#651,.T.);
#1720=EDGE_CURVE('',#1414,#1415,#652,.T.);
#1721=EDGE_CURVE('',#1415,#1411,#653,.T.);
#1722=EDGE_CURVE('',#1409,#1412,#654,.T.);
#1723=EDGE_CURVE('',#1408,#1410,#655,.T.);
#1724=EDGE_CURVE('',#1416,#1402,#656,.T.);
#1725=EDGE_CURVE('',#1417,#1416,#657,.T.);
#1726=EDGE_CURVE('',#1417,#1404,#658,.T.);
#1727=EDGE_CURVE('',#1418,#1416,#659,.T.);
#1728=EDGE_CURVE('',#1419,#1418,#660,.T.);
#1729=EDGE_CURVE('',#1419,#1420,#661,.T.);
#1730=EDGE_CURVE('',#1420,#1421,#662,.T.);
#1731=EDGE_CURVE('',#1421,#1417,#663,.T.);
#1732=EDGE_CURVE('',#1411,#1418,#664,.T.);
#1733=EDGE_CURVE('',#1415,#1419,#665,.T.);
#1734=EDGE_CURVE('',#1422,#1422,#1235,.T.);
#1735=EDGE_CURVE('',#1422,#1423,#1236,.T.);
#1736=EDGE_CURVE('',#1423,#1423,#1237,.T.);
#1737=EDGE_CURVE('',#1424,#1424,#1238,.T.);
#1738=EDGE_CURVE('',#1424,#1425,#1239,.T.);
#1739=EDGE_CURVE('',#1425,#1425,#1240,.T.);
#1740=EDGE_CURVE('',#1426,#1427,#666,.T.);
#1741=EDGE_CURVE('',#1426,#1428,#667,.T.);
#1742=EDGE_CURVE('',#1428,#1429,#668,.T.);
#1743=EDGE_CURVE('',#1427,#1429,#669,.T.);
#1744=EDGE_CURVE('',#1430,#1428,#670,.T.);
#1745=EDGE_CURVE('',#1431,#1430,#671,.T.);
#1746=EDGE_CURVE('',#1429,#1431,#672,.T.);
#1747=EDGE_CURVE('',#1432,#1433,#673,.T.);
#1748=EDGE_CURVE('',#1434,#1433,#674,.T.);
#1749=EDGE_CURVE('',#1434,#1435,#675,.T.);
#1750=EDGE_CURVE('',#1432,#1435,#676,.T.);
#1751=EDGE_CURVE('',#1436,#1434,#677,.T.);
#1752=EDGE_CURVE('',#1437,#1436,#678,.T.);
#1753=EDGE_CURVE('',#1438,#1437,#679,.T.);
#1754=EDGE_CURVE('',#1438,#1430,#680,.T.);
#1755=EDGE_CURVE('',#1435,#1426,#681,.T.);
#1756=EDGE_CURVE('',#1439,#1436,#682,.T.);
#1757=EDGE_CURVE('',#1439,#1440,#683,.T.);
#1758=EDGE_CURVE('',#1437,#1440,#684,.T.);
#1759=EDGE_CURVE('',#1441,#1438,#685,.T.);
#1760=EDGE_CURVE('',#1441,#1431,#686,.T.);
#1761=EDGE_CURVE('',#1427,#1432,#687,.T.);
#1762=EDGE_CURVE('',#1440,#1441,#688,.T.);
#1763=EDGE_CURVE('',#1433,#1439,#689,.T.);
#1764=EDGE_CURVE('',#1442,#1426,#690,.T.);
#1765=EDGE_CURVE('',#1442,#1443,#691,.T.);
#1766=EDGE_CURVE('',#1443,#1444,#692,.T.);
#1767=EDGE_CURVE('',#1445,#1444,#693,.T.);
#1768=EDGE_CURVE('',#1427,#1445,#694,.T.);
#1769=EDGE_CURVE('',#1446,#1447,#695,.T.);
#1770=EDGE_CURVE('',#1446,#1448,#696,.T.);
#1771=EDGE_CURVE('',#1448,#1449,#697,.T.);
#1772=EDGE_CURVE('',#1447,#1449,#698,.T.);
#1773=EDGE_CURVE('',#1450,#1448,#699,.T.);
#1774=EDGE_CURVE('',#1451,#1450,#700,.T.);
#1775=EDGE_CURVE('',#1449,#1451,#701,.T.);
#1776=EDGE_CURVE('',#1452,#1453,#702,.T.);
#1777=EDGE_CURVE('',#1454,#1453,#703,.T.);
#1778=EDGE_CURVE('',#1454,#1455,#704,.T.);
#1779=EDGE_CURVE('',#1452,#1455,#705,.T.);
#1780=EDGE_CURVE('',#1456,#1454,#706,.T.);
#1781=EDGE_CURVE('',#1457,#1456,#707,.T.);
#1782=EDGE_CURVE('',#1458,#1457,#708,.T.);
#1783=EDGE_CURVE('',#1458,#1450,#709,.T.);
#1784=EDGE_CURVE('',#1455,#1446,#710,.T.);
#1785=EDGE_CURVE('',#1459,#1456,#711,.T.);
#1786=EDGE_CURVE('',#1459,#1460,#712,.T.);
#1787=EDGE_CURVE('',#1457,#1460,#713,.T.);
#1788=EDGE_CURVE('',#1461,#1458,#714,.T.);
#1789=EDGE_CURVE('',#1461,#1451,#715,.T.);
#1790=EDGE_CURVE('',#1447,#1452,#716,.T.);
#1791=EDGE_CURVE('',#1460,#1461,#717,.T.);
#1792=EDGE_CURVE('',#1453,#1459,#718,.T.);
#1793=EDGE_CURVE('',#1462,#1446,#719,.T.);
#1794=EDGE_CURVE('',#1462,#1463,#720,.T.);
#1795=EDGE_CURVE('',#1463,#1464,#721,.T.);
#1796=EDGE_CURVE('',#1465,#1464,#722,.T.);
#1797=EDGE_CURVE('',#1447,#1465,#723,.T.);
#1798=EDGE_CURVE('',#1466,#1467,#724,.T.);
#1799=EDGE_CURVE('',#1466,#1468,#725,.T.);
#1800=EDGE_CURVE('',#1468,#1469,#726,.T.);
#1801=EDGE_CURVE('',#1467,#1469,#727,.T.);
#1802=EDGE_CURVE('',#1470,#1468,#728,.T.);
#1803=EDGE_CURVE('',#1471,#1470,#729,.T.);
#1804=EDGE_CURVE('',#1469,#1471,#730,.T.);
#1805=EDGE_CURVE('',#1472,#1473,#731,.T.);
#1806=EDGE_CURVE('',#1474,#1473,#732,.T.);
#1807=EDGE_CURVE('',#1474,#1475,#733,.T.);
#1808=EDGE_CURVE('',#1472,#1475,#734,.T.);
#1809=EDGE_CURVE('',#1476,#1474,#735,.T.);
#1810=EDGE_CURVE('',#1477,#1476,#736,.T.);
#1811=EDGE_CURVE('',#1478,#1477,#737,.T.);
#1812=EDGE_CURVE('',#1478,#1470,#738,.T.);
#1813=EDGE_CURVE('',#1475,#1466,#739,.T.);
#1814=EDGE_CURVE('',#1479,#1476,#740,.T.);
#1815=EDGE_CURVE('',#1479,#1480,#741,.T.);
#1816=EDGE_CURVE('',#1477,#1480,#742,.T.);
#1817=EDGE_CURVE('',#1481,#1478,#743,.T.);
#1818=EDGE_CURVE('',#1481,#1471,#744,.T.);
#1819=EDGE_CURVE('',#1467,#1472,#745,.T.);
#1820=EDGE_CURVE('',#1480,#1481,#746,.T.);
#1821=EDGE_CURVE('',#1473,#1479,#747,.T.);
#1822=EDGE_CURVE('',#1482,#1466,#748,.T.);
#1823=EDGE_CURVE('',#1483,#1482,#749,.T.);
#1824=EDGE_CURVE('',#1484,#1483,#750,.T.);
#1825=EDGE_CURVE('',#1485,#1484,#751,.T.);
#1826=EDGE_CURVE('',#1467,#1485,#752,.T.);
#1827=EDGE_CURVE('',#1486,#1487,#753,.T.);
#1828=EDGE_CURVE('',#1486,#1488,#754,.T.);
#1829=EDGE_CURVE('',#1488,#1489,#755,.T.);
#1830=EDGE_CURVE('',#1487,#1489,#756,.T.);
#1831=EDGE_CURVE('',#1490,#1488,#757,.T.);
#1832=EDGE_CURVE('',#1491,#1490,#758,.T.);
#1833=EDGE_CURVE('',#1489,#1491,#759,.T.);
#1834=EDGE_CURVE('',#1492,#1493,#760,.T.);
#1835=EDGE_CURVE('',#1494,#1493,#761,.T.);
#1836=EDGE_CURVE('',#1494,#1495,#762,.T.);
#1837=EDGE_CURVE('',#1492,#1495,#763,.T.);
#1838=EDGE_CURVE('',#1496,#1494,#764,.T.);
#1839=EDGE_CURVE('',#1497,#1496,#765,.T.);
#1840=EDGE_CURVE('',#1498,#1497,#766,.T.);
#1841=EDGE_CURVE('',#1498,#1490,#767,.T.);
#1842=EDGE_CURVE('',#1495,#1486,#768,.T.);
#1843=EDGE_CURVE('',#1499,#1496,#769,.T.);
#1844=EDGE_CURVE('',#1499,#1500,#770,.T.);
#1845=EDGE_CURVE('',#1497,#1500,#771,.T.);
#1846=EDGE_CURVE('',#1501,#1498,#772,.T.);
#1847=EDGE_CURVE('',#1501,#1491,#773,.T.);
#1848=EDGE_CURVE('',#1487,#1492,#774,.T.);
#1849=EDGE_CURVE('',#1500,#1501,#775,.T.);
#1850=EDGE_CURVE('',#1493,#1499,#776,.T.);
#1851=EDGE_CURVE('',#1502,#1486,#777,.T.);
#1852=EDGE_CURVE('',#1503,#1502,#778,.T.);
#1853=EDGE_CURVE('',#1443,#1503,#779,.T.);
#1854=EDGE_CURVE('',#1487,#1442,#780,.T.);
#1855=EDGE_CURVE('',#1504,#1505,#781,.T.);
#1856=EDGE_CURVE('',#1505,#1352,#782,.T.);
#1857=EDGE_CURVE('',#1504,#1351,#783,.T.);
#1858=EDGE_CURVE('',#1506,#1506,#1241,.T.);
#1859=EDGE_CURVE('',#1507,#1507,#1242,.T.);
#1860=EDGE_CURVE('',#1508,#1508,#1243,.T.);
#1861=EDGE_CURVE('',#1509,#1510,#784,.T.);
#1862=EDGE_CURVE('',#1484,#1510,#785,.T.);
#1863=EDGE_CURVE('',#1511,#1483,#786,.T.);
#1864=EDGE_CURVE('',#1444,#1511,#1244,.T.);
#1865=EDGE_CURVE('',#1512,#1503,#787,.T.);
#1866=EDGE_CURVE('',#1512,#1513,#788,.T.);
#1867=EDGE_CURVE('',#1514,#1513,#789,.T.);
#1868=EDGE_CURVE('',#1464,#1514,#790,.T.);
#1869=EDGE_CURVE('',#1463,#1515,#791,.T.);
#1870=EDGE_CURVE('',#1515,#1509,#792,.T.);
#1871=EDGE_CURVE('',#1516,#1517,#793,.T.);
#1872=EDGE_CURVE('',#1516,#1518,#794,.T.);
#1873=EDGE_CURVE('',#1519,#1518,#795,.T.);
#1874=EDGE_CURVE('',#1520,#1519,#796,.T.);
#1875=EDGE_CURVE('',#1521,#1520,#1245,.T.);
#1876=EDGE_CURVE('',#1522,#1521,#797,.T.);
#1877=EDGE_CURVE('',#1523,#1522,#798,.T.);
#1878=EDGE_CURVE('',#1523,#1360,#799,.T.);
#1879=EDGE_CURVE('',#1359,#1524,#800,.T.);
#1880=EDGE_CURVE('',#1524,#1517,#801,.T.);
#1881=EDGE_CURVE('',#1525,#1525,#1246,.T.);
#1882=EDGE_CURVE('',#1526,#1526,#1247,.T.);
#1883=EDGE_CURVE('',#1527,#1528,#802,.T.);
#1884=EDGE_CURVE('',#1527,#1529,#803,.T.);
#1885=EDGE_CURVE('',#1530,#1529,#804,.T.);
#1886=EDGE_CURVE('',#1531,#1530,#805,.T.);
#1887=EDGE_CURVE('',#1528,#1531,#806,.T.);
#1888=EDGE_CURVE('',#1532,#1532,#1248,.T.);
#1889=EDGE_CURVE('',#1528,#1533,#807,.T.);
#1890=EDGE_CURVE('',#1465,#1531,#808,.T.);
#1891=EDGE_CURVE('',#1514,#1534,#809,.T.);
#1892=EDGE_CURVE('',#1535,#1534,#810,.T.);
#1893=EDGE_CURVE('',#1535,#1536,#811,.T.);
#1894=EDGE_CURVE('',#1537,#1536,#812,.T.);
#1895=EDGE_CURVE('',#1537,#1533,#813,.T.);
#1896=EDGE_CURVE('',#1538,#1539,#814,.T.);
#1897=EDGE_CURVE('',#1540,#1538,#815,.T.);
#1898=EDGE_CURVE('',#1541,#1540,#816,.T.);
#1899=EDGE_CURVE('',#1505,#1541,#817,.T.);
#1900=EDGE_CURVE('',#1510,#1504,#818,.T.);
#1901=EDGE_CURVE('',#1509,#1542,#819,.T.);
#1902=EDGE_CURVE('',#1542,#1543,#820,.T.);
#1903=EDGE_CURVE('',#1544,#1543,#821,.T.);
#1904=EDGE_CURVE('',#1545,#1544,#822,.T.);
#1905=EDGE_CURVE('',#1539,#1545,#823,.T.);
#1906=EDGE_CURVE('',#1485,#1523,#824,.T.);
#1907=EDGE_CURVE('',#1345,#1546,#825,.T.);
#1908=EDGE_CURVE('',#1546,#1524,#826,.T.);
#1909=EDGE_CURVE('',#1346,#1358,#827,.T.);
#1910=EDGE_CURVE('',#1547,#1547,#1249,.T.);
#1911=EDGE_CURVE('',#1343,#1548,#1250,.T.);
#1912=EDGE_CURVE('',#1548,#1342,#1251,.T.);
#1913=EDGE_CURVE('',#1341,#1368,#1252,.T.);
#1914=EDGE_CURVE('',#1544,#1367,#828,.T.);
#1915=EDGE_CURVE('',#1543,#1344,#829,.T.);
#1916=EDGE_CURVE('',#1549,#1549,#1253,.T.);
#1917=EDGE_CURVE('',#1536,#1550,#830,.T.);
#1918=EDGE_CURVE('',#1551,#1535,#831,.T.);
#1919=EDGE_CURVE('',#1551,#1501,#832,.T.);
#1920=EDGE_CURVE('',#1498,#1552,#833,.T.);
#1921=EDGE_CURVE('',#1552,#1550,#834,.T.);
#1922=EDGE_CURVE('',#1553,#1553,#1254,.T.);
#1923=EDGE_CURVE('',#1550,#1554,#835,.T.);
#1924=EDGE_CURVE('',#1552,#1512,#836,.T.);
#1925=EDGE_CURVE('',#1518,#1502,#837,.T.);
#1926=EDGE_CURVE('',#1555,#1516,#838,.T.);
#1927=EDGE_CURVE('',#1554,#1555,#839,.T.);
#1928=EDGE_CURVE('',#1533,#1556,#840,.T.);
#1929=EDGE_CURVE('',#1554,#1537,#841,.T.);
#1930=EDGE_CURVE('',#1557,#1555,#842,.T.);
#1931=EDGE_CURVE('',#1557,#1546,#843,.T.);
#1932=EDGE_CURVE('',#1542,#1556,#844,.T.);
#1933=EDGE_CURVE('',#1556,#1527,#845,.T.);
#1934=EDGE_CURVE('',#1558,#1515,#846,.T.);
#1935=EDGE_CURVE('',#1529,#1558,#847,.T.);
#1936=EDGE_CURVE('',#1517,#1557,#848,.T.);
#1937=EDGE_CURVE('',#1369,#1559,#849,.T.);
#1938=EDGE_CURVE('',#1559,#1559,#1255,.T.);
#1939=EDGE_CURVE('',#1559,#1548,#850,.T.);
#1940=EDGE_CURVE('',#1340,#1348,#1256,.T.);
#1941=EDGE_CURVE('',#1560,#1561,#1257,.T.);
#1942=EDGE_CURVE('',#1561,#1562,#851,.T.);
#1943=EDGE_CURVE('',#1562,#1340,#1258,.T.);
#1944=EDGE_CURVE('',#1348,#1562,#1259,.T.);
#1945=EDGE_CURVE('',#1561,#1560,#1260,.T.);
#1946=EDGE_CURVE('',#1563,#1551,#852,.T.);
#1947=EDGE_CURVE('',#1534,#1461,#853,.T.);
#1948=EDGE_CURVE('',#1458,#1563,#854,.T.);
#1949=EDGE_CURVE('',#1513,#1563,#855,.T.);
#1950=EDGE_CURVE('',#1530,#1462,#856,.T.);
#1951=EDGE_CURVE('',#1558,#1481,#857,.T.);
#1952=EDGE_CURVE('',#1478,#1462,#858,.T.);
#1953=EDGE_CURVE('',#1522,#1482,#859,.T.);
#1954=EDGE_CURVE('',#1445,#1520,#860,.T.);
#1955=EDGE_CURVE('',#1519,#1442,#861,.T.);
#1956=EDGE_CURVE('',#1564,#1521,#862,.T.);
#1957=EDGE_CURVE('',#1445,#1564,#1261,.T.);
#1958=EDGE_CURVE('',#1564,#1441,#863,.T.);
#1959=EDGE_CURVE('',#1438,#1482,#864,.T.);
#1960=EDGE_CURVE('',#1564,#1511,#865,.T.);
#1961=EDGE_CURVE('',#1565,#1565,#1262,.T.);
#1962=EDGE_CURVE('',#1539,#1356,#866,.T.);
#1963=EDGE_CURVE('',#1545,#1357,#867,.T.);
#1964=EDGE_CURVE('',#1541,#1353,#868,.T.);
#1965=EDGE_CURVE('',#1540,#1354,#869,.T.);
#1966=EDGE_CURVE('',#1566,#1567,#1263,.T.);
#1967=EDGE_CURVE('',#1567,#1568,#870,.T.);
#1968=EDGE_CURVE('',#1568,#1568,#1264,.T.);
#1969=EDGE_CURVE('',#1567,#1566,#1265,.T.);
#1970=EDGE_CURVE('',#1566,#1508,#871,.T.);
#1971=EDGE_CURVE('',#1569,#1570,#1266,.T.);
#1972=EDGE_CURVE('',#1570,#1571,#872,.T.);
#1973=EDGE_CURVE('',#1571,#1571,#1267,.T.);
#1974=EDGE_CURVE('',#1570,#1569,#1268,.T.);
#1975=EDGE_CURVE('',#1569,#1507,#873,.T.);
#1976=EDGE_CURVE('',#1572,#1573,#1269,.T.);
#1977=EDGE_CURVE('',#1573,#1574,#874,.T.);
#1978=EDGE_CURVE('',#1574,#1574,#1270,.T.);
#1979=EDGE_CURVE('',#1573,#1572,#1271,.T.);
#1980=EDGE_CURVE('',#1572,#1506,#875,.T.);
#1981=EDGE_CURVE('',#1575,#1576,#1272,.T.);
#1982=EDGE_CURVE('',#1576,#1577,#876,.T.);
#1983=EDGE_CURVE('',#1577,#1577,#1273,.T.);
#1984=EDGE_CURVE('',#1576,#1575,#1274,.T.);
#1985=EDGE_CURVE('',#1575,#1560,#877,.T.);
#1986=EDGE_CURVE('',#1578,#1578,#1275,.T.);
#1987=EDGE_CURVE('',#1578,#1579,#878,.T.);
#1988=EDGE_CURVE('',#1580,#1579,#1276,.T.);
#1989=EDGE_CURVE('',#1579,#1580,#1277,.T.);
#1990=EDGE_CURVE('',#1580,#1581,#1278,.T.);
#1991=EDGE_CURVE('',#1581,#1581,#1279,.T.);
#1992=EDGE_CURVE('',#1582,#1582,#1280,.T.);
#1993=EDGE_CURVE('',#1582,#1583,#879,.T.);
#1994=EDGE_CURVE('',#1584,#1583,#1281,.T.);
#1995=EDGE_CURVE('',#1583,#1584,#1282,.T.);
#1996=EDGE_CURVE('',#1584,#1585,#1283,.T.);
#1997=EDGE_CURVE('',#1585,#1585,#1284,.T.);
#1998=EDGE_CURVE('',#1421,#1586,#1285,.T.);
#1999=EDGE_CURVE('',#1420,#1421,#1286,.T.);
#2000=EDGE_CURVE('',#1586,#1420,#1287,.T.);
#2001=EDGE_CURVE('',#1586,#1587,#880,.T.);
#2002=EDGE_CURVE('',#1588,#1587,#1288,.T.);
#2003=EDGE_CURVE('',#1587,#1588,#1289,.T.);
#2004=EDGE_CURVE('',#1588,#1589,#1290,.T.);
#2005=EDGE_CURVE('',#1589,#1589,#1291,.T.);
#2006=EDGE_CURVE('',#1414,#1590,#1292,.T.);
#2007=EDGE_CURVE('',#1413,#1414,#1293,.T.);
#2008=EDGE_CURVE('',#1590,#1413,#1294,.T.);
#2009=EDGE_CURVE('',#1590,#1591,#881,.T.);
#2010=EDGE_CURVE('',#1592,#1591,#1295,.T.);
#2011=EDGE_CURVE('',#1591,#1592,#1296,.T.);
#2012=EDGE_CURVE('',#1592,#1593,#1297,.T.);
#2013=EDGE_CURVE('',#1593,#1593,#1298,.T.);
#2014=EDGE_CURVE('',#1385,#1383,#1299,.T.);
#2015=EDGE_CURVE('',#1384,#1594,#882,.T.);
#2016=EDGE_CURVE('',#1595,#1594,#1300,.T.);
#2017=EDGE_CURVE('',#1594,#1595,#1301,.T.);
#2018=EDGE_CURVE('',#1595,#1596,#1302,.T.);
#2019=EDGE_CURVE('',#1596,#1596,#1303,.T.);
#2020=EDGE_CURVE('',#1380,#1378,#1304,.T.);
#2021=EDGE_CURVE('',#1379,#1597,#883,.T.);
#2022=EDGE_CURVE('',#1598,#1597,#1305,.T.);
#2023=EDGE_CURVE('',#1597,#1598,#1306,.T.);
#2024=EDGE_CURVE('',#1598,#1599,#1307,.T.);
#2025=EDGE_CURVE('',#1599,#1599,#1308,.T.);
#2026=EDGE_CURVE('',#1393,#1600,#884,.T.);
#2027=EDGE_CURVE('',#1601,#1600,#1309,.T.);
#2028=EDGE_CURVE('',#1600,#1601,#1310,.T.);
#2029=EDGE_CURVE('',#1601,#1602,#1311,.T.);
#2030=EDGE_CURVE('',#1602,#1602,#1312,.T.);
#2031=EDGE_CURVE('',#1392,#1603,#885,.T.);
#2032=EDGE_CURVE('',#1604,#1603,#1313,.T.);
#2033=EDGE_CURVE('',#1603,#1604,#1314,.T.);
#2034=EDGE_CURVE('',#1604,#1605,#1315,.T.);
#2035=EDGE_CURVE('',#1605,#1605,#1316,.T.);
#2036=EDGE_CURVE('',#1606,#1606,#1317,.T.);
#2037=EDGE_CURVE('',#1607,#1608,#1318,.T.);
#2038=EDGE_CURVE('',#1608,#1606,#886,.T.);
#2039=EDGE_CURVE('',#1608,#1607,#1319,.T.);
#2040=EDGE_CURVE('',#1607,#1553,#887,.T.);
#2041=EDGE_CURVE('',#1565,#1609,#888,.T.);
#2042=EDGE_CURVE('',#1610,#1609,#1320,.T.);
#2043=EDGE_CURVE('',#1609,#1610,#1321,.T.);
#2044=EDGE_CURVE('',#1610,#1611,#1322,.T.);
#2045=EDGE_CURVE('',#1611,#1611,#1323,.T.);
#2046=EDGE_CURVE('',#1612,#1612,#1324,.T.);
#2047=EDGE_CURVE('',#1613,#1614,#1325,.T.);
#2048=EDGE_CURVE('',#1614,#1612,#889,.T.);
#2049=EDGE_CURVE('',#1614,#1613,#1326,.T.);
#2050=EDGE_CURVE('',#1613,#1526,#890,.T.);
#2051=EDGE_CURVE('',#1615,#1615,#1327,.T.);
#2052=EDGE_CURVE('',#1616,#1617,#1328,.T.);
#2053=EDGE_CURVE('',#1617,#1615,#891,.T.);
#2054=EDGE_CURVE('',#1617,#1616,#1329,.T.);
#2055=EDGE_CURVE('',#1616,#1532,#892,.T.);
#2056=EDGE_CURVE('',#1618,#1618,#1330,.T.);
#2057=EDGE_CURVE('',#1619,#1620,#1331,.T.);
#2058=EDGE_CURVE('',#1620,#1618,#893,.T.);
#2059=EDGE_CURVE('',#1620,#1619,#1332,.T.);
#2060=EDGE_CURVE('',#1619,#1525,#894,.T.);
#2061=EDGE_CURVE('',#1621,#1622,#1333,.T.);
#2062=EDGE_CURVE('',#1622,#1623,#895,.T.);
#2063=EDGE_CURVE('',#1623,#1623,#1334,.T.);
#2064=EDGE_CURVE('',#1622,#1621,#1335,.T.);
#2065=EDGE_CURVE('',#1621,#1549,#896,.T.);
#2066=EDGE_CURVE('',#1624,#1625,#1336,.T.);
#2067=EDGE_CURVE('',#1625,#1626,#897,.T.);
#2068=EDGE_CURVE('',#1626,#1626,#1337,.T.);
#2069=EDGE_CURVE('',#1625,#1624,#1338,.T.);
#2070=EDGE_CURVE('',#1624,#1547,#898,.T.);
#2071=EDGE_CURVE('',#1538,#1355,#899,.T.);
#2072=ORIENTED_EDGE('',*,*,#1627,.F.);
#2073=ORIENTED_EDGE('',*,*,#1628,.T.);
#2074=ORIENTED_EDGE('',*,*,#1629,.T.);
#2075=ORIENTED_EDGE('',*,*,#1630,.F.);
#2076=ORIENTED_EDGE('',*,*,#1631,.T.);
#2077=ORIENTED_EDGE('',*,*,#1632,.F.);
#2078=ORIENTED_EDGE('',*,*,#1633,.F.);
#2079=ORIENTED_EDGE('',*,*,#1634,.F.);
#2080=ORIENTED_EDGE('',*,*,#1635,.F.);
#2081=ORIENTED_EDGE('',*,*,#1636,.F.);
#2082=ORIENTED_EDGE('',*,*,#1637,.T.);
#2083=ORIENTED_EDGE('',*,*,#1628,.F.);
#2084=ORIENTED_EDGE('',*,*,#1638,.F.);
#2085=ORIENTED_EDGE('',*,*,#1639,.T.);
#2086=ORIENTED_EDGE('',*,*,#1640,.T.);
#2087=ORIENTED_EDGE('',*,*,#1639,.F.);
#2088=ORIENTED_EDGE('',*,*,#1641,.T.);
#2089=ORIENTED_EDGE('',*,*,#1642,.T.);
#2090=ORIENTED_EDGE('',*,*,#1643,.T.);
#2091=ORIENTED_EDGE('',*,*,#1644,.T.);
#2092=ORIENTED_EDGE('',*,*,#1645,.T.);
#2093=ORIENTED_EDGE('',*,*,#1646,.T.);
#2094=ORIENTED_EDGE('',*,*,#1647,.T.);
#2095=ORIENTED_EDGE('',*,*,#1648,.T.);
#2096=ORIENTED_EDGE('',*,*,#1649,.T.);
#2097=ORIENTED_EDGE('',*,*,#1650,.T.);
#2098=ORIENTED_EDGE('',*,*,#1651,.F.);
#2099=ORIENTED_EDGE('',*,*,#1652,.T.);
#2100=ORIENTED_EDGE('',*,*,#1653,.T.);
#2101=ORIENTED_EDGE('',*,*,#1654,.T.);
#2102=ORIENTED_EDGE('',*,*,#1638,.T.);
#2103=ORIENTED_EDGE('',*,*,#1651,.T.);
#2104=ORIENTED_EDGE('',*,*,#1655,.T.);
#2105=ORIENTED_EDGE('',*,*,#1656,.T.);
#2106=ORIENTED_EDGE('',*,*,#1655,.F.);
#2107=ORIENTED_EDGE('',*,*,#1657,.F.);
#2108=ORIENTED_EDGE('',*,*,#1658,.T.);
#2109=ORIENTED_EDGE('',*,*,#1654,.F.);
#2110=ORIENTED_EDGE('',*,*,#1658,.F.);
#2111=ORIENTED_EDGE('',*,*,#1656,.F.);
#2112=ORIENTED_EDGE('',*,*,#1640,.F.);
#2113=ORIENTED_EDGE('',*,*,#1636,.T.);
#2114=ORIENTED_EDGE('',*,*,#1659,.F.);
#2115=ORIENTED_EDGE('',*,*,#1660,.F.);
#2116=ORIENTED_EDGE('',*,*,#1661,.T.);
#2117=ORIENTED_EDGE('',*,*,#1662,.F.);
#2118=ORIENTED_EDGE('',*,*,#1663,.F.);
#2119=ORIENTED_EDGE('',*,*,#1664,.T.);
#2120=ORIENTED_EDGE('',*,*,#1665,.T.);
#2121=ORIENTED_EDGE('',*,*,#1664,.F.);
#2122=ORIENTED_EDGE('',*,*,#1665,.F.);
#2123=ORIENTED_EDGE('',*,*,#1653,.F.);
#2124=ORIENTED_EDGE('',*,*,#1666,.T.);
#2125=ORIENTED_EDGE('',*,*,#1666,.F.);
#2126=ORIENTED_EDGE('',*,*,#1652,.F.);
#2127=ORIENTED_EDGE('',*,*,#1667,.T.);
#2128=ORIENTED_EDGE('',*,*,#1667,.F.);
#2129=ORIENTED_EDGE('',*,*,#1668,.F.);
#2130=ORIENTED_EDGE('',*,*,#1669,.T.);
#2131=ORIENTED_EDGE('',*,*,#1669,.F.);
#2132=ORIENTED_EDGE('',*,*,#1670,.F.);
#2133=ORIENTED_EDGE('',*,*,#1671,.T.);
#2134=ORIENTED_EDGE('',*,*,#1671,.F.);
#2135=ORIENTED_EDGE('',*,*,#1672,.T.);
#2136=ORIENTED_EDGE('',*,*,#1673,.T.);
#2137=ORIENTED_EDGE('',*,*,#1674,.F.);
#2138=ORIENTED_EDGE('',*,*,#1675,.F.);
#2139=ORIENTED_EDGE('',*,*,#1676,.F.);
#2140=ORIENTED_EDGE('',*,*,#1677,.T.);
#2141=ORIENTED_EDGE('',*,*,#1678,.T.);
#2142=ORIENTED_EDGE('',*,*,#1679,.F.);
#2143=ORIENTED_EDGE('',*,*,#1680,.F.);
#2144=ORIENTED_EDGE('',*,*,#1681,.F.);
#2145=ORIENTED_EDGE('',*,*,#1682,.F.);
#2146=ORIENTED_EDGE('',*,*,#1683,.F.);
#2147=ORIENTED_EDGE('',*,*,#1684,.F.);
#2148=ORIENTED_EDGE('',*,*,#1685,.F.);
#2149=ORIENTED_EDGE('',*,*,#1686,.T.);
#2150=ORIENTED_EDGE('',*,*,#1687,.T.);
#2151=ORIENTED_EDGE('',*,*,#1688,.F.);
#2152=ORIENTED_EDGE('',*,*,#1689,.T.);
#2153=ORIENTED_EDGE('',*,*,#1683,.T.);
#2154=ORIENTED_EDGE('',*,*,#1690,.T.);
#2155=ORIENTED_EDGE('',*,*,#1690,.F.);
#2156=ORIENTED_EDGE('',*,*,#1682,.T.);
#2157=ORIENTED_EDGE('',*,*,#1691,.F.);
#2158=ORIENTED_EDGE('',*,*,#1692,.F.);
#2159=ORIENTED_EDGE('',*,*,#1693,.F.);
#2160=ORIENTED_EDGE('',*,*,#1691,.T.);
#2161=ORIENTED_EDGE('',*,*,#1681,.T.);
#2162=ORIENTED_EDGE('',*,*,#1694,.T.);
#2163=ORIENTED_EDGE('',*,*,#1695,.F.);
#2164=ORIENTED_EDGE('',*,*,#1696,.F.);
#2165=ORIENTED_EDGE('',*,*,#1679,.T.);
#2166=ORIENTED_EDGE('',*,*,#1697,.T.);
#2167=ORIENTED_EDGE('',*,*,#1676,.T.);
#2168=ORIENTED_EDGE('',*,*,#1698,.T.);
#2169=ORIENTED_EDGE('',*,*,#1694,.F.);
#2170=ORIENTED_EDGE('',*,*,#1680,.T.);
#2171=ORIENTED_EDGE('',*,*,#1696,.T.);
#2172=ORIENTED_EDGE('',*,*,#1699,.F.);
#2173=ORIENTED_EDGE('',*,*,#1689,.F.);
#2174=ORIENTED_EDGE('',*,*,#1700,.F.);
#2175=ORIENTED_EDGE('',*,*,#1701,.F.);
#2176=ORIENTED_EDGE('',*,*,#1684,.T.);
#2177=ORIENTED_EDGE('',*,*,#1702,.F.);
#2178=ORIENTED_EDGE('',*,*,#1703,.F.);
#2179=ORIENTED_EDGE('',*,*,#1674,.T.);
#2180=ORIENTED_EDGE('',*,*,#1704,.T.);
#2181=ORIENTED_EDGE('',*,*,#1685,.T.);
#2182=ORIENTED_EDGE('',*,*,#1701,.T.);
#2183=ORIENTED_EDGE('',*,*,#1705,.F.);
#2184=ORIENTED_EDGE('',*,*,#1698,.F.);
#2185=ORIENTED_EDGE('',*,*,#1675,.T.);
#2186=ORIENTED_EDGE('',*,*,#1703,.T.);
#2187=ORIENTED_EDGE('',*,*,#1706,.F.);
#2188=ORIENTED_EDGE('',*,*,#1707,.T.);
#2189=ORIENTED_EDGE('',*,*,#1708,.T.);
#2190=ORIENTED_EDGE('',*,*,#1709,.T.);
#2191=ORIENTED_EDGE('',*,*,#1709,.F.);
#2192=ORIENTED_EDGE('',*,*,#1710,.T.);
#2193=ORIENTED_EDGE('',*,*,#1711,.F.);
#2194=ORIENTED_EDGE('',*,*,#1712,.F.);
#2195=ORIENTED_EDGE('',*,*,#1713,.F.);
#2196=ORIENTED_EDGE('',*,*,#1711,.T.);
#2197=ORIENTED_EDGE('',*,*,#1714,.T.);
#2198=ORIENTED_EDGE('',*,*,#1715,.T.);
#2199=ORIENTED_EDGE('',*,*,#1716,.F.);
#2200=ORIENTED_EDGE('',*,*,#1717,.F.);
#2201=ORIENTED_EDGE('',*,*,#1718,.T.);
#2202=ORIENTED_EDGE('',*,*,#1719,.T.);
#2203=ORIENTED_EDGE('',*,*,#1720,.T.);
#2204=ORIENTED_EDGE('',*,*,#1721,.T.);
#2205=ORIENTED_EDGE('',*,*,#1715,.F.);
#2206=ORIENTED_EDGE('',*,*,#1722,.T.);
#2207=ORIENTED_EDGE('',*,*,#1717,.T.);
#2208=ORIENTED_EDGE('',*,*,#1723,.F.);
#2209=ORIENTED_EDGE('',*,*,#1707,.F.);
#2210=ORIENTED_EDGE('',*,*,#1724,.F.);
#2211=ORIENTED_EDGE('',*,*,#1725,.F.);
#2212=ORIENTED_EDGE('',*,*,#1726,.T.);
#2213=ORIENTED_EDGE('',*,*,#1727,.F.);
#2214=ORIENTED_EDGE('',*,*,#1728,.F.);
#2215=ORIENTED_EDGE('',*,*,#1729,.T.);
#2216=ORIENTED_EDGE('',*,*,#1730,.T.);
#2217=ORIENTED_EDGE('',*,*,#1731,.T.);
#2218=ORIENTED_EDGE('',*,*,#1725,.T.);
#2219=ORIENTED_EDGE('',*,*,#1732,.F.);
#2220=ORIENTED_EDGE('',*,*,#1721,.F.);
#2221=ORIENTED_EDGE('',*,*,#1733,.T.);
#2222=ORIENTED_EDGE('',*,*,#1728,.T.);
#2223=ORIENTED_EDGE('',*,*,#1734,.F.);
#2224=ORIENTED_EDGE('',*,*,#1735,.T.);
#2225=ORIENTED_EDGE('',*,*,#1736,.F.);
#2226=ORIENTED_EDGE('',*,*,#1735,.F.);
#2227=ORIENTED_EDGE('',*,*,#1734,.T.);
#2228=ORIENTED_EDGE('',*,*,#1737,.F.);
#2229=ORIENTED_EDGE('',*,*,#1738,.T.);
#2230=ORIENTED_EDGE('',*,*,#1739,.F.);
#2231=ORIENTED_EDGE('',*,*,#1738,.F.);
#2232=ORIENTED_EDGE('',*,*,#1737,.T.);
#2233=ORIENTED_EDGE('',*,*,#1740,.F.);
#2234=ORIENTED_EDGE('',*,*,#1741,.T.);
#2235=ORIENTED_EDGE('',*,*,#1742,.T.);
#2236=ORIENTED_EDGE('',*,*,#1743,.F.);
#2237=ORIENTED_EDGE('',*,*,#1744,.F.);
#2238=ORIENTED_EDGE('',*,*,#1745,.F.);
#2239=ORIENTED_EDGE('',*,*,#1746,.F.);
#2240=ORIENTED_EDGE('',*,*,#1742,.F.);
#2241=ORIENTED_EDGE('',*,*,#1747,.T.);
#2242=ORIENTED_EDGE('',*,*,#1748,.F.);
#2243=ORIENTED_EDGE('',*,*,#1749,.T.);
#2244=ORIENTED_EDGE('',*,*,#1750,.F.);
#2245=ORIENTED_EDGE('',*,*,#1749,.F.);
#2246=ORIENTED_EDGE('',*,*,#1751,.F.);
#2247=ORIENTED_EDGE('',*,*,#1752,.F.);
#2248=ORIENTED_EDGE('',*,*,#1753,.F.);
#2249=ORIENTED_EDGE('',*,*,#1754,.T.);
#2250=ORIENTED_EDGE('',*,*,#1744,.T.);
#2251=ORIENTED_EDGE('',*,*,#1741,.F.);
#2252=ORIENTED_EDGE('',*,*,#1755,.F.);
#2253=ORIENTED_EDGE('',*,*,#1752,.T.);
#2254=ORIENTED_EDGE('',*,*,#1756,.F.);
#2255=ORIENTED_EDGE('',*,*,#1757,.T.);
#2256=ORIENTED_EDGE('',*,*,#1758,.F.);
#2257=ORIENTED_EDGE('',*,*,#1759,.F.);
#2258=ORIENTED_EDGE('',*,*,#1760,.T.);
#2259=ORIENTED_EDGE('',*,*,#1745,.T.);
#2260=ORIENTED_EDGE('',*,*,#1754,.F.);
#2261=ORIENTED_EDGE('',*,*,#1747,.F.);
#2262=ORIENTED_EDGE('',*,*,#1761,.F.);
#2263=ORIENTED_EDGE('',*,*,#1743,.T.);
#2264=ORIENTED_EDGE('',*,*,#1746,.T.);
#2265=ORIENTED_EDGE('',*,*,#1760,.F.);
#2266=ORIENTED_EDGE('',*,*,#1762,.F.);
#2267=ORIENTED_EDGE('',*,*,#1757,.F.);
#2268=ORIENTED_EDGE('',*,*,#1763,.F.);
#2269=ORIENTED_EDGE('',*,*,#1761,.T.);
#2270=ORIENTED_EDGE('',*,*,#1750,.T.);
#2271=ORIENTED_EDGE('',*,*,#1755,.T.);
#2272=ORIENTED_EDGE('',*,*,#1764,.F.);
#2273=ORIENTED_EDGE('',*,*,#1765,.T.);
#2274=ORIENTED_EDGE('',*,*,#1766,.T.);
#2275=ORIENTED_EDGE('',*,*,#1767,.F.);
#2276=ORIENTED_EDGE('',*,*,#1768,.F.);
#2277=ORIENTED_EDGE('',*,*,#1769,.F.);
#2278=ORIENTED_EDGE('',*,*,#1770,.T.);
#2279=ORIENTED_EDGE('',*,*,#1771,.T.);
#2280=ORIENTED_EDGE('',*,*,#1772,.F.);
#2281=ORIENTED_EDGE('',*,*,#1773,.F.);
#2282=ORIENTED_EDGE('',*,*,#1774,.F.);
#2283=ORIENTED_EDGE('',*,*,#1775,.F.);
#2284=ORIENTED_EDGE('',*,*,#1771,.F.);
#2285=ORIENTED_EDGE('',*,*,#1776,.T.);
#2286=ORIENTED_EDGE('',*,*,#1777,.F.);
#2287=ORIENTED_EDGE('',*,*,#1778,.T.);
#2288=ORIENTED_EDGE('',*,*,#1779,.F.);
#2289=ORIENTED_EDGE('',*,*,#1778,.F.);
#2290=ORIENTED_EDGE('',*,*,#1780,.F.);
#2291=ORIENTED_EDGE('',*,*,#1781,.F.);
#2292=ORIENTED_EDGE('',*,*,#1782,.F.);
#2293=ORIENTED_EDGE('',*,*,#1783,.T.);
#2294=ORIENTED_EDGE('',*,*,#1773,.T.);
#2295=ORIENTED_EDGE('',*,*,#1770,.F.);
#2296=ORIENTED_EDGE('',*,*,#1784,.F.);
#2297=ORIENTED_EDGE('',*,*,#1781,.T.);
#2298=ORIENTED_EDGE('',*,*,#1785,.F.);
#2299=ORIENTED_EDGE('',*,*,#1786,.T.);
#2300=ORIENTED_EDGE('',*,*,#1787,.F.);
#2301=ORIENTED_EDGE('',*,*,#1788,.F.);
#2302=ORIENTED_EDGE('',*,*,#1789,.T.);
#2303=ORIENTED_EDGE('',*,*,#1774,.T.);
#2304=ORIENTED_EDGE('',*,*,#1783,.F.);
#2305=ORIENTED_EDGE('',*,*,#1776,.F.);
#2306=ORIENTED_EDGE('',*,*,#1790,.F.);
#2307=ORIENTED_EDGE('',*,*,#1772,.T.);
#2308=ORIENTED_EDGE('',*,*,#1775,.T.);
#2309=ORIENTED_EDGE('',*,*,#1789,.F.);
#2310=ORIENTED_EDGE('',*,*,#1791,.F.);
#2311=ORIENTED_EDGE('',*,*,#1786,.F.);
#2312=ORIENTED_EDGE('',*,*,#1792,.F.);
#2313=ORIENTED_EDGE('',*,*,#1790,.T.);
#2314=ORIENTED_EDGE('',*,*,#1779,.T.);
#2315=ORIENTED_EDGE('',*,*,#1784,.T.);
#2316=ORIENTED_EDGE('',*,*,#1793,.F.);
#2317=ORIENTED_EDGE('',*,*,#1794,.T.);
#2318=ORIENTED_EDGE('',*,*,#1795,.T.);
#2319=ORIENTED_EDGE('',*,*,#1796,.F.);
#2320=ORIENTED_EDGE('',*,*,#1797,.F.);
#2321=ORIENTED_EDGE('',*,*,#1798,.F.);
#2322=ORIENTED_EDGE('',*,*,#1799,.T.);
#2323=ORIENTED_EDGE('',*,*,#1800,.T.);
#2324=ORIENTED_EDGE('',*,*,#1801,.F.);
#2325=ORIENTED_EDGE('',*,*,#1802,.F.);
#2326=ORIENTED_EDGE('',*,*,#1803,.F.);
#2327=ORIENTED_EDGE('',*,*,#1804,.F.);
#2328=ORIENTED_EDGE('',*,*,#1800,.F.);
#2329=ORIENTED_EDGE('',*,*,#1805,.T.);
#2330=ORIENTED_EDGE('',*,*,#1806,.F.);
#2331=ORIENTED_EDGE('',*,*,#1807,.T.);
#2332=ORIENTED_EDGE('',*,*,#1808,.F.);
#2333=ORIENTED_EDGE('',*,*,#1807,.F.);
#2334=ORIENTED_EDGE('',*,*,#1809,.F.);
#2335=ORIENTED_EDGE('',*,*,#1810,.F.);
#2336=ORIENTED_EDGE('',*,*,#1811,.F.);
#2337=ORIENTED_EDGE('',*,*,#1812,.T.);
#2338=ORIENTED_EDGE('',*,*,#1802,.T.);
#2339=ORIENTED_EDGE('',*,*,#1799,.F.);
#2340=ORIENTED_EDGE('',*,*,#1813,.F.);
#2341=ORIENTED_EDGE('',*,*,#1810,.T.);
#2342=ORIENTED_EDGE('',*,*,#1814,.F.);
#2343=ORIENTED_EDGE('',*,*,#1815,.T.);
#2344=ORIENTED_EDGE('',*,*,#1816,.F.);
#2345=ORIENTED_EDGE('',*,*,#1817,.F.);
#2346=ORIENTED_EDGE('',*,*,#1818,.T.);
#2347=ORIENTED_EDGE('',*,*,#1803,.T.);
#2348=ORIENTED_EDGE('',*,*,#1812,.F.);
#2349=ORIENTED_EDGE('',*,*,#1805,.F.);
#2350=ORIENTED_EDGE('',*,*,#1819,.F.);
#2351=ORIENTED_EDGE('',*,*,#1801,.T.);
#2352=ORIENTED_EDGE('',*,*,#1804,.T.);
#2353=ORIENTED_EDGE('',*,*,#1818,.F.);
#2354=ORIENTED_EDGE('',*,*,#1820,.F.);
#2355=ORIENTED_EDGE('',*,*,#1815,.F.);
#2356=ORIENTED_EDGE('',*,*,#1821,.F.);
#2357=ORIENTED_EDGE('',*,*,#1819,.T.);
#2358=ORIENTED_EDGE('',*,*,#1808,.T.);
#2359=ORIENTED_EDGE('',*,*,#1813,.T.);
#2360=ORIENTED_EDGE('',*,*,#1822,.F.);
#2361=ORIENTED_EDGE('',*,*,#1823,.F.);
#2362=ORIENTED_EDGE('',*,*,#1824,.F.);
#2363=ORIENTED_EDGE('',*,*,#1825,.F.);
#2364=ORIENTED_EDGE('',*,*,#1826,.F.);
#2365=ORIENTED_EDGE('',*,*,#1827,.F.);
#2366=ORIENTED_EDGE('',*,*,#1828,.T.);
#2367=ORIENTED_EDGE('',*,*,#1829,.T.);
#2368=ORIENTED_EDGE('',*,*,#1830,.F.);
#2369=ORIENTED_EDGE('',*,*,#1831,.F.);
#2370=ORIENTED_EDGE('',*,*,#1832,.F.);
#2371=ORIENTED_EDGE('',*,*,#1833,.F.);
#2372=ORIENTED_EDGE('',*,*,#1829,.F.);
#2373=ORIENTED_EDGE('',*,*,#1834,.T.);
#2374=ORIENTED_EDGE('',*,*,#1835,.F.);
#2375=ORIENTED_EDGE('',*,*,#1836,.T.);
#2376=ORIENTED_EDGE('',*,*,#1837,.F.);
#2377=ORIENTED_EDGE('',*,*,#1836,.F.);
#2378=ORIENTED_EDGE('',*,*,#1838,.F.);
#2379=ORIENTED_EDGE('',*,*,#1839,.F.);
#2380=ORIENTED_EDGE('',*,*,#1840,.F.);
#2381=ORIENTED_EDGE('',*,*,#1841,.T.);
#2382=ORIENTED_EDGE('',*,*,#1831,.T.);
#2383=ORIENTED_EDGE('',*,*,#1828,.F.);
#2384=ORIENTED_EDGE('',*,*,#1842,.F.);
#2385=ORIENTED_EDGE('',*,*,#1839,.T.);
#2386=ORIENTED_EDGE('',*,*,#1843,.F.);
#2387=ORIENTED_EDGE('',*,*,#1844,.T.);
#2388=ORIENTED_EDGE('',*,*,#1845,.F.);
#2389=ORIENTED_EDGE('',*,*,#1846,.F.);
#2390=ORIENTED_EDGE('',*,*,#1847,.T.);
#2391=ORIENTED_EDGE('',*,*,#1832,.T.);
#2392=ORIENTED_EDGE('',*,*,#1841,.F.);
#2393=ORIENTED_EDGE('',*,*,#1834,.F.);
#2394=ORIENTED_EDGE('',*,*,#1848,.F.);
#2395=ORIENTED_EDGE('',*,*,#1830,.T.);
#2396=ORIENTED_EDGE('',*,*,#1833,.T.);
#2397=ORIENTED_EDGE('',*,*,#1847,.F.);
#2398=ORIENTED_EDGE('',*,*,#1849,.F.);
#2399=ORIENTED_EDGE('',*,*,#1844,.F.);
#2400=ORIENTED_EDGE('',*,*,#1850,.F.);
#2401=ORIENTED_EDGE('',*,*,#1848,.T.);
#2402=ORIENTED_EDGE('',*,*,#1837,.T.);
#2403=ORIENTED_EDGE('',*,*,#1842,.T.);
#2404=ORIENTED_EDGE('',*,*,#1851,.F.);
#2405=ORIENTED_EDGE('',*,*,#1852,.F.);
#2406=ORIENTED_EDGE('',*,*,#1853,.F.);
#2407=ORIENTED_EDGE('',*,*,#1765,.F.);
#2408=ORIENTED_EDGE('',*,*,#1854,.F.);
#2409=ORIENTED_EDGE('',*,*,#1855,.T.);
#2410=ORIENTED_EDGE('',*,*,#1856,.T.);
#2411=ORIENTED_EDGE('',*,*,#1641,.F.);
#2412=ORIENTED_EDGE('',*,*,#1857,.F.);
#2413=ORIENTED_EDGE('',*,*,#1858,.T.);
#2414=ORIENTED_EDGE('',*,*,#1859,.T.);
#2415=ORIENTED_EDGE('',*,*,#1860,.T.);
#2416=ORIENTED_EDGE('',*,*,#1861,.T.);
#2417=ORIENTED_EDGE('',*,*,#1862,.F.);
#2418=ORIENTED_EDGE('',*,*,#1824,.T.);
#2419=ORIENTED_EDGE('',*,*,#1863,.F.);
#2420=ORIENTED_EDGE('',*,*,#1864,.F.);
#2421=ORIENTED_EDGE('',*,*,#1766,.F.);
#2422=ORIENTED_EDGE('',*,*,#1853,.T.);
#2423=ORIENTED_EDGE('',*,*,#1865,.F.);
#2424=ORIENTED_EDGE('',*,*,#1866,.T.);
#2425=ORIENTED_EDGE('',*,*,#1867,.F.);
#2426=ORIENTED_EDGE('',*,*,#1868,.F.);
#2427=ORIENTED_EDGE('',*,*,#1795,.F.);
#2428=ORIENTED_EDGE('',*,*,#1869,.T.);
#2429=ORIENTED_EDGE('',*,*,#1870,.T.);
#2430=ORIENTED_EDGE('',*,*,#1748,.T.);
#2431=ORIENTED_EDGE('',*,*,#1763,.T.);
#2432=ORIENTED_EDGE('',*,*,#1756,.T.);
#2433=ORIENTED_EDGE('',*,*,#1751,.T.);
#2434=ORIENTED_EDGE('',*,*,#1777,.T.);
#2435=ORIENTED_EDGE('',*,*,#1792,.T.);
#2436=ORIENTED_EDGE('',*,*,#1785,.T.);
#2437=ORIENTED_EDGE('',*,*,#1780,.T.);
#2438=ORIENTED_EDGE('',*,*,#1806,.T.);
#2439=ORIENTED_EDGE('',*,*,#1821,.T.);
#2440=ORIENTED_EDGE('',*,*,#1814,.T.);
#2441=ORIENTED_EDGE('',*,*,#1809,.T.);
#2442=ORIENTED_EDGE('',*,*,#1835,.T.);
#2443=ORIENTED_EDGE('',*,*,#1850,.T.);
#2444=ORIENTED_EDGE('',*,*,#1843,.T.);
#2445=ORIENTED_EDGE('',*,*,#1838,.T.);
#2446=ORIENTED_EDGE('',*,*,#1871,.F.);
#2447=ORIENTED_EDGE('',*,*,#1872,.T.);
#2448=ORIENTED_EDGE('',*,*,#1873,.F.);
#2449=ORIENTED_EDGE('',*,*,#1874,.F.);
#2450=ORIENTED_EDGE('',*,*,#1875,.F.);
#2451=ORIENTED_EDGE('',*,*,#1876,.F.);
#2452=ORIENTED_EDGE('',*,*,#1877,.F.);
#2453=ORIENTED_EDGE('',*,*,#1878,.T.);
#2454=ORIENTED_EDGE('',*,*,#1649,.F.);
#2455=ORIENTED_EDGE('',*,*,#1879,.T.);
#2456=ORIENTED_EDGE('',*,*,#1880,.T.);
#2457=ORIENTED_EDGE('',*,*,#1881,.T.);
#2458=ORIENTED_EDGE('',*,*,#1882,.T.);
#2459=ORIENTED_EDGE('',*,*,#1883,.F.);
#2460=ORIENTED_EDGE('',*,*,#1884,.T.);
#2461=ORIENTED_EDGE('',*,*,#1885,.F.);
#2462=ORIENTED_EDGE('',*,*,#1886,.F.);
#2463=ORIENTED_EDGE('',*,*,#1887,.F.);
#2464=ORIENTED_EDGE('',*,*,#1888,.T.);
#2465=ORIENTED_EDGE('',*,*,#1736,.T.);
#2466=ORIENTED_EDGE('',*,*,#1889,.F.);
#2467=ORIENTED_EDGE('',*,*,#1887,.T.);
#2468=ORIENTED_EDGE('',*,*,#1890,.F.);
#2469=ORIENTED_EDGE('',*,*,#1796,.T.);
#2470=ORIENTED_EDGE('',*,*,#1868,.T.);
#2471=ORIENTED_EDGE('',*,*,#1891,.T.);
#2472=ORIENTED_EDGE('',*,*,#1892,.F.);
#2473=ORIENTED_EDGE('',*,*,#1893,.T.);
#2474=ORIENTED_EDGE('',*,*,#1894,.F.);
#2475=ORIENTED_EDGE('',*,*,#1895,.T.);
#2476=ORIENTED_EDGE('',*,*,#1896,.F.);
#2477=ORIENTED_EDGE('',*,*,#1897,.F.);
#2478=ORIENTED_EDGE('',*,*,#1898,.F.);
#2479=ORIENTED_EDGE('',*,*,#1899,.F.);
#2480=ORIENTED_EDGE('',*,*,#1855,.F.);
#2481=ORIENTED_EDGE('',*,*,#1900,.F.);
#2482=ORIENTED_EDGE('',*,*,#1861,.F.);
#2483=ORIENTED_EDGE('',*,*,#1901,.T.);
#2484=ORIENTED_EDGE('',*,*,#1902,.T.);
#2485=ORIENTED_EDGE('',*,*,#1903,.F.);
#2486=ORIENTED_EDGE('',*,*,#1904,.F.);
#2487=ORIENTED_EDGE('',*,*,#1905,.F.);
#2488=ORIENTED_EDGE('',*,*,#1657,.T.);
#2489=ORIENTED_EDGE('',*,*,#1668,.T.);
#2490=ORIENTED_EDGE('',*,*,#1670,.T.);
#2491=ORIENTED_EDGE('',*,*,#1695,.T.);
#2492=ORIENTED_EDGE('',*,*,#1705,.T.);
#2493=ORIENTED_EDGE('',*,*,#1702,.T.);
#2494=ORIENTED_EDGE('',*,*,#1700,.T.);
#2495=ORIENTED_EDGE('',*,*,#1688,.T.);
#2496=ORIENTED_EDGE('',*,*,#1692,.T.);
#2497=ORIENTED_EDGE('',*,*,#1693,.T.);
#2498=ORIENTED_EDGE('',*,*,#1699,.T.);
#2499=ORIENTED_EDGE('',*,*,#1716,.T.);
#2500=ORIENTED_EDGE('',*,*,#1732,.T.);
#2501=ORIENTED_EDGE('',*,*,#1727,.T.);
#2502=ORIENTED_EDGE('',*,*,#1724,.T.);
#2503=ORIENTED_EDGE('',*,*,#1706,.T.);
#2504=ORIENTED_EDGE('',*,*,#1712,.T.);
#2505=ORIENTED_EDGE('',*,*,#1713,.T.);
#2506=ORIENTED_EDGE('',*,*,#1723,.T.);
#2507=ORIENTED_EDGE('',*,*,#1906,.F.);
#2508=ORIENTED_EDGE('',*,*,#1825,.T.);
#2509=ORIENTED_EDGE('',*,*,#1862,.T.);
#2510=ORIENTED_EDGE('',*,*,#1900,.T.);
#2511=ORIENTED_EDGE('',*,*,#1857,.T.);
#2512=ORIENTED_EDGE('',*,*,#1650,.F.);
#2513=ORIENTED_EDGE('',*,*,#1878,.F.);
#2514=ORIENTED_EDGE('',*,*,#1634,.T.);
#2515=ORIENTED_EDGE('',*,*,#1907,.T.);
#2516=ORIENTED_EDGE('',*,*,#1908,.T.);
#2517=ORIENTED_EDGE('',*,*,#1879,.F.);
#2518=ORIENTED_EDGE('',*,*,#1648,.F.);
#2519=ORIENTED_EDGE('',*,*,#1909,.F.);
#2520=ORIENTED_EDGE('',*,*,#1910,.T.);
#2521=ORIENTED_EDGE('',*,*,#1911,.T.);
#2522=ORIENTED_EDGE('',*,*,#1912,.T.);
#2523=ORIENTED_EDGE('',*,*,#1630,.T.);
#2524=ORIENTED_EDGE('',*,*,#1913,.T.);
#2525=ORIENTED_EDGE('',*,*,#1660,.T.);
#2526=ORIENTED_EDGE('',*,*,#1914,.F.);
#2527=ORIENTED_EDGE('',*,*,#1903,.T.);
#2528=ORIENTED_EDGE('',*,*,#1915,.T.);
#2529=ORIENTED_EDGE('',*,*,#1632,.T.);
#2530=ORIENTED_EDGE('',*,*,#1916,.T.);
#2531=ORIENTED_EDGE('',*,*,#1917,.F.);
#2532=ORIENTED_EDGE('',*,*,#1893,.F.);
#2533=ORIENTED_EDGE('',*,*,#1918,.F.);
#2534=ORIENTED_EDGE('',*,*,#1919,.T.);
#2535=ORIENTED_EDGE('',*,*,#1846,.T.);
#2536=ORIENTED_EDGE('',*,*,#1920,.T.);
#2537=ORIENTED_EDGE('',*,*,#1921,.T.);
#2538=ORIENTED_EDGE('',*,*,#1922,.T.);
#2539=ORIENTED_EDGE('',*,*,#1739,.T.);
#2540=ORIENTED_EDGE('',*,*,#1923,.F.);
#2541=ORIENTED_EDGE('',*,*,#1921,.F.);
#2542=ORIENTED_EDGE('',*,*,#1924,.T.);
#2543=ORIENTED_EDGE('',*,*,#1865,.T.);
#2544=ORIENTED_EDGE('',*,*,#1852,.T.);
#2545=ORIENTED_EDGE('',*,*,#1925,.F.);
#2546=ORIENTED_EDGE('',*,*,#1872,.F.);
#2547=ORIENTED_EDGE('',*,*,#1926,.F.);
#2548=ORIENTED_EDGE('',*,*,#1927,.F.);
#2549=ORIENTED_EDGE('',*,*,#1928,.F.);
#2550=ORIENTED_EDGE('',*,*,#1895,.F.);
#2551=ORIENTED_EDGE('',*,*,#1929,.F.);
#2552=ORIENTED_EDGE('',*,*,#1927,.T.);
#2553=ORIENTED_EDGE('',*,*,#1930,.F.);
#2554=ORIENTED_EDGE('',*,*,#1931,.T.);
#2555=ORIENTED_EDGE('',*,*,#1907,.F.);
#2556=ORIENTED_EDGE('',*,*,#1633,.T.);
#2557=ORIENTED_EDGE('',*,*,#1915,.F.);
#2558=ORIENTED_EDGE('',*,*,#1902,.F.);
#2559=ORIENTED_EDGE('',*,*,#1932,.T.);
#2560=ORIENTED_EDGE('',*,*,#1883,.T.);
#2561=ORIENTED_EDGE('',*,*,#1889,.T.);
#2562=ORIENTED_EDGE('',*,*,#1928,.T.);
#2563=ORIENTED_EDGE('',*,*,#1933,.T.);
#2564=ORIENTED_EDGE('',*,*,#1933,.F.);
#2565=ORIENTED_EDGE('',*,*,#1932,.F.);
#2566=ORIENTED_EDGE('',*,*,#1901,.F.);
#2567=ORIENTED_EDGE('',*,*,#1870,.F.);
#2568=ORIENTED_EDGE('',*,*,#1934,.F.);
#2569=ORIENTED_EDGE('',*,*,#1935,.F.);
#2570=ORIENTED_EDGE('',*,*,#1884,.F.);
#2571=ORIENTED_EDGE('',*,*,#1929,.T.);
#2572=ORIENTED_EDGE('',*,*,#1894,.T.);
#2573=ORIENTED_EDGE('',*,*,#1917,.T.);
#2574=ORIENTED_EDGE('',*,*,#1923,.T.);
#2575=ORIENTED_EDGE('',*,*,#1930,.T.);
#2576=ORIENTED_EDGE('',*,*,#1926,.T.);
#2577=ORIENTED_EDGE('',*,*,#1871,.T.);
#2578=ORIENTED_EDGE('',*,*,#1936,.T.);
#2579=ORIENTED_EDGE('',*,*,#1936,.F.);
#2580=ORIENTED_EDGE('',*,*,#1880,.F.);
#2581=ORIENTED_EDGE('',*,*,#1908,.F.);
#2582=ORIENTED_EDGE('',*,*,#1931,.F.);
#2583=ORIENTED_EDGE('',*,*,#1662,.T.);
#2584=ORIENTED_EDGE('',*,*,#1663,.T.);
#2585=ORIENTED_EDGE('',*,*,#1937,.T.);
#2586=ORIENTED_EDGE('',*,*,#1938,.T.);
#2587=ORIENTED_EDGE('',*,*,#1937,.F.);
#2588=ORIENTED_EDGE('',*,*,#1938,.F.);
#2589=ORIENTED_EDGE('',*,*,#1939,.T.);
#2590=ORIENTED_EDGE('',*,*,#1911,.F.);
#2591=ORIENTED_EDGE('',*,*,#1631,.F.);
#2592=ORIENTED_EDGE('',*,*,#1912,.F.);
#2593=ORIENTED_EDGE('',*,*,#1939,.F.);
#2594=ORIENTED_EDGE('',*,*,#1637,.F.);
#2595=ORIENTED_EDGE('',*,*,#1940,.F.);
#2596=ORIENTED_EDGE('',*,*,#1941,.T.);
#2597=ORIENTED_EDGE('',*,*,#1942,.T.);
#2598=ORIENTED_EDGE('',*,*,#1943,.T.);
#2599=ORIENTED_EDGE('',*,*,#1940,.T.);
#2600=ORIENTED_EDGE('',*,*,#1944,.T.);
#2601=ORIENTED_EDGE('',*,*,#1942,.F.);
#2602=ORIENTED_EDGE('',*,*,#1945,.T.);
#2603=ORIENTED_EDGE('',*,*,#1661,.F.);
#2604=ORIENTED_EDGE('',*,*,#1913,.F.);
#2605=ORIENTED_EDGE('',*,*,#1629,.F.);
#2606=ORIENTED_EDGE('',*,*,#1943,.F.);
#2607=ORIENTED_EDGE('',*,*,#1944,.F.);
#2608=ORIENTED_EDGE('',*,*,#1946,.T.);
#2609=ORIENTED_EDGE('',*,*,#1918,.T.);
#2610=ORIENTED_EDGE('',*,*,#1892,.T.);
#2611=ORIENTED_EDGE('',*,*,#1947,.T.);
#2612=ORIENTED_EDGE('',*,*,#1788,.T.);
#2613=ORIENTED_EDGE('',*,*,#1948,.T.);
#2614=ORIENTED_EDGE('',*,*,#1849,.T.);
#2615=ORIENTED_EDGE('',*,*,#1919,.F.);
#2616=ORIENTED_EDGE('',*,*,#1946,.F.);
#2617=ORIENTED_EDGE('',*,*,#1949,.F.);
#2618=ORIENTED_EDGE('',*,*,#1866,.F.);
#2619=ORIENTED_EDGE('',*,*,#1924,.F.);
#2620=ORIENTED_EDGE('',*,*,#1920,.F.);
#2621=ORIENTED_EDGE('',*,*,#1840,.T.);
#2622=ORIENTED_EDGE('',*,*,#1845,.T.);
#2623=ORIENTED_EDGE('',*,*,#1793,.T.);
#2624=ORIENTED_EDGE('',*,*,#1769,.T.);
#2625=ORIENTED_EDGE('',*,*,#1797,.T.);
#2626=ORIENTED_EDGE('',*,*,#1890,.T.);
#2627=ORIENTED_EDGE('',*,*,#1886,.T.);
#2628=ORIENTED_EDGE('',*,*,#1950,.T.);
#2629=ORIENTED_EDGE('',*,*,#1885,.T.);
#2630=ORIENTED_EDGE('',*,*,#1935,.T.);
#2631=ORIENTED_EDGE('',*,*,#1951,.T.);
#2632=ORIENTED_EDGE('',*,*,#1817,.T.);
#2633=ORIENTED_EDGE('',*,*,#1952,.T.);
#2634=ORIENTED_EDGE('',*,*,#1950,.F.);
#2635=ORIENTED_EDGE('',*,*,#1820,.T.);
#2636=ORIENTED_EDGE('',*,*,#1951,.F.);
#2637=ORIENTED_EDGE('',*,*,#1934,.T.);
#2638=ORIENTED_EDGE('',*,*,#1869,.F.);
#2639=ORIENTED_EDGE('',*,*,#1794,.F.);
#2640=ORIENTED_EDGE('',*,*,#1952,.F.);
#2641=ORIENTED_EDGE('',*,*,#1811,.T.);
#2642=ORIENTED_EDGE('',*,*,#1816,.T.);
#2643=ORIENTED_EDGE('',*,*,#1822,.T.);
#2644=ORIENTED_EDGE('',*,*,#1798,.T.);
#2645=ORIENTED_EDGE('',*,*,#1826,.T.);
#2646=ORIENTED_EDGE('',*,*,#1906,.T.);
#2647=ORIENTED_EDGE('',*,*,#1877,.T.);
#2648=ORIENTED_EDGE('',*,*,#1953,.T.);
#2649=ORIENTED_EDGE('',*,*,#1764,.T.);
#2650=ORIENTED_EDGE('',*,*,#1740,.T.);
#2651=ORIENTED_EDGE('',*,*,#1768,.T.);
#2652=ORIENTED_EDGE('',*,*,#1954,.T.);
#2653=ORIENTED_EDGE('',*,*,#1874,.T.);
#2654=ORIENTED_EDGE('',*,*,#1955,.T.);
#2655=ORIENTED_EDGE('',*,*,#1873,.T.);
#2656=ORIENTED_EDGE('',*,*,#1925,.T.);
#2657=ORIENTED_EDGE('',*,*,#1851,.T.);
#2658=ORIENTED_EDGE('',*,*,#1827,.T.);
#2659=ORIENTED_EDGE('',*,*,#1854,.T.);
#2660=ORIENTED_EDGE('',*,*,#1955,.F.);
#2661=ORIENTED_EDGE('',*,*,#1956,.T.);
#2662=ORIENTED_EDGE('',*,*,#1875,.T.);
#2663=ORIENTED_EDGE('',*,*,#1954,.F.);
#2664=ORIENTED_EDGE('',*,*,#1957,.T.);
#2665=ORIENTED_EDGE('',*,*,#1876,.T.);
#2666=ORIENTED_EDGE('',*,*,#1956,.F.);
#2667=ORIENTED_EDGE('',*,*,#1958,.T.);
#2668=ORIENTED_EDGE('',*,*,#1759,.T.);
#2669=ORIENTED_EDGE('',*,*,#1959,.T.);
#2670=ORIENTED_EDGE('',*,*,#1953,.F.);
#2671=ORIENTED_EDGE('',*,*,#1762,.T.);
#2672=ORIENTED_EDGE('',*,*,#1958,.F.);
#2673=ORIENTED_EDGE('',*,*,#1960,.T.);
#2674=ORIENTED_EDGE('',*,*,#1863,.T.);
#2675=ORIENTED_EDGE('',*,*,#1823,.T.);
#2676=ORIENTED_EDGE('',*,*,#1959,.F.);
#2677=ORIENTED_EDGE('',*,*,#1753,.T.);
#2678=ORIENTED_EDGE('',*,*,#1758,.T.);
#2679=ORIENTED_EDGE('',*,*,#1957,.F.);
#2680=ORIENTED_EDGE('',*,*,#1767,.T.);
#2681=ORIENTED_EDGE('',*,*,#1864,.T.);
#2682=ORIENTED_EDGE('',*,*,#1960,.F.);
#2683=ORIENTED_EDGE('',*,*,#1627,.T.);
#2684=ORIENTED_EDGE('',*,*,#1961,.T.);
#2685=ORIENTED_EDGE('',*,*,#1962,.F.);
#2686=ORIENTED_EDGE('',*,*,#1905,.T.);
#2687=ORIENTED_EDGE('',*,*,#1963,.T.);
#2688=ORIENTED_EDGE('',*,*,#1646,.F.);
#2689=ORIENTED_EDGE('',*,*,#1659,.T.);
#2690=ORIENTED_EDGE('',*,*,#1635,.T.);
#2691=ORIENTED_EDGE('',*,*,#1909,.T.);
#2692=ORIENTED_EDGE('',*,*,#1647,.F.);
#2693=ORIENTED_EDGE('',*,*,#1963,.F.);
#2694=ORIENTED_EDGE('',*,*,#1904,.T.);
#2695=ORIENTED_EDGE('',*,*,#1914,.T.);
#2696=ORIENTED_EDGE('',*,*,#1791,.T.);
#2697=ORIENTED_EDGE('',*,*,#1947,.F.);
#2698=ORIENTED_EDGE('',*,*,#1891,.F.);
#2699=ORIENTED_EDGE('',*,*,#1867,.T.);
#2700=ORIENTED_EDGE('',*,*,#1949,.T.);
#2701=ORIENTED_EDGE('',*,*,#1948,.F.);
#2702=ORIENTED_EDGE('',*,*,#1782,.T.);
#2703=ORIENTED_EDGE('',*,*,#1787,.T.);
#2704=ORIENTED_EDGE('',*,*,#1899,.T.);
#2705=ORIENTED_EDGE('',*,*,#1964,.T.);
#2706=ORIENTED_EDGE('',*,*,#1642,.F.);
#2707=ORIENTED_EDGE('',*,*,#1856,.F.);
#2708=ORIENTED_EDGE('',*,*,#1898,.T.);
#2709=ORIENTED_EDGE('',*,*,#1965,.T.);
#2710=ORIENTED_EDGE('',*,*,#1643,.F.);
#2711=ORIENTED_EDGE('',*,*,#1964,.F.);
#2712=ORIENTED_EDGE('',*,*,#1966,.T.);
#2713=ORIENTED_EDGE('',*,*,#1967,.T.);
#2714=ORIENTED_EDGE('',*,*,#1968,.T.);
#2715=ORIENTED_EDGE('',*,*,#1967,.F.);
#2716=ORIENTED_EDGE('',*,*,#1969,.T.);
#2717=ORIENTED_EDGE('',*,*,#1968,.F.);
#2718=ORIENTED_EDGE('',*,*,#1966,.F.);
#2719=ORIENTED_EDGE('',*,*,#1970,.T.);
#2720=ORIENTED_EDGE('',*,*,#1860,.F.);
#2721=ORIENTED_EDGE('',*,*,#1970,.F.);
#2722=ORIENTED_EDGE('',*,*,#1969,.F.);
#2723=ORIENTED_EDGE('',*,*,#1971,.T.);
#2724=ORIENTED_EDGE('',*,*,#1972,.T.);
#2725=ORIENTED_EDGE('',*,*,#1973,.T.);
#2726=ORIENTED_EDGE('',*,*,#1972,.F.);
#2727=ORIENTED_EDGE('',*,*,#1974,.T.);
#2728=ORIENTED_EDGE('',*,*,#1973,.F.);
#2729=ORIENTED_EDGE('',*,*,#1971,.F.);
#2730=ORIENTED_EDGE('',*,*,#1975,.T.);
#2731=ORIENTED_EDGE('',*,*,#1859,.F.);
#2732=ORIENTED_EDGE('',*,*,#1975,.F.);
#2733=ORIENTED_EDGE('',*,*,#1974,.F.);
#2734=ORIENTED_EDGE('',*,*,#1976,.T.);
#2735=ORIENTED_EDGE('',*,*,#1977,.T.);
#2736=ORIENTED_EDGE('',*,*,#1978,.T.);
#2737=ORIENTED_EDGE('',*,*,#1977,.F.);
#2738=ORIENTED_EDGE('',*,*,#1979,.T.);
#2739=ORIENTED_EDGE('',*,*,#1978,.F.);
#2740=ORIENTED_EDGE('',*,*,#1976,.F.);
#2741=ORIENTED_EDGE('',*,*,#1980,.T.);
#2742=ORIENTED_EDGE('',*,*,#1858,.F.);
#2743=ORIENTED_EDGE('',*,*,#1980,.F.);
#2744=ORIENTED_EDGE('',*,*,#1979,.F.);
#2745=ORIENTED_EDGE('',*,*,#1981,.T.);
#2746=ORIENTED_EDGE('',*,*,#1982,.T.);
#2747=ORIENTED_EDGE('',*,*,#1983,.T.);
#2748=ORIENTED_EDGE('',*,*,#1982,.F.);
#2749=ORIENTED_EDGE('',*,*,#1984,.T.);
#2750=ORIENTED_EDGE('',*,*,#1983,.F.);
#2751=ORIENTED_EDGE('',*,*,#1981,.F.);
#2752=ORIENTED_EDGE('',*,*,#1985,.T.);
#2753=ORIENTED_EDGE('',*,*,#1945,.F.);
#2754=ORIENTED_EDGE('',*,*,#1941,.F.);
#2755=ORIENTED_EDGE('',*,*,#1985,.F.);
#2756=ORIENTED_EDGE('',*,*,#1984,.F.);
#2757=ORIENTED_EDGE('',*,*,#1986,.F.);
#2758=ORIENTED_EDGE('',*,*,#1987,.T.);
#2759=ORIENTED_EDGE('',*,*,#1988,.F.);
#2760=ORIENTED_EDGE('',*,*,#1989,.F.);
#2761=ORIENTED_EDGE('',*,*,#1987,.F.);
#2762=ORIENTED_EDGE('',*,*,#1988,.T.);
#2763=ORIENTED_EDGE('',*,*,#1989,.T.);
#2764=ORIENTED_EDGE('',*,*,#1990,.T.);
#2765=ORIENTED_EDGE('',*,*,#1991,.T.);
#2766=ORIENTED_EDGE('',*,*,#1990,.F.);
#2767=ORIENTED_EDGE('',*,*,#1991,.F.);
#2768=ORIENTED_EDGE('',*,*,#1992,.F.);
#2769=ORIENTED_EDGE('',*,*,#1993,.T.);
#2770=ORIENTED_EDGE('',*,*,#1994,.F.);
#2771=ORIENTED_EDGE('',*,*,#1995,.F.);
#2772=ORIENTED_EDGE('',*,*,#1993,.F.);
#2773=ORIENTED_EDGE('',*,*,#1994,.T.);
#2774=ORIENTED_EDGE('',*,*,#1995,.T.);
#2775=ORIENTED_EDGE('',*,*,#1996,.T.);
#2776=ORIENTED_EDGE('',*,*,#1997,.T.);
#2777=ORIENTED_EDGE('',*,*,#1996,.F.);
#2778=ORIENTED_EDGE('',*,*,#1997,.F.);
#2779=ORIENTED_EDGE('',*,*,#1998,.F.);
#2780=ORIENTED_EDGE('',*,*,#1999,.F.);
#2781=ORIENTED_EDGE('',*,*,#2000,.F.);
#2782=ORIENTED_EDGE('',*,*,#2001,.T.);
#2783=ORIENTED_EDGE('',*,*,#2002,.F.);
#2784=ORIENTED_EDGE('',*,*,#2003,.F.);
#2785=ORIENTED_EDGE('',*,*,#2001,.F.);
#2786=ORIENTED_EDGE('',*,*,#2002,.T.);
#2787=ORIENTED_EDGE('',*,*,#2003,.T.);
#2788=ORIENTED_EDGE('',*,*,#2004,.T.);
#2789=ORIENTED_EDGE('',*,*,#2005,.T.);
#2790=ORIENTED_EDGE('',*,*,#2004,.F.);
#2791=ORIENTED_EDGE('',*,*,#2005,.F.);
#2792=ORIENTED_EDGE('',*,*,#1730,.F.);
#2793=ORIENTED_EDGE('',*,*,#1999,.T.);
#2794=ORIENTED_EDGE('',*,*,#2006,.F.);
#2795=ORIENTED_EDGE('',*,*,#2007,.F.);
#2796=ORIENTED_EDGE('',*,*,#2008,.F.);
#2797=ORIENTED_EDGE('',*,*,#2009,.T.);
#2798=ORIENTED_EDGE('',*,*,#2010,.F.);
#2799=ORIENTED_EDGE('',*,*,#2011,.F.);
#2800=ORIENTED_EDGE('',*,*,#2009,.F.);
#2801=ORIENTED_EDGE('',*,*,#2010,.T.);
#2802=ORIENTED_EDGE('',*,*,#2011,.T.);
#2803=ORIENTED_EDGE('',*,*,#2012,.T.);
#2804=ORIENTED_EDGE('',*,*,#2013,.T.);
#2805=ORIENTED_EDGE('',*,*,#2012,.F.);
#2806=ORIENTED_EDGE('',*,*,#2013,.F.);
#2807=ORIENTED_EDGE('',*,*,#1719,.F.);
#2808=ORIENTED_EDGE('',*,*,#2007,.T.);
#2809=ORIENTED_EDGE('',*,*,#1697,.F.);
#2810=ORIENTED_EDGE('',*,*,#2014,.T.);
#2811=ORIENTED_EDGE('',*,*,#1677,.F.);
#2812=ORIENTED_EDGE('',*,*,#2014,.F.);
#2813=ORIENTED_EDGE('',*,*,#1678,.F.);
#2814=ORIENTED_EDGE('',*,*,#2015,.T.);
#2815=ORIENTED_EDGE('',*,*,#2016,.F.);
#2816=ORIENTED_EDGE('',*,*,#2017,.F.);
#2817=ORIENTED_EDGE('',*,*,#2015,.F.);
#2818=ORIENTED_EDGE('',*,*,#2016,.T.);
#2819=ORIENTED_EDGE('',*,*,#2017,.T.);
#2820=ORIENTED_EDGE('',*,*,#2018,.T.);
#2821=ORIENTED_EDGE('',*,*,#2019,.T.);
#2822=ORIENTED_EDGE('',*,*,#2018,.F.);
#2823=ORIENTED_EDGE('',*,*,#2019,.F.);
#2824=ORIENTED_EDGE('',*,*,#1704,.F.);
#2825=ORIENTED_EDGE('',*,*,#2020,.T.);
#2826=ORIENTED_EDGE('',*,*,#1672,.F.);
#2827=ORIENTED_EDGE('',*,*,#2020,.F.);
#2828=ORIENTED_EDGE('',*,*,#1673,.F.);
#2829=ORIENTED_EDGE('',*,*,#2021,.T.);
#2830=ORIENTED_EDGE('',*,*,#2022,.F.);
#2831=ORIENTED_EDGE('',*,*,#2023,.F.);
#2832=ORIENTED_EDGE('',*,*,#2021,.F.);
#2833=ORIENTED_EDGE('',*,*,#2022,.T.);
#2834=ORIENTED_EDGE('',*,*,#2023,.T.);
#2835=ORIENTED_EDGE('',*,*,#2024,.T.);
#2836=ORIENTED_EDGE('',*,*,#2025,.T.);
#2837=ORIENTED_EDGE('',*,*,#2024,.F.);
#2838=ORIENTED_EDGE('',*,*,#2025,.F.);
#2839=ORIENTED_EDGE('',*,*,#1687,.F.);
#2840=ORIENTED_EDGE('',*,*,#2026,.T.);
#2841=ORIENTED_EDGE('',*,*,#2027,.F.);
#2842=ORIENTED_EDGE('',*,*,#2028,.F.);
#2843=ORIENTED_EDGE('',*,*,#2026,.F.);
#2844=ORIENTED_EDGE('',*,*,#2027,.T.);
#2845=ORIENTED_EDGE('',*,*,#2028,.T.);
#2846=ORIENTED_EDGE('',*,*,#2029,.T.);
#2847=ORIENTED_EDGE('',*,*,#2030,.T.);
#2848=ORIENTED_EDGE('',*,*,#2029,.F.);
#2849=ORIENTED_EDGE('',*,*,#2030,.F.);
#2850=ORIENTED_EDGE('',*,*,#1686,.F.);
#2851=ORIENTED_EDGE('',*,*,#2031,.T.);
#2852=ORIENTED_EDGE('',*,*,#2032,.F.);
#2853=ORIENTED_EDGE('',*,*,#2033,.F.);
#2854=ORIENTED_EDGE('',*,*,#2031,.F.);
#2855=ORIENTED_EDGE('',*,*,#2032,.T.);
#2856=ORIENTED_EDGE('',*,*,#2033,.T.);
#2857=ORIENTED_EDGE('',*,*,#2034,.T.);
#2858=ORIENTED_EDGE('',*,*,#2035,.T.);
#2859=ORIENTED_EDGE('',*,*,#2034,.F.);
#2860=ORIENTED_EDGE('',*,*,#2035,.F.);
#2861=ORIENTED_EDGE('',*,*,#2036,.F.);
#2862=ORIENTED_EDGE('',*,*,#2037,.T.);
#2863=ORIENTED_EDGE('',*,*,#2038,.T.);
#2864=ORIENTED_EDGE('',*,*,#2036,.T.);
#2865=ORIENTED_EDGE('',*,*,#2038,.F.);
#2866=ORIENTED_EDGE('',*,*,#2039,.T.);
#2867=ORIENTED_EDGE('',*,*,#2037,.F.);
#2868=ORIENTED_EDGE('',*,*,#2040,.T.);
#2869=ORIENTED_EDGE('',*,*,#1922,.F.);
#2870=ORIENTED_EDGE('',*,*,#2040,.F.);
#2871=ORIENTED_EDGE('',*,*,#2039,.F.);
#2872=ORIENTED_EDGE('',*,*,#1961,.F.);
#2873=ORIENTED_EDGE('',*,*,#2041,.T.);
#2874=ORIENTED_EDGE('',*,*,#2042,.F.);
#2875=ORIENTED_EDGE('',*,*,#2043,.F.);
#2876=ORIENTED_EDGE('',*,*,#2041,.F.);
#2877=ORIENTED_EDGE('',*,*,#2042,.T.);
#2878=ORIENTED_EDGE('',*,*,#2043,.T.);
#2879=ORIENTED_EDGE('',*,*,#2044,.T.);
#2880=ORIENTED_EDGE('',*,*,#2045,.T.);
#2881=ORIENTED_EDGE('',*,*,#2044,.F.);
#2882=ORIENTED_EDGE('',*,*,#2046,.F.);
#2883=ORIENTED_EDGE('',*,*,#2047,.T.);
#2884=ORIENTED_EDGE('',*,*,#2048,.T.);
#2885=ORIENTED_EDGE('',*,*,#2046,.T.);
#2886=ORIENTED_EDGE('',*,*,#2048,.F.);
#2887=ORIENTED_EDGE('',*,*,#2049,.T.);
#2888=ORIENTED_EDGE('',*,*,#2045,.F.);
#2889=ORIENTED_EDGE('',*,*,#2047,.F.);
#2890=ORIENTED_EDGE('',*,*,#2050,.T.);
#2891=ORIENTED_EDGE('',*,*,#1882,.F.);
#2892=ORIENTED_EDGE('',*,*,#2050,.F.);
#2893=ORIENTED_EDGE('',*,*,#2049,.F.);
#2894=ORIENTED_EDGE('',*,*,#2051,.F.);
#2895=ORIENTED_EDGE('',*,*,#2052,.T.);
#2896=ORIENTED_EDGE('',*,*,#2053,.T.);
#2897=ORIENTED_EDGE('',*,*,#2051,.T.);
#2898=ORIENTED_EDGE('',*,*,#2053,.F.);
#2899=ORIENTED_EDGE('',*,*,#2054,.T.);
#2900=ORIENTED_EDGE('',*,*,#2052,.F.);
#2901=ORIENTED_EDGE('',*,*,#2055,.T.);
#2902=ORIENTED_EDGE('',*,*,#1888,.F.);
#2903=ORIENTED_EDGE('',*,*,#2055,.F.);
#2904=ORIENTED_EDGE('',*,*,#2054,.F.);
#2905=ORIENTED_EDGE('',*,*,#2056,.F.);
#2906=ORIENTED_EDGE('',*,*,#2057,.T.);
#2907=ORIENTED_EDGE('',*,*,#2058,.T.);
#2908=ORIENTED_EDGE('',*,*,#2056,.T.);
#2909=ORIENTED_EDGE('',*,*,#2058,.F.);
#2910=ORIENTED_EDGE('',*,*,#2059,.T.);
#2911=ORIENTED_EDGE('',*,*,#2057,.F.);
#2912=ORIENTED_EDGE('',*,*,#2060,.T.);
#2913=ORIENTED_EDGE('',*,*,#1881,.F.);
#2914=ORIENTED_EDGE('',*,*,#2060,.F.);
#2915=ORIENTED_EDGE('',*,*,#2059,.F.);
#2916=ORIENTED_EDGE('',*,*,#2061,.T.);
#2917=ORIENTED_EDGE('',*,*,#2062,.T.);
#2918=ORIENTED_EDGE('',*,*,#2063,.T.);
#2919=ORIENTED_EDGE('',*,*,#2062,.F.);
#2920=ORIENTED_EDGE('',*,*,#2064,.T.);
#2921=ORIENTED_EDGE('',*,*,#2063,.F.);
#2922=ORIENTED_EDGE('',*,*,#2061,.F.);
#2923=ORIENTED_EDGE('',*,*,#2065,.T.);
#2924=ORIENTED_EDGE('',*,*,#1916,.F.);
#2925=ORIENTED_EDGE('',*,*,#2065,.F.);
#2926=ORIENTED_EDGE('',*,*,#2064,.F.);
#2927=ORIENTED_EDGE('',*,*,#2066,.T.);
#2928=ORIENTED_EDGE('',*,*,#2067,.T.);
#2929=ORIENTED_EDGE('',*,*,#2068,.T.);
#2930=ORIENTED_EDGE('',*,*,#2067,.F.);
#2931=ORIENTED_EDGE('',*,*,#2069,.T.);
#2932=ORIENTED_EDGE('',*,*,#2068,.F.);
#2933=ORIENTED_EDGE('',*,*,#2066,.F.);
#2934=ORIENTED_EDGE('',*,*,#2070,.T.);
#2935=ORIENTED_EDGE('',*,*,#1910,.F.);
#2936=ORIENTED_EDGE('',*,*,#2070,.F.);
#2937=ORIENTED_EDGE('',*,*,#2069,.F.);
#2938=ORIENTED_EDGE('',*,*,#2071,.T.);
#2939=ORIENTED_EDGE('',*,*,#1644,.F.);
#2940=ORIENTED_EDGE('',*,*,#1965,.F.);
#2941=ORIENTED_EDGE('',*,*,#1897,.T.);
#2942=ORIENTED_EDGE('',*,*,#2071,.F.);
#2943=ORIENTED_EDGE('',*,*,#1896,.T.);
#2944=ORIENTED_EDGE('',*,*,#1962,.T.);
#2945=ORIENTED_EDGE('',*,*,#1645,.F.);
#2946=ORIENTED_EDGE('',*,*,#1998,.T.);
#2947=ORIENTED_EDGE('',*,*,#2000,.T.);
#2948=ORIENTED_EDGE('',*,*,#1729,.F.);
#2949=ORIENTED_EDGE('',*,*,#1733,.F.);
#2950=ORIENTED_EDGE('',*,*,#1720,.F.);
#2951=ORIENTED_EDGE('',*,*,#2006,.T.);
#2952=ORIENTED_EDGE('',*,*,#2008,.T.);
#2953=ORIENTED_EDGE('',*,*,#1718,.F.);
#2954=ORIENTED_EDGE('',*,*,#1722,.F.);
#2955=ORIENTED_EDGE('',*,*,#1714,.F.);
#2956=ORIENTED_EDGE('',*,*,#1710,.F.);
#2957=ORIENTED_EDGE('',*,*,#1708,.F.);
#2958=ORIENTED_EDGE('',*,*,#1726,.F.);
#2959=ORIENTED_EDGE('',*,*,#1731,.F.);
#2960=ORIENTED_EDGE('',*,*,#1986,.T.);
#2961=ORIENTED_EDGE('',*,*,#1992,.T.);
#2962=CYLINDRICAL_SURFACE('',#3180,0.295275590551181);
#2963=CYLINDRICAL_SURFACE('',#3184,0.375);
#2964=CYLINDRICAL_SURFACE('',#3192,0.375);
#2965=CYLINDRICAL_SURFACE('',#3194,0.375);
#2966=CYLINDRICAL_SURFACE('',#3198,0.295275590551181);
#2967=CYLINDRICAL_SURFACE('',#3317,0.177165354330709);
#2968=CYLINDRICAL_SURFACE('',#3318,0.216535433070866);
#2969=CYLINDRICAL_SURFACE('',#3325,0.216535433070866);
#2970=CYLINDRICAL_SURFACE('',#3338,0.295275590551181);
#2971=CYLINDRICAL_SURFACE('',#3351,0.196850393700787);
#2972=CYLINDRICAL_SURFACE('',#3357,0.196850393700787);
#2973=CYLINDRICAL_SURFACE('',#3363,0.196850393700787);
#2974=CYLINDRICAL_SURFACE('',#3369,0.196850393700787);
#2975=CYLINDRICAL_SURFACE('',#3370,0.167322834645669);
#2976=CYLINDRICAL_SURFACE('',#3378,0.167322834645669);
#2977=CYLINDRICAL_SURFACE('',#3386,0.167322834645669);
#2978=CYLINDRICAL_SURFACE('',#3397,0.167322834645669);
#2979=CYLINDRICAL_SURFACE('',#3410,0.167322834645669);
#2980=CYLINDRICAL_SURFACE('',#3419,0.167322834645669);
#2981=CYLINDRICAL_SURFACE('',#3426,0.167322834645669);
#2982=CYLINDRICAL_SURFACE('',#3433,0.167322834645669);
#2983=CYLINDRICAL_SURFACE('',#3445,0.15748031496063);
#2984=CYLINDRICAL_SURFACE('',#3446,0.255905511811024);
#2985=CYLINDRICAL_SURFACE('',#3458,0.15748031496063);
#2986=CYLINDRICAL_SURFACE('',#3464,0.15748031496063);
#2987=CYLINDRICAL_SURFACE('',#3470,0.157480314960631);
#2988=CYLINDRICAL_SURFACE('',#3476,0.196850393700787);
#2989=CYLINDRICAL_SURFACE('',#3482,0.196850393700787);
#2990=ADVANCED_FACE('',(#200),#2962,.F.);
#2991=ADVANCED_FACE('',(#201),#2963,.F.);
#2992=ADVANCED_FACE('',(#202,#48,#49,#50,#51,#52),#82,.T.);
#2993=ADVANCED_FACE('',(#203),#2964,.F.);
#2994=ADVANCED_FACE('',(#204),#2965,.F.);
#2995=ADVANCED_FACE('',(#205),#83,.T.);
#2996=ADVANCED_FACE('',(#206),#84,.T.);
#2997=ADVANCED_FACE('',(#207),#2966,.F.);
#2998=ADVANCED_FACE('',(#208),#34,.T.);
#2999=ADVANCED_FACE('',(#209),#85,.F.);
#3000=ADVANCED_FACE('',(#210,#53),#30,.T.);
#3001=ADVANCED_FACE('',(#211),#86,.F.);
#3002=ADVANCED_FACE('',(#212,#54),#31,.T.);
#3003=ADVANCED_FACE('',(#213),#87,.F.);
#3004=ADVANCED_FACE('',(#214,#55),#32,.T.);
#3005=ADVANCED_FACE('',(#215),#88,.F.);
#3006=ADVANCED_FACE('',(#216,#56),#33,.T.);
#3007=ADVANCED_FACE('',(#217),#89,.F.);
#3008=ADVANCED_FACE('',(#218,#57,#58),#90,.T.);
#3009=ADVANCED_FACE('',(#219),#91,.T.);
#3010=ADVANCED_FACE('',(#220),#92,.T.);
#3011=ADVANCED_FACE('',(#221),#93,.T.);
#3012=ADVANCED_FACE('',(#222),#94,.T.);
#3013=ADVANCED_FACE('',(#223),#95,.T.);
#3014=ADVANCED_FACE('',(#224),#96,.T.);
#3015=ADVANCED_FACE('',(#225),#97,.T.);
#3016=ADVANCED_FACE('',(#226),#98,.T.);
#3017=ADVANCED_FACE('',(#227),#99,.T.);
#3018=ADVANCED_FACE('',(#228),#100,.T.);
#3019=ADVANCED_FACE('',(#229),#101,.T.);
#3020=ADVANCED_FACE('',(#230),#102,.T.);
#3021=ADVANCED_FACE('',(#231),#103,.T.);
#3022=ADVANCED_FACE('',(#232),#104,.T.);
#3023=ADVANCED_FACE('',(#233),#105,.T.);
#3024=ADVANCED_FACE('',(#234),#106,.T.);
#3025=ADVANCED_FACE('',(#235),#19,.T.);
#3026=ADVANCED_FACE('',(#236),#107,.T.);
#3027=ADVANCED_FACE('',(#237),#20,.T.);
#3028=ADVANCED_FACE('',(#238),#108,.T.);
#3029=ADVANCED_FACE('',(#239),#109,.T.);
#3030=ADVANCED_FACE('',(#240),#110,.T.);
#3031=ADVANCED_FACE('',(#241),#111,.T.);
#3032=ADVANCED_FACE('',(#242),#112,.T.);
#3033=ADVANCED_FACE('',(#243),#113,.T.);
#3034=ADVANCED_FACE('',(#244),#114,.T.);
#3035=ADVANCED_FACE('',(#245),#115,.T.);
#3036=ADVANCED_FACE('',(#246),#116,.F.);
#3037=ADVANCED_FACE('',(#247),#117,.T.);
#3038=ADVANCED_FACE('',(#248),#118,.T.);
#3039=ADVANCED_FACE('',(#249),#119,.T.);
#3040=ADVANCED_FACE('',(#250),#120,.T.);
#3041=ADVANCED_FACE('',(#251),#121,.T.);
#3042=ADVANCED_FACE('',(#252),#122,.T.);
#3043=ADVANCED_FACE('',(#253),#123,.T.);
#3044=ADVANCED_FACE('',(#254),#124,.F.);
#3045=ADVANCED_FACE('',(#255),#125,.T.);
#3046=ADVANCED_FACE('',(#256),#126,.T.);
#3047=ADVANCED_FACE('',(#257),#127,.T.);
#3048=ADVANCED_FACE('',(#258),#128,.T.);
#3049=ADVANCED_FACE('',(#259),#129,.T.);
#3050=ADVANCED_FACE('',(#260),#130,.T.);
#3051=ADVANCED_FACE('',(#261),#131,.T.);
#3052=ADVANCED_FACE('',(#262),#132,.F.);
#3053=ADVANCED_FACE('',(#263),#133,.T.);
#3054=ADVANCED_FACE('',(#264),#134,.T.);
#3055=ADVANCED_FACE('',(#265),#135,.T.);
#3056=ADVANCED_FACE('',(#266),#136,.T.);
#3057=ADVANCED_FACE('',(#267),#137,.T.);
#3058=ADVANCED_FACE('',(#268),#138,.T.);
#3059=ADVANCED_FACE('',(#269),#139,.T.);
#3060=ADVANCED_FACE('',(#270),#140,.F.);
#3061=ADVANCED_FACE('',(#271,#59,#60,#61),#141,.T.);
#3062=ADVANCED_FACE('',(#272,#62,#63,#64,#65),#142,.T.);
#3063=ADVANCED_FACE('',(#273,#66,#67),#143,.T.);
#3064=ADVANCED_FACE('',(#274,#68,#69),#144,.T.);
#3065=ADVANCED_FACE('',(#275),#145,.T.);
#3066=ADVANCED_FACE('',(#276,#70,#71,#72,#73,#74),#146,.F.);
#3067=ADVANCED_FACE('',(#277),#147,.T.);
#3068=ADVANCED_FACE('',(#278,#75),#148,.T.);
#3069=ADVANCED_FACE('',(#279,#76),#149,.T.);
#3070=ADVANCED_FACE('',(#280,#77,#78),#150,.T.);
#3071=ADVANCED_FACE('',(#281),#151,.T.);
#3072=ADVANCED_FACE('',(#282),#152,.T.);
#3073=ADVANCED_FACE('',(#283),#153,.T.);
#3074=ADVANCED_FACE('',(#284),#154,.F.);
#3075=ADVANCED_FACE('',(#285),#155,.T.);
#3076=ADVANCED_FACE('',(#286),#156,.T.);
#3077=ADVANCED_FACE('',(#287),#157,.F.);
#3078=ADVANCED_FACE('',(#288),#35,.F.);
#3079=ADVANCED_FACE('',(#289),#2967,.F.);
#3080=ADVANCED_FACE('',(#290),#2968,.F.);
#3081=ADVANCED_FACE('',(#291),#36,.F.);
#3082=ADVANCED_FACE('',(#292),#2969,.F.);
#3083=ADVANCED_FACE('',(#293),#158,.T.);
#3084=ADVANCED_FACE('',(#294),#159,.F.);
#3085=ADVANCED_FACE('',(#295),#160,.T.);
#3086=ADVANCED_FACE('',(#296),#161,.T.);
#3087=ADVANCED_FACE('',(#297),#162,.F.);
#3088=ADVANCED_FACE('',(#298),#163,.T.);
#3089=ADVANCED_FACE('',(#299),#164,.T.);
#3090=ADVANCED_FACE('',(#300),#165,.T.);
#3091=ADVANCED_FACE('',(#301),#37,.F.);
#3092=ADVANCED_FACE('',(#302),#166,.T.);
#3093=ADVANCED_FACE('',(#303),#167,.F.);
#3094=ADVANCED_FACE('',(#304),#2970,.F.);
#3095=ADVANCED_FACE('',(#305,#79),#168,.T.);
#3096=ADVANCED_FACE('',(#306),#169,.T.);
#3097=ADVANCED_FACE('',(#307),#170,.T.);
#3098=ADVANCED_FACE('',(#308),#171,.F.);
#3099=ADVANCED_FACE('',(#309),#172,.T.);
#3100=ADVANCED_FACE('',(#310),#173,.T.);
#3101=ADVANCED_FACE('',(#311),#38,.T.);
#3102=ADVANCED_FACE('',(#312),#174,.F.);
#3103=ADVANCED_FACE('',(#313),#2971,.T.);
#3104=ADVANCED_FACE('',(#314),#39,.T.);
#3105=ADVANCED_FACE('',(#315),#175,.F.);
#3106=ADVANCED_FACE('',(#316),#2972,.T.);
#3107=ADVANCED_FACE('',(#317),#40,.T.);
#3108=ADVANCED_FACE('',(#318),#176,.F.);
#3109=ADVANCED_FACE('',(#319),#2973,.T.);
#3110=ADVANCED_FACE('',(#320),#41,.T.);
#3111=ADVANCED_FACE('',(#321),#177,.F.);
#3112=ADVANCED_FACE('',(#322),#2974,.T.);
#3113=ADVANCED_FACE('',(#323),#2975,.T.);
#3114=ADVANCED_FACE('',(#324),#21,.T.);
#3115=ADVANCED_FACE('',(#325),#178,.T.);
#3116=ADVANCED_FACE('',(#326),#2976,.T.);
#3117=ADVANCED_FACE('',(#327),#22,.T.);
#3118=ADVANCED_FACE('',(#328),#179,.T.);
#3119=ADVANCED_FACE('',(#329),#2977,.T.);
#3120=ADVANCED_FACE('',(#330),#23,.T.);
#3121=ADVANCED_FACE('',(#331),#180,.T.);
#3122=ADVANCED_FACE('',(#332),#181,.T.);
#3123=ADVANCED_FACE('',(#333),#2978,.T.);
#3124=ADVANCED_FACE('',(#334),#24,.T.);
#3125=ADVANCED_FACE('',(#335),#182,.T.);
#3126=ADVANCED_FACE('',(#336),#183,.T.);
#3127=ADVANCED_FACE('',(#337),#184,.T.);
#3128=ADVANCED_FACE('',(#338),#2979,.T.);
#3129=ADVANCED_FACE('',(#339),#25,.T.);
#3130=ADVANCED_FACE('',(#340),#185,.T.);
#3131=ADVANCED_FACE('',(#341),#186,.T.);
#3132=ADVANCED_FACE('',(#342),#2980,.T.);
#3133=ADVANCED_FACE('',(#343),#26,.T.);
#3134=ADVANCED_FACE('',(#344),#187,.T.);
#3135=ADVANCED_FACE('',(#345),#2981,.T.);
#3136=ADVANCED_FACE('',(#346),#27,.T.);
#3137=ADVANCED_FACE('',(#347),#188,.T.);
#3138=ADVANCED_FACE('',(#348),#2982,.T.);
#3139=ADVANCED_FACE('',(#349),#28,.T.);
#3140=ADVANCED_FACE('',(#350),#189,.T.);
#3141=ADVANCED_FACE('',(#351),#190,.T.);
#3142=ADVANCED_FACE('',(#352),#42,.T.);
#3143=ADVANCED_FACE('',(#353),#2983,.T.);
#3144=ADVANCED_FACE('',(#354),#2984,.T.);
#3145=ADVANCED_FACE('',(#355),#29,.T.);
#3146=ADVANCED_FACE('',(#356),#191,.T.);
#3147=ADVANCED_FACE('',(#357),#43,.T.);
#3148=ADVANCED_FACE('',(#358),#192,.T.);
#3149=ADVANCED_FACE('',(#359),#2985,.T.);
#3150=ADVANCED_FACE('',(#360),#193,.T.);
#3151=ADVANCED_FACE('',(#361),#44,.T.);
#3152=ADVANCED_FACE('',(#362),#2986,.T.);
#3153=ADVANCED_FACE('',(#363),#194,.T.);
#3154=ADVANCED_FACE('',(#364),#45,.T.);
#3155=ADVANCED_FACE('',(#365),#2987,.T.);
#3156=ADVANCED_FACE('',(#366),#46,.T.);
#3157=ADVANCED_FACE('',(#367),#195,.F.);
#3158=ADVANCED_FACE('',(#368),#2988,.T.);
#3159=ADVANCED_FACE('',(#369),#47,.T.);
#3160=ADVANCED_FACE('',(#370),#196,.F.);
#3161=ADVANCED_FACE('',(#371),#2989,.T.);
#3162=ADVANCED_FACE('',(#372),#197,.T.);
#3163=ADVANCED_FACE('',(#373),#198,.T.);
#3164=ADVANCED_FACE('',(#374,#80,#81),#199,.T.);
#3165=CLOSED_SHELL('',(#2990,#2991,#2992,#2993,#2994,#2995,#2996,#2997,
#2998,#2999,#3000,#3001,#3002,#3003,#3004,#3005,#3006,#3007,#3008,#3009,
#3010,#3011,#3012,#3013,#3014,#3015,#3016,#3017,#3018,#3019,#3020,#3021,
#3022,#3023,#3024,#3025,#3026,#3027,#3028,#3029,#3030,#3031,#3032,#3033,
#3034,#3035,#3036,#3037,#3038,#3039,#3040,#3041,#3042,#3043,#3044,#3045,
#3046,#3047,#3048,#3049,#3050,#3051,#3052,#3053,#3054,#3055,#3056,#3057,
#3058,#3059,#3060,#3061,#3062,#3063,#3064,#3065,#3066,#3067,#3068,#3069,
#3070,#3071,#3072,#3073,#3074,#3075,#3076,#3077,#3078,#3079,#3080,#3081,
#3082,#3083,#3084,#3085,#3086,#3087,#3088,#3089,#3090,#3091,#3092,#3093,
#3094,#3095,#3096,#3097,#3098,#3099,#3100,#3101,#3102,#3103,#3104,#3105,
#3106,#3107,#3108,#3109,#3110,#3111,#3112,#3113,#3114,#3115,#3116,#3117,
#3118,#3119,#3120,#3121,#3122,#3123,#3124,#3125,#3126,#3127,#3128,#3129,
#3130,#3131,#3132,#3133,#3134,#3135,#3136,#3137,#3138,#3139,#3140,#3141,
#3142,#3143,#3144,#3145,#3146,#3147,#3148,#3149,#3150,#3151,#3152,#3153,
#3154,#3155,#3156,#3157,#3158,#3159,#3160,#3161,#3162,#3163,#3164));
#3166=DERIVED_UNIT_ELEMENT(#3168,1.);
#3167=DERIVED_UNIT_ELEMENT(#5401,-3.);
#3168=(
MASS_UNIT()
NAMED_UNIT(*)
SI_UNIT(.KILO.,.GRAM.)
);
#3169=DERIVED_UNIT((#3166,#3167));
#3170=MEASURE_REPRESENTATION_ITEM('density measure',
POSITIVE_RATIO_MEASURE(7850.),#3169);
#3171=PROPERTY_DEFINITION_REPRESENTATION(#3176,#3173);
#3172=PROPERTY_DEFINITION_REPRESENTATION(#3177,#3174);
#3173=REPRESENTATION('material name',(#3175),#5396);
#3174=REPRESENTATION('density',(#3170),#5396);
#3175=DESCRIPTIVE_REPRESENTATION_ITEM('Stahl','Stahl');
#3176=PROPERTY_DEFINITION('material property','material name',#5414);
#3177=PROPERTY_DEFINITION('material property','density of part',#5414);
#3178=AXIS2_PLACEMENT_3D('',#4415,#3487,#3488);
#3179=AXIS2_PLACEMENT_3D('',#4416,#3489,#3490);
#3180=AXIS2_PLACEMENT_3D('',#4417,#3491,#3492);
#3181=AXIS2_PLACEMENT_3D('',#4419,#3493,#3494);
#3182=AXIS2_PLACEMENT_3D('',#4469,#3498,#3499);
#3183=AXIS2_PLACEMENT_3D('',#4473,#3501,#3502);
#3184=AXIS2_PLACEMENT_3D('',#4490,#3504,#3505);
#3185=AXIS2_PLACEMENT_3D('',#4492,#3506,#3507);
#3186=AXIS2_PLACEMENT_3D('',#4495,#3509,#3510);
#3187=AXIS2_PLACEMENT_3D('',#4496,#3511,#3512);
#3188=AXIS2_PLACEMENT_3D('',#4518,#3523,#3524);
#3189=AXIS2_PLACEMENT_3D('',#4520,#3525,#3526);
#3190=AXIS2_PLACEMENT_3D('',#4522,#3527,#3528);
#3191=AXIS2_PLACEMENT_3D('',#4524,#3529,#3530);
#3192=AXIS2_PLACEMENT_3D('',#4525,#3531,#3532);
#3193=AXIS2_PLACEMENT_3D('',#4528,#3534,#3535);
#3194=AXIS2_PLACEMENT_3D('',#4529,#3536,#3537);
#3195=AXIS2_PLACEMENT_3D('',#4531,#3538,#3539);
#3196=AXIS2_PLACEMENT_3D('',#4533,#3541,#3542);
#3197=AXIS2_PLACEMENT_3D('',#4534,#3543,#3544);
#3198=AXIS2_PLACEMENT_3D('',#4535,#3545,#3546);
#3199=AXIS2_PLACEMENT_3D('',#4537,#3547,#3548);
#3200=AXIS2_PLACEMENT_3D('',#4556,#3550,#3551);
#3201=AXIS2_PLACEMENT_3D('',#4559,#3552,#3553);
#3202=AXIS2_PLACEMENT_3D('',#4560,#3554,#3555);
#3203=AXIS2_PLACEMENT_3D('',#4563,#3557,#3558);
#3204=AXIS2_PLACEMENT_3D('',#4564,#3559,#3560);
#3205=AXIS2_PLACEMENT_3D('',#4565,#3561,#3562);
#3206=AXIS2_PLACEMENT_3D('',#4567,#3563,#3564);
#3207=AXIS2_PLACEMENT_3D('',#4568,#3565,#3566);
#3208=AXIS2_PLACEMENT_3D('',#4569,#3567,#3568);
#3209=AXIS2_PLACEMENT_3D('',#4571,#3569,#3570);
#3210=AXIS2_PLACEMENT_3D('',#4572,#3571,#3572);
#3211=AXIS2_PLACEMENT_3D('',#4573,#3573,#3574);
#3212=AXIS2_PLACEMENT_3D('',#4575,#3575,#3576);
#3213=AXIS2_PLACEMENT_3D('',#4577,#3577,#3578);
#3214=AXIS2_PLACEMENT_3D('',#4578,#3579,#3580);
#3215=AXIS2_PLACEMENT_3D('',#4579,#3581,#3582);
#3216=AXIS2_PLACEMENT_3D('',#4581,#3583,#3584);
#3217=AXIS2_PLACEMENT_3D('',#4583,#3585,#3586);
#3218=AXIS2_PLACEMENT_3D('',#4584,#3587,#3588);
#3219=AXIS2_PLACEMENT_3D('',#4585,#3589,#3590);
#3220=AXIS2_PLACEMENT_3D('',#4588,#3591,#3592);
#3221=AXIS2_PLACEMENT_3D('',#4590,#3593,#3594);
#3222=AXIS2_PLACEMENT_3D('',#4598,#3598,#3599);
#3223=AXIS2_PLACEMENT_3D('',#4600,#3600,#3601);
#3224=AXIS2_PLACEMENT_3D('',#4615,#3609,#3610);
#3225=AXIS2_PLACEMENT_3D('',#4617,#3611,#3612);
#3226=AXIS2_PLACEMENT_3D('',#4618,#3613,#3614);
#3227=AXIS2_PLACEMENT_3D('',#4624,#3618,#3619);
#3228=AXIS2_PLACEMENT_3D('',#4628,#3622,#3623);
#3229=AXIS2_PLACEMENT_3D('',#4632,#3626,#3627);
#3230=AXIS2_PLACEMENT_3D('',#4639,#3632,#3633);
#3231=AXIS2_PLACEMENT_3D('',#4641,#3635,#3636);
#3232=AXIS2_PLACEMENT_3D('',#4645,#3639,#3640);
#3233=AXIS2_PLACEMENT_3D('',#4650,#3644,#3645);
#3234=AXIS2_PLACEMENT_3D('',#4652,#3647,#3648);
#3235=AXIS2_PLACEMENT_3D('',#4661,#3653,#3654);
#3236=AXIS2_PLACEMENT_3D('',#4667,#3658,#3659);
#3237=AXIS2_PLACEMENT_3D('',#4673,#3663,#3664);
#3238=AXIS2_PLACEMENT_3D('',#4686,#3671,#3672);
#3239=AXIS2_PLACEMENT_3D('',#4689,#3675,#3676);
#3240=AXIS2_PLACEMENT_3D('',#4695,#3680,#3681);
#3241=AXIS2_PLACEMENT_3D('',#4705,#3687,#3688);
#3242=AXIS2_PLACEMENT_3D('',#4708,#3691,#3692);
#3243=AXIS2_PLACEMENT_3D('',#4710,#3693,#3694);
#3244=AXIS2_PLACEMENT_3D('',#4712,#3695,#3696);
#3245=AXIS2_PLACEMENT_3D('',#4713,#3697,#3698);
#3246=AXIS2_PLACEMENT_3D('',#4714,#3699,#3700);
#3247=AXIS2_PLACEMENT_3D('',#4715,#3701,#3702);
#3248=AXIS2_PLACEMENT_3D('',#4717,#3703,#3704);
#3249=AXIS2_PLACEMENT_3D('',#4719,#3705,#3706);
#3250=AXIS2_PLACEMENT_3D('',#4720,#3707,#3708);
#3251=AXIS2_PLACEMENT_3D('',#4721,#3709,#3710);
#3252=AXIS2_PLACEMENT_3D('',#4722,#3711,#3712);
#3253=AXIS2_PLACEMENT_3D('',#4731,#3717,#3718);
#3254=AXIS2_PLACEMENT_3D('',#4737,#3722,#3723);
#3255=AXIS2_PLACEMENT_3D('',#4746,#3728,#3729);
#3256=AXIS2_PLACEMENT_3D('',#4755,#3735,#3736);
#3257=AXIS2_PLACEMENT_3D('',#4761,#3740,#3741);
#3258=AXIS2_PLACEMENT_3D('',#4765,#3744,#3745);
#3259=AXIS2_PLACEMENT_3D('',#4769,#3749,#3750);
#3260=AXIS2_PLACEMENT_3D('',#4779,#3756,#3757);
#3261=AXIS2_PLACEMENT_3D('',#4788,#3762,#3763);
#3262=AXIS2_PLACEMENT_3D('',#4794,#3767,#3768);
#3263=AXIS2_PLACEMENT_3D('',#4803,#3773,#3774);
#3264=AXIS2_PLACEMENT_3D('',#4812,#3780,#3781);
#3265=AXIS2_PLACEMENT_3D('',#4818,#3785,#3786);
#3266=AXIS2_PLACEMENT_3D('',#4822,#3789,#3790);
#3267=AXIS2_PLACEMENT_3D('',#4826,#3794,#3795);
#3268=AXIS2_PLACEMENT_3D('',#4836,#3801,#3802);
#3269=AXIS2_PLACEMENT_3D('',#4845,#3807,#3808);
#3270=AXIS2_PLACEMENT_3D('',#4851,#3812,#3813);
#3271=AXIS2_PLACEMENT_3D('',#4860,#3818,#3819);
#3272=AXIS2_PLACEMENT_3D('',#4869,#3825,#3826);
#3273=AXIS2_PLACEMENT_3D('',#4875,#3830,#3831);
#3274=AXIS2_PLACEMENT_3D('',#4879,#3834,#3835);
#3275=AXIS2_PLACEMENT_3D('',#4883,#3839,#3840);
#3276=AXIS2_PLACEMENT_3D('',#4893,#3846,#3847);
#3277=AXIS2_PLACEMENT_3D('',#4902,#3852,#3853);
#3278=AXIS2_PLACEMENT_3D('',#4908,#3857,#3858);
#3279=AXIS2_PLACEMENT_3D('',#4917,#3863,#3864);
#3280=AXIS2_PLACEMENT_3D('',#4926,#3870,#3871);
#3281=AXIS2_PLACEMENT_3D('',#4932,#3875,#3876);
#3282=AXIS2_PLACEMENT_3D('',#4936,#3879,#3880);
#3283=AXIS2_PLACEMENT_3D('',#4940,#3884,#3885);
#3284=AXIS2_PLACEMENT_3D('',#4947,#3890,#3891);
#3285=AXIS2_PLACEMENT_3D('',#4954,#3895,#3896);
#3286=AXIS2_PLACEMENT_3D('',#4956,#3897,#3898);
#3287=AXIS2_PLACEMENT_3D('',#4958,#3899,#3900);
#3288=AXIS2_PLACEMENT_3D('',#4959,#3901,#3902);
#3289=AXIS2_PLACEMENT_3D('',#4966,#3906,#3907);
#3290=AXIS2_PLACEMENT_3D('',#4977,#3914,#3915);
#3291=AXIS2_PLACEMENT_3D('',#4988,#3920,#3921);
#3292=AXIS2_PLACEMENT_3D('',#4998,#3927,#3928);
#3293=AXIS2_PLACEMENT_3D('',#5000,#3929,#3930);
#3294=AXIS2_PLACEMENT_3D('',#5001,#3931,#3932);
#3295=AXIS2_PLACEMENT_3D('',#5013,#3938,#3939);
#3296=AXIS2_PLACEMENT_3D('',#5014,#3940,#3941);
#3297=AXIS2_PLACEMENT_3D('',#5027,#3949,#3950);
#3298=AXIS2_PLACEMENT_3D('',#5046,#3961,#3962);
#3299=AXIS2_PLACEMENT_3D('',#5048,#3964,#3965);
#3300=AXIS2_PLACEMENT_3D('',#5054,#3969,#3970);
#3301=AXIS2_PLACEMENT_3D('',#5055,#3971,#3972);
#3302=AXIS2_PLACEMENT_3D('',#5057,#3973,#3974);
#3303=AXIS2_PLACEMENT_3D('',#5058,#3975,#3976);
#3304=AXIS2_PLACEMENT_3D('',#5059,#3977,#3978);
#3305=AXIS2_PLACEMENT_3D('',#5063,#3981,#3982);
#3306=AXIS2_PLACEMENT_3D('',#5064,#3983,#3984);
#3307=AXIS2_PLACEMENT_3D('',#5074,#3990,#3991);
#3308=AXIS2_PLACEMENT_3D('',#5075,#3992,#3993);
#3309=AXIS2_PLACEMENT_3D('',#5083,#3999,#4000);
#3310=AXIS2_PLACEMENT_3D('',#5091,#4006,#4007);
#3311=AXIS2_PLACEMENT_3D('',#5093,#4009,#4010);
#3312=AXIS2_PLACEMENT_3D('',#5097,#4013,#4014);
#3313=AXIS2_PLACEMENT_3D('',#5098,#4015,#4016);
#3314=AXIS2_PLACEMENT_3D('',#5100,#4018,#4019);
#3315=AXIS2_PLACEMENT_3D('',#5101,#4020,#4021);
#3316=AXIS2_PLACEMENT_3D('',#5104,#4023,#4024);
#3317=AXIS2_PLACEMENT_3D('',#5105,#4025,#4026);
#3318=AXIS2_PLACEMENT_3D('',#5107,#4028,#4029);
#3319=AXIS2_PLACEMENT_3D('',#5108,#4030,#4031);
#3320=AXIS2_PLACEMENT_3D('',#5109,#4032,#4033);
#3321=AXIS2_PLACEMENT_3D('',#5112,#4034,#4035);
#3322=AXIS2_PLACEMENT_3D('',#5115,#4037,#4038);
#3323=AXIS2_PLACEMENT_3D('',#5116,#4039,#4040);
#3324=AXIS2_PLACEMENT_3D('',#5117,#4041,#4042);
#3325=AXIS2_PLACEMENT_3D('',#5118,#4043,#4044);
#3326=AXIS2_PLACEMENT_3D('',#5119,#4045,#4046);
#3327=AXIS2_PLACEMENT_3D('',#5124,#4050,#4051);
#3328=AXIS2_PLACEMENT_3D('',#5126,#4053,#4054);
#3329=AXIS2_PLACEMENT_3D('',#5128,#4056,#4057);
#3330=AXIS2_PLACEMENT_3D('',#5131,#4060,#4061);
#3331=AXIS2_PLACEMENT_3D('',#5132,#4062,#4063);
#3332=AXIS2_PLACEMENT_3D('',#5134,#4065,#4066);
#3333=AXIS2_PLACEMENT_3D('',#5137,#4069,#4070);
#3334=AXIS2_PLACEMENT_3D('',#5138,#4071,#4072);
#3335=AXIS2_PLACEMENT_3D('',#5141,#4074,#4075);
#3336=AXIS2_PLACEMENT_3D('',#5142,#4076,#4077);
#3337=AXIS2_PLACEMENT_3D('',#5145,#4080,#4081);
#3338=AXIS2_PLACEMENT_3D('',#5147,#4083,#4084);
#3339=AXIS2_PLACEMENT_3D('',#5148,#4085,#4086);
#3340=AXIS2_PLACEMENT_3D('',#5150,#4087,#4088);
#3341=AXIS2_PLACEMENT_3D('',#5151,#4089,#4090);
#3342=AXIS2_PLACEMENT_3D('',#5154,#4093,#4094);
#3343=AXIS2_PLACEMENT_3D('',#5155,#4095,#4096);
#3344=AXIS2_PLACEMENT_3D('',#5156,#4097,#4098);
#3345=AXIS2_PLACEMENT_3D('',#5158,#4100,#4101);
#3346=AXIS2_PLACEMENT_3D('',#5160,#4103,#4104);
#3347=AXIS2_PLACEMENT_3D('',#5163,#4105,#4106);
#3348=AXIS2_PLACEMENT_3D('',#5166,#4108,#4109);
#3349=AXIS2_PLACEMENT_3D('',#5167,#4110,#4111);
#3350=AXIS2_PLACEMENT_3D('',#5168,#4112,#4113);
#3351=AXIS2_PLACEMENT_3D('',#5169,#4114,#4115);
#3352=AXIS2_PLACEMENT_3D('',#5171,#4117,#4118);
#3353=AXIS2_PLACEMENT_3D('',#5174,#4119,#4120);
#3354=AXIS2_PLACEMENT_3D('',#5177,#4122,#4123);
#3355=AXIS2_PLACEMENT_3D('',#5178,#4124,#4125);
#3356=AXIS2_PLACEMENT_3D('',#5179,#4126,#4127);
#3357=AXIS2_PLACEMENT_3D('',#5180,#4128,#4129);
#3358=AXIS2_PLACEMENT_3D('',#5182,#4131,#4132);
#3359=AXIS2_PLACEMENT_3D('',#5185,#4133,#4134);
#3360=AXIS2_PLACEMENT_3D('',#5188,#4136,#4137);
#3361=AXIS2_PLACEMENT_3D('',#5189,#4138,#4139);
#3362=AXIS2_PLACEMENT_3D('',#5190,#4140,#4141);
#3363=AXIS2_PLACEMENT_3D('',#5191,#4142,#4143);
#3364=AXIS2_PLACEMENT_3D('',#5193,#4145,#4146);
#3365=AXIS2_PLACEMENT_3D('',#5196,#4147,#4148);
#3366=AXIS2_PLACEMENT_3D('',#5199,#4150,#4151);
#3367=AXIS2_PLACEMENT_3D('',#5200,#4152,#4153);
#3368=AXIS2_PLACEMENT_3D('',#5201,#4154,#4155);
#3369=AXIS2_PLACEMENT_3D('',#5202,#4156,#4157);
#3370=AXIS2_PLACEMENT_3D('',#5204,#4159,#4160);
#3371=AXIS2_PLACEMENT_3D('',#5206,#4161,#4162);
#3372=AXIS2_PLACEMENT_3D('',#5210,#4164,#4165);
#3373=AXIS2_PLACEMENT_3D('',#5211,#4166,#4167);
#3374=AXIS2_PLACEMENT_3D('',#5212,#4168,#4169);
#3375=AXIS2_PLACEMENT_3D('',#5214,#4170,#4171);
#3376=AXIS2_PLACEMENT_3D('',#5215,#4172,#4173);
#3377=AXIS2_PLACEMENT_3D('',#5216,#4174,#4175);
#3378=AXIS2_PLACEMENT_3D('',#5217,#4176,#4177);
#3379=AXIS2_PLACEMENT_3D('',#5219,#4178,#4179);
#3380=AXIS2_PLACEMENT_3D('',#5223,#4181,#4182);
#3381=AXIS2_PLACEMENT_3D('',#5224,#4183,#4184);
#3382=AXIS2_PLACEMENT_3D('',#5225,#4185,#4186);
#3383=AXIS2_PLACEMENT_3D('',#5227,#4187,#4188);
#3384=AXIS2_PLACEMENT_3D('',#5228,#4189,#4190);
#3385=AXIS2_PLACEMENT_3D('',#5229,#4191,#4192);
#3386=AXIS2_PLACEMENT_3D('',#5230,#4193,#4194);
#3387=AXIS2_PLACEMENT_3D('',#5232,#4195,#4196);
#3388=AXIS2_PLACEMENT_3D('',#5233,#4197,#4198);
#3389=AXIS2_PLACEMENT_3D('',#5234,#4199,#4200);
#3390=AXIS2_PLACEMENT_3D('',#5238,#4202,#4203);
#3391=AXIS2_PLACEMENT_3D('',#5239,#4204,#4205);
#3392=AXIS2_PLACEMENT_3D('',#5240,#4206,#4207);
#3393=AXIS2_PLACEMENT_3D('',#5242,#4208,#4209);
#3394=AXIS2_PLACEMENT_3D('',#5243,#4210,#4211);
#3395=AXIS2_PLACEMENT_3D('',#5244,#4212,#4213);
#3396=AXIS2_PLACEMENT_3D('',#5245,#4214,#4215);
#3397=AXIS2_PLACEMENT_3D('',#5246,#4216,#4217);
#3398=AXIS2_PLACEMENT_3D('',#5248,#4218,#4219);
#3399=AXIS2_PLACEMENT_3D('',#5249,#4220,#4221);
#3400=AXIS2_PLACEMENT_3D('',#5250,#4222,#4223);
#3401=AXIS2_PLACEMENT_3D('',#5254,#4225,#4226);
#3402=AXIS2_PLACEMENT_3D('',#5255,#4227,#4228);
#3403=AXIS2_PLACEMENT_3D('',#5256,#4229,#4230);
#3404=AXIS2_PLACEMENT_3D('',#5258,#4231,#4232);
#3405=AXIS2_PLACEMENT_3D('',#5259,#4233,#4234);
#3406=AXIS2_PLACEMENT_3D('',#5260,#4235,#4236);
#3407=AXIS2_PLACEMENT_3D('',#5261,#4237,#4238);
#3408=AXIS2_PLACEMENT_3D('',#5262,#4239,#4240);
#3409=AXIS2_PLACEMENT_3D('',#5263,#4241,#4242);
#3410=AXIS2_PLACEMENT_3D('',#5264,#4243,#4244);
#3411=AXIS2_PLACEMENT_3D('',#5268,#4246,#4247);
#3412=AXIS2_PLACEMENT_3D('',#5269,#4248,#4249);
#3413=AXIS2_PLACEMENT_3D('',#5270,#4250,#4251);
#3414=AXIS2_PLACEMENT_3D('',#5272,#4252,#4253);
#3415=AXIS2_PLACEMENT_3D('',#5273,#4254,#4255);
#3416=AXIS2_PLACEMENT_3D('',#5274,#4256,#4257);
#3417=AXIS2_PLACEMENT_3D('',#5275,#4258,#4259);
#3418=AXIS2_PLACEMENT_3D('',#5276,#4260,#4261);
#3419=AXIS2_PLACEMENT_3D('',#5277,#4262,#4263);
#3420=AXIS2_PLACEMENT_3D('',#5281,#4265,#4266);
#3421=AXIS2_PLACEMENT_3D('',#5282,#4267,#4268);
#3422=AXIS2_PLACEMENT_3D('',#5283,#4269,#4270);
#3423=AXIS2_PLACEMENT_3D('',#5285,#4271,#4272);
#3424=AXIS2_PLACEMENT_3D('',#5286,#4273,#4274);
#3425=AXIS2_PLACEMENT_3D('',#5287,#4275,#4276);
#3426=AXIS2_PLACEMENT_3D('',#5288,#4277,#4278);
#3427=AXIS2_PLACEMENT_3D('',#5292,#4280,#4281);
#3428=AXIS2_PLACEMENT_3D('',#5293,#4282,#4283);
#3429=AXIS2_PLACEMENT_3D('',#5294,#4284,#4285);
#3430=AXIS2_PLACEMENT_3D('',#5296,#4286,#4287);
#3431=AXIS2_PLACEMENT_3D('',#5297,#4288,#4289);
#3432=AXIS2_PLACEMENT_3D('',#5298,#4290,#4291);
#3433=AXIS2_PLACEMENT_3D('',#5299,#4292,#4293);
#3434=AXIS2_PLACEMENT_3D('',#5303,#4295,#4296);
#3435=AXIS2_PLACEMENT_3D('',#5304,#4297,#4298);
#3436=AXIS2_PLACEMENT_3D('',#5305,#4299,#4300);
#3437=AXIS2_PLACEMENT_3D('',#5307,#4301,#4302);
#3438=AXIS2_PLACEMENT_3D('',#5308,#4303,#4304);
#3439=AXIS2_PLACEMENT_3D('',#5309,#4305,#4306);
#3440=AXIS2_PLACEMENT_3D('',#5310,#4307,#4308);
#3441=AXIS2_PLACEMENT_3D('',#5312,#4309,#4310);
#3442=AXIS2_PLACEMENT_3D('',#5313,#4311,#4312);
#3443=AXIS2_PLACEMENT_3D('',#5316,#4313,#4314);
#3444=AXIS2_PLACEMENT_3D('',#5318,#4316,#4317);
#3445=AXIS2_PLACEMENT_3D('',#5319,#4318,#4319);
#3446=AXIS2_PLACEMENT_3D('',#5321,#4321,#4322);
#3447=AXIS2_PLACEMENT_3D('',#5325,#4324,#4325);
#3448=AXIS2_PLACEMENT_3D('',#5326,#4326,#4327);
#3449=AXIS2_PLACEMENT_3D('',#5327,#4328,#4329);
#3450=AXIS2_PLACEMENT_3D('',#5329,#4330,#4331);
#3451=AXIS2_PLACEMENT_3D('',#5330,#4332,#4333);
#3452=AXIS2_PLACEMENT_3D('',#5331,#4334,#4335);
#3453=AXIS2_PLACEMENT_3D('',#5333,#4336,#4337);
#3454=AXIS2_PLACEMENT_3D('',#5334,#4338,#4339);
#3455=AXIS2_PLACEMENT_3D('',#5337,#4340,#4341);
#3456=AXIS2_PLACEMENT_3D('',#5339,#4343,#4344);
#3457=AXIS2_PLACEMENT_3D('',#5340,#4345,#4346);
#3458=AXIS2_PLACEMENT_3D('',#5341,#4347,#4348);
#3459=AXIS2_PLACEMENT_3D('',#5343,#4350,#4351);
#3460=AXIS2_PLACEMENT_3D('',#5345,#4352,#4353);
#3461=AXIS2_PLACEMENT_3D('',#5346,#4354,#4355);
#3462=AXIS2_PLACEMENT_3D('',#5349,#4356,#4357);
#3463=AXIS2_PLACEMENT_3D('',#5351,#4359,#4360);
#3464=AXIS2_PLACEMENT_3D('',#5352,#4361,#4362);
#3465=AXIS2_PLACEMENT_3D('',#5354,#4364,#4365);
#3466=AXIS2_PLACEMENT_3D('',#5356,#4366,#4367);
#3467=AXIS2_PLACEMENT_3D('',#5357,#4368,#4369);
#3468=AXIS2_PLACEMENT_3D('',#5360,#4370,#4371);
#3469=AXIS2_PLACEMENT_3D('',#5362,#4373,#4374);
#3470=AXIS2_PLACEMENT_3D('',#5363,#4375,#4376);
#3471=AXIS2_PLACEMENT_3D('',#5365,#4378,#4379);
#3472=AXIS2_PLACEMENT_3D('',#5368,#4380,#4381);
#3473=AXIS2_PLACEMENT_3D('',#5371,#4383,#4384);
#3474=AXIS2_PLACEMENT_3D('',#5372,#4385,#4386);
#3475=AXIS2_PLACEMENT_3D('',#5373,#4387,#4388);
#3476=AXIS2_PLACEMENT_3D('',#5374,#4389,#4390);
#3477=AXIS2_PLACEMENT_3D('',#5376,#4392,#4393);
#3478=AXIS2_PLACEMENT_3D('',#5379,#4394,#4395);
#3479=AXIS2_PLACEMENT_3D('',#5382,#4397,#4398);
#3480=AXIS2_PLACEMENT_3D('',#5383,#4399,#4400);
#3481=AXIS2_PLACEMENT_3D('',#5384,#4401,#4402);
#3482=AXIS2_PLACEMENT_3D('',#5385,#4403,#4404);
#3483=AXIS2_PLACEMENT_3D('',#5387,#4406,#4407);
#3484=AXIS2_PLACEMENT_3D('',#5389,#4409,#4410);
#3485=AXIS2_PLACEMENT_3D('',#5390,#4411,#4412);
#3486=AXIS2_PLACEMENT_3D('',#5391,#4413,#4414);
#3487=DIRECTION('axis',(0.,0.,1.));
#3488=DIRECTION('refdir',(1.,0.,0.));
#3489=DIRECTION('axis',(0.,0.,1.));
#3490=DIRECTION('refdir',(1.,0.,0.));
#3491=DIRECTION('center_axis',(-6.66133814775094E-16,-1.54295141973838E-16,
-1.));
#3492=DIRECTION('ref_axis',(9.55927882651318E-16,1.,-1.54295141973839E-16));
#3493=DIRECTION('center_axis',(-6.66133814775094E-16,-1.54295141973838E-16,
-1.));
#3494=DIRECTION('ref_axis',(9.55927882651318E-16,1.,-1.54295141973839E-16));
#3495=DIRECTION('',(-6.66133814775094E-16,-1.54295141973838E-16,-1.));
#3496=DIRECTION('',(-6.66133814775094E-16,-1.54295141973838E-16,-1.));
#3497=DIRECTION('',(-6.66133814775094E-16,-1.54295141973838E-16,-1.));
#3498=DIRECTION('center_axis',(6.66133814775094E-16,1.54295141973838E-16,
1.));
#3499=DIRECTION('ref_axis',(9.55927882651318E-16,1.,-1.54295141973839E-16));
#3500=DIRECTION('',(6.66133814775094E-16,1.54295141973838E-16,1.));
#3501=DIRECTION('center_axis',(-2.04915350542913E-16,-0.707106781186547,
0.707106781186548));
#3502=DIRECTION('ref_axis',(1.14697082575318E-15,0.707106781186548,0.707106781186547));
#3503=DIRECTION('',(-6.66133814775094E-16,-1.54295141973838E-16,-1.));
#3504=DIRECTION('center_axis',(-1.,0.,0.));
#3505=DIRECTION('ref_axis',(0.,1.,0.));
#3506=DIRECTION('center_axis',(-1.,9.55927882651318E-16,6.66133814775094E-16));
#3507=DIRECTION('ref_axis',(0.,1.,0.));
#3508=DIRECTION('',(-1.,0.,0.));
#3509=DIRECTION('center_axis',(-1.,0.,0.));
#3510=DIRECTION('ref_axis',(0.,1.,0.));
#3511=DIRECTION('center_axis',(1.,-9.55927882651318E-16,-6.66133814775094E-16));
#3512=DIRECTION('ref_axis',(-9.55927882651318E-16,-1.,1.54295141973839E-16));
#3513=DIRECTION('',(-8.9084819723041E-16,-0.25881904510252,-0.965925826289069));
#3514=DIRECTION('',(-9.89248645894092E-17,0.500000000000001,-0.866025403784438));
#3515=DIRECTION('',(7.50947312072141E-16,0.965925826289067,-0.258819045102525));
#3516=DIRECTION('',(9.55927882651318E-16,1.,-1.54295141973839E-16));
#3517=DIRECTION('',(2.04915350542911E-16,0.707106781186547,-0.707106781186548));
#3518=DIRECTION('',(9.55927882651318E-16,1.,-1.54295141973839E-16));
#3519=DIRECTION('',(1.14697082575318E-15,0.707106781186548,0.707106781186547));
#3520=DIRECTION('',(6.66133814775094E-16,9.34610036382132E-17,1.));
#3521=DIRECTION('',(-9.55927882651318E-16,-1.,4.68386162474976E-31));
#3522=DIRECTION('',(-1.10079388835848E-15,-0.587785252292473,-0.809016994374947));
#3523=DIRECTION('center_axis',(1.,-9.55927882651318E-16,-6.66133814775094E-16));
#3524=DIRECTION('ref_axis',(0.,1.,0.));
#3525=DIRECTION('center_axis',(-1.,9.55927882651318E-16,6.66133814775094E-16));
#3526=DIRECTION('ref_axis',(6.66133814775094E-16,0.,1.));
#3527=DIRECTION('center_axis',(-1.,9.55927882651318E-16,6.66133814775094E-16));
#3528=DIRECTION('ref_axis',(6.66133814775094E-16,0.,1.));
#3529=DIRECTION('center_axis',(-1.,9.55927882651318E-16,6.66133814775094E-16));
#3530=DIRECTION('ref_axis',(0.,1.,0.));
#3531=DIRECTION('center_axis',(-1.,0.,0.));
#3532=DIRECTION('ref_axis',(0.,1.,0.));
#3533=DIRECTION('',(-1.,0.,0.));
#3534=DIRECTION('center_axis',(-1.,0.,0.));
#3535=DIRECTION('ref_axis',(0.,1.,0.));
#3536=DIRECTION('center_axis',(1.,0.,0.));
#3537=DIRECTION('ref_axis',(0.,1.,0.));
#3538=DIRECTION('center_axis',(1.,-1.19601582227981E-15,-6.66133814775094E-16));
#3539=DIRECTION('ref_axis',(0.,1.,0.));
#3540=DIRECTION('',(1.,0.,0.));
#3541=DIRECTION('center_axis',(1.,0.,0.));
#3542=DIRECTION('ref_axis',(0.,1.,0.));
#3543=DIRECTION('center_axis',(1.,0.,0.));
#3544=DIRECTION('ref_axis',(0.,1.,0.));
#3545=DIRECTION('center_axis',(-6.66133814775094E-16,-1.54295141973838E-16,
-1.));
#3546=DIRECTION('ref_axis',(9.55927882651318E-16,1.,-1.54295141973839E-16));
#3547=DIRECTION('center_axis',(-2.04915350542913E-16,-0.707106781186547,
0.707106781186548));
#3548=DIRECTION('ref_axis',(1.14697082575318E-15,0.707106781186548,0.707106781186547));
#3549=DIRECTION('',(-6.66133814775094E-16,-1.54295141973838E-16,-1.));
#3550=DIRECTION('center_axis',(-9.55927882651318E-16,-1.,9.34610036382138E-17));
#3551=DIRECTION('ref_axis',(-2.22892332539288E-14,9.34610036382351E-17,
1.));
#3552=DIRECTION('center_axis',(-9.55927882651318E-16,-1.,9.34610036382138E-17));
#3553=DIRECTION('ref_axis',(-2.22892332539288E-14,9.34610036382351E-17,
1.));
#3554=DIRECTION('center_axis',(-9.55927882651318E-16,-1.,9.34610036382138E-17));
#3555=DIRECTION('ref_axis',(-2.22892332539288E-14,9.34610036382351E-17,
1.));
#3556=DIRECTION('',(-1.51715204987773E-14,0.707106781186548,0.707106781186547));
#3557=DIRECTION('center_axis',(-9.55927882651318E-16,-1.,9.34610036382138E-17));
#3558=DIRECTION('ref_axis',(-2.22892332539288E-14,9.34610036382351E-17,
1.));
#3559=DIRECTION('center_axis',(-9.55927882651318E-16,-1.,9.34610036382138E-17));
#3560=DIRECTION('ref_axis',(-1.,9.55927882651316E-16,-2.22892332539288E-14));
#3561=DIRECTION('center_axis',(-1.13365486735594E-15,-0.9506717719868,-0.310198616933536));
#3562=DIRECTION('ref_axis',(0.999999918037875,0.000125591848109191,-0.000384903794769195));
#3563=DIRECTION('center_axis',(-1.,8.43367764475517E-16,9.25924764781676E-16));
#3564=DIRECTION('ref_axis',(-1.08898650851027E-15,-0.9506717719868,-0.310198616933535));
#3565=DIRECTION('center_axis',(-1.,8.43367764475517E-16,9.25924764781676E-16));
#3566=DIRECTION('ref_axis',(1.08898650851027E-15,0.9506717719868,0.310198616933535));
#3567=DIRECTION('center_axis',(-1.13365486735594E-15,-0.586779447294814,
-0.809746800075427));
#3568=DIRECTION('ref_axis',(0.999999955755278,-0.000240876796660216,0.000174550308313667));
#3569=DIRECTION('center_axis',(-1.,7.12163545065322E-16,8.42776566886709E-16));
#3570=DIRECTION('ref_axis',(-1.10031855957201E-15,-0.586779447294814,-0.809746800075427));
#3571=DIRECTION('center_axis',(-1.,7.12163545065322E-16,8.42776566886709E-16));
#3572=DIRECTION('ref_axis',(1.10031855957201E-15,0.586779447294814,0.809746800075427));
#3573=DIRECTION('center_axis',(1.07165811679741E-15,0.809746800075427,0.586779447294813));
#3574=DIRECTION('ref_axis',(-0.999999999965967,-4.84104964272877E-6,6.68057559976199E-6));
#3575=DIRECTION('center_axis',(1.,-1.19601582227981E-15,-6.66133814775094E-16));
#3576=DIRECTION('ref_axis',(-6.66133814775094E-16,0.,-1.));
#3577=DIRECTION('center_axis',(1.,-1.16497133807749E-15,-4.22369477189098E-16));
#3578=DIRECTION('ref_axis',(1.19116954156705E-15,0.809746800075428,0.586779447294812));
#3579=DIRECTION('center_axis',(1.,-1.16497133807749E-15,-4.22369477189098E-16));
#3580=DIRECTION('ref_axis',(-1.19116954156705E-15,-0.809746800075428,-0.586779447294812));
#3581=DIRECTION('center_axis',(1.07165811679741E-15,0.809746800075428,0.586779447294812));
#3582=DIRECTION('ref_axis',(-0.999999999965967,-4.84104965394195E-6,6.68057561563316E-6));
#3583=DIRECTION('center_axis',(1.,-1.19601582227981E-15,-6.66133814775094E-16));
#3584=DIRECTION('ref_axis',(-6.66133814775094E-16,0.,-1.));
#3585=DIRECTION('center_axis',(1.,-1.16497133807749E-15,-4.22369477189097E-16));
#3586=DIRECTION('ref_axis',(1.19116954156705E-15,0.809746800075428,0.586779447294812));
#3587=DIRECTION('center_axis',(1.,-1.16497133807749E-15,-4.22369477189097E-16));
#3588=DIRECTION('ref_axis',(-1.19116954156705E-15,-0.809746800075428,-0.586779447294812));
#3589=DIRECTION('center_axis',(-1.,1.06695018511384E-15,6.66133814775094E-16));
#3590=DIRECTION('ref_axis',(-1.06695018511384E-15,-1.,2.09806293205097E-16));
#3591=DIRECTION('center_axis',(1.,-1.06695018511384E-15,-6.66133814775094E-16));
#3592=DIRECTION('ref_axis',(-1.11036389847199E-15,-0.5,-0.866025403784439));
#3593=DIRECTION('center_axis',(1.,-1.06695018511384E-15,-6.66133814775094E-16));
#3594=DIRECTION('ref_axis',(-1.11036389847199E-15,-0.5,-0.866025403784439));
#3595=DIRECTION('',(-4.3413713358152E-17,0.499999999999999,-0.866025403784439));
#3596=DIRECTION('',(-6.66133814775094E-16,-2.09806293205096E-16,-1.));
#3597=DIRECTION('',(-1.11036389847199E-15,-0.5,-0.866025403784439));
#3598=DIRECTION('center_axis',(1.,-1.06695018511384E-15,-6.66133814775094E-16));
#3599=DIRECTION('ref_axis',(-4.34137133581489E-17,0.5,-0.866025403784438));
#3600=DIRECTION('center_axis',(1.,-1.06695018511384E-15,-6.66133814775094E-16));
#3601=DIRECTION('ref_axis',(-4.34137133581489E-17,0.5,-0.866025403784438));
#3602=DIRECTION('',(-1.11036389847199E-15,-0.5,-0.866025403784439));
#3603=DIRECTION('',(-1.06695018511384E-15,-1.,2.81433585116397E-16));
#3604=DIRECTION('',(-2.83419973477103E-16,-0.707106781186547,0.707106781186548));
#3605=DIRECTION('',(6.66133814775094E-16,2.75113529947752E-16,1.));
#3606=DIRECTION('',(1.22547544868737E-15,0.707106781186548,0.707106781186547));
#3607=DIRECTION('',(1.06695018511384E-15,1.,-2.09806293205097E-16));
#3608=DIRECTION('',(-4.3413713358152E-17,0.499999999999999,-0.866025403784439));
#3609=DIRECTION('center_axis',(1.,-1.06695018511384E-15,-6.66133814775094E-16));
#3610=DIRECTION('ref_axis',(-1.11036389847199E-15,-0.5,-0.866025403784439));
#3611=DIRECTION('center_axis',(1.,-1.06695018511384E-15,-6.66133814775094E-16));
#3612=DIRECTION('ref_axis',(-1.11036389847199E-15,-0.5,-0.866025403784439));
#3613=DIRECTION('center_axis',(2.83419973477103E-16,0.707106781186547,-0.707106781186548));
#3614=DIRECTION('ref_axis',(-1.,1.06695018511384E-15,6.66133814775096E-16));
#3615=DIRECTION('',(1.31673863594559E-15,0.707106781186548,0.707106781186547));
#3616=DIRECTION('',(-1.,1.06695018511384E-15,6.66133814775094E-16));
#3617=DIRECTION('',(1.,-1.06695018511384E-15,-6.66133814775094E-16));
#3618=DIRECTION('center_axis',(1.06695018511384E-15,1.,-2.75113529947753E-16));
#3619=DIRECTION('ref_axis',(6.66133814775094E-16,2.75113529947752E-16,1.));
#3620=DIRECTION('',(-1.,1.06695018511384E-15,6.66133814775094E-16));
#3621=DIRECTION('',(6.66133814775094E-16,2.75113529947752E-16,1.));
#3622=DIRECTION('center_axis',(1.22547544868737E-15,0.707106781186548,0.707106781186547));
#3623=DIRECTION('ref_axis',(-1.,1.06695018511384E-15,6.66133814775093E-16));
#3624=DIRECTION('',(-3.74683160735322E-16,-0.707106781186547,0.707106781186548));
#3625=DIRECTION('',(1.,-1.06695018511384E-15,-6.66133814775094E-16));
#3626=DIRECTION('center_axis',(-5.90939057493544E-16,-0.866025403784439,
0.5));
#3627=DIRECTION('ref_axis',(-1.11036389847199E-15,-0.5,-0.866025403784439));
#3628=DIRECTION('',(-1.17489671705497E-15,-0.5,-0.866025403784439));
#3629=DIRECTION('',(1.,-1.06695018511384E-15,-6.66133814775094E-16));
#3630=DIRECTION('',(-1.11036389847199E-15,-0.5,-0.866025403784439));
#3631=DIRECTION('',(1.,-1.06695018511384E-15,-6.66133814775094E-16));
#3632=DIRECTION('center_axis',(6.66133814775094E-16,2.81433585116396E-16,
1.));
#3633=DIRECTION('ref_axis',(-1.06695018511384E-15,-1.,2.81433585116397E-16));
#3634=DIRECTION('',(-1.19601582227981E-15,-1.,2.81433585116397E-16));
#3635=DIRECTION('center_axis',(-6.66133814775094E-16,-2.09806293205096E-16,
-1.));
#3636=DIRECTION('ref_axis',(1.06695018511384E-15,1.,-2.09806293205097E-16));
#3637=DIRECTION('',(1.19601582227981E-15,1.,-2.09806293205097E-16));
#3638=DIRECTION('',(1.,-1.06695018511384E-15,-6.66133814775094E-16));
#3639=DIRECTION('center_axis',(-1.25707287226864E-15,-0.866025403784439,
-0.499999999999999));
#3640=DIRECTION('ref_axis',(-4.34137133581521E-17,0.499999999999999,-0.866025403784439));
#3641=DIRECTION('',(2.11191052248326E-17,0.499999999999999,-0.866025403784439));
#3642=DIRECTION('',(1.,-1.06695018511384E-15,-6.66133814775094E-16));
#3643=DIRECTION('',(-4.3413713358152E-17,0.499999999999999,-0.866025403784439));
#3644=DIRECTION('center_axis',(-1.06695018511384E-15,-1.,2.09806293205097E-16));
#3645=DIRECTION('ref_axis',(-6.66133814775094E-16,-2.09806293205096E-16,
-1.));
#3646=DIRECTION('',(-6.66133814775094E-16,-2.09806293205096E-16,-1.));
#3647=DIRECTION('center_axis',(9.79791162844364E-17,-0.5,0.866025403784439));
#3648=DIRECTION('ref_axis',(-1.,9.57819379261267E-16,6.66133814775094E-16));
#3649=DIRECTION('',(-1.36884699280999E-15,-0.866025403784439,-0.499999999999999));
#3650=DIRECTION('',(-1.,9.57819379261267E-16,6.66133814775094E-16));
#3651=DIRECTION('',(-1.16256282206485E-15,-0.866025403784439,-0.499999999999999));
#3652=DIRECTION('',(1.,-9.57819379261267E-16,-6.66133814775094E-16));
#3653=DIRECTION('center_axis',(-7.52774357498032E-16,-0.965925826289068,
0.258819045102521));
#3654=DIRECTION('ref_axis',(-8.91337752576812E-16,-0.258819045102521,-0.965925826289068));
#3655=DIRECTION('',(-8.91337752576812E-16,-0.258819045102521,-0.965925826289068));
#3656=DIRECTION('',(-1.,9.57819379261267E-16,6.66133814775094E-16));
#3657=DIRECTION('',(-9.52987528505688E-16,-0.258819045102521,-0.965925826289068));
#3658=DIRECTION('center_axis',(-1.16256282206485E-15,-0.866025403784439,
-0.5));
#3659=DIRECTION('ref_axis',(-1.,9.5781937926127E-16,6.66133814775096E-16));
#3660=DIRECTION('',(2.11191052248327E-17,0.499999999999999,-0.866025403784439));
#3661=DIRECTION('',(-9.79791162844364E-17,0.499999999999999,-0.866025403784439));
#3662=DIRECTION('',(1.,-9.57819379261267E-16,-6.66133814775094E-16));
#3663=DIRECTION('center_axis',(2.06252840622399E-16,0.707106781186547,-0.707106781186548));
#3664=DIRECTION('ref_axis',(1.14830831583266E-15,0.707106781186548,0.707106781186547));
#3665=DIRECTION('',(1.31673863594559E-15,0.707106781186548,0.707106781186547));
#3666=DIRECTION('',(1.,-9.57819379261267E-16,-6.66133814775094E-16));
#3667=DIRECTION('',(1.14830831583266E-15,0.707106781186548,0.707106781186547));
#3668=DIRECTION('',(1.14830831583266E-15,0.707106781186548,0.707106781186547));
#3669=DIRECTION('',(1.14830831583266E-15,0.707106781186548,0.707106781186547));
#3670=DIRECTION('',(1.,-9.57819379261267E-16,-6.66133814775094E-16));
#3671=DIRECTION('center_axis',(-8.91337752576812E-16,-0.258819045102521,
-0.965925826289068));
#3672=DIRECTION('ref_axis',(7.52774357498032E-16,0.965925826289068,-0.258819045102521));
#3673=DIRECTION('',(7.52774357498032E-16,0.965925826289068,-0.258819045102521));
#3674=DIRECTION('',(9.82854453539831E-16,0.965925826289068,-0.258819045102521));
#3675=DIRECTION('center_axis',(8.91337752576813E-16,0.258819045102521,0.965925826289068));
#3676=DIRECTION('ref_axis',(-7.52774357498032E-16,-0.965925826289068,0.258819045102521));
#3677=DIRECTION('',(-9.82854453539831E-16,-0.965925826289068,0.258819045102521));
#3678=DIRECTION('',(1.,-9.57819379261267E-16,-6.66133814775094E-16));
#3679=DIRECTION('',(-7.52774357498032E-16,-0.965925826289068,0.258819045102521));
#3680=DIRECTION('center_axis',(1.09759059319921E-15,0.965925826289069,0.25881904510252));
#3681=DIRECTION('ref_axis',(3.95533958334633E-16,-0.25881904510252,0.965925826289069));
#3682=DIRECTION('',(3.33884182405758E-16,-0.25881904510252,0.965925826289069));
#3683=DIRECTION('',(1.,-9.57819379261267E-16,-6.66133814775094E-16));
#3684=DIRECTION('',(3.95533958334633E-16,-0.25881904510252,0.965925826289069));
#3685=DIRECTION('',(3.95533958334633E-16,-0.25881904510252,0.965925826289069));
#3686=DIRECTION('',(3.95533958334633E-16,-0.25881904510252,0.965925826289069));
#3687=DIRECTION('center_axis',(7.52774357498032E-16,0.965925826289068,-0.258819045102521));
#3688=DIRECTION('ref_axis',(8.91337752576812E-16,0.258819045102521,0.965925826289068));
#3689=DIRECTION('',(9.52987528505688E-16,0.258819045102521,0.965925826289068));
#3690=DIRECTION('',(8.91337752576812E-16,0.258819045102521,0.965925826289068));
#3691=DIRECTION('center_axis',(6.66133814775097E-16,2.88803160178673E-15,
1.));
#3692=DIRECTION('ref_axis',(0.788920245886544,0.614495602612675,-2.29982974981146E-15));
#3693=DIRECTION('center_axis',(6.66133814775096E-16,1.44401580089336E-15,
1.));
#3694=DIRECTION('ref_axis',(1.,0.,-6.66133814775096E-16));
#3695=DIRECTION('center_axis',(0.614495602612675,-0.788920245886544,1.86909030147879E-15));
#3696=DIRECTION('ref_axis',(-0.788920245886544,-0.614495602612675,2.30105516380401E-15));
#3697=DIRECTION('center_axis',(-6.66133814775096E-16,-1.44401580089336E-15,
-1.));
#3698=DIRECTION('ref_axis',(1.,0.,-6.66133814775096E-16));
#3699=DIRECTION('center_axis',(6.66133814775094E-16,-1.72563323017096E-31,
1.));
#3700=DIRECTION('ref_axis',(9.55927882651318E-16,1.,-4.64212564103305E-31));
#3701=DIRECTION('center_axis',(7.27366165934875E-16,8.51031879518641E-16,
1.));
#3702=DIRECTION('ref_axis',(0.374691998148946,0.927149344239185,-1.06345510987522E-15));
#3703=DIRECTION('center_axis',(6.96749990354984E-16,4.2551593975932E-16,
1.));
#3704=DIRECTION('ref_axis',(1.,0.,-6.96749990354984E-16));
#3705=DIRECTION('center_axis',(0.927149344239185,-0.374691998148946,-3.55502228342997E-16));
#3706=DIRECTION('ref_axis',(-0.374691998148946,-0.927149344239185,1.06202546021724E-15));
#3707=DIRECTION('center_axis',(-6.96749990354984E-16,-4.2551593975932E-16,
-1.));
#3708=DIRECTION('ref_axis',(1.,0.,-6.96749990354984E-16));
#3709=DIRECTION('center_axis',(6.66133814775094E-16,-1.72563323017096E-31,
1.));
#3710=DIRECTION('ref_axis',(9.55927882651318E-16,1.,-4.64212564103305E-31));
#3711=DIRECTION('center_axis',(1.32500202326995E-15,1.,-1.05850867859596E-16));
#3712=DIRECTION('ref_axis',(-6.66133814775094E-16,-1.05850867859595E-16,
-1.));
#3713=DIRECTION('',(1.,-9.55927882651318E-16,-6.66133814775094E-16));
#3714=DIRECTION('',(6.66133814775094E-16,1.05850867859595E-16,1.));
#3715=DIRECTION('',(1.,-1.32500202326995E-15,-6.66133814775094E-16));
#3716=DIRECTION('',(6.66133814775094E-16,1.05850867859595E-16,1.));
#3717=DIRECTION('center_axis',(6.66133814775094E-16,1.05850867859595E-16,
1.));
#3718=DIRECTION('ref_axis',(-1.,1.43602432573247E-15,6.66133814775094E-16));
#3719=DIRECTION('',(1.36200945742412E-15,1.,-1.05850867859596E-16));
#3720=DIRECTION('',(-1.,1.43602432573247E-15,6.66133814775094E-16));
#3721=DIRECTION('',(-1.13996485249909E-15,-1.,1.05850867859596E-16));
#3722=DIRECTION('center_axis',(4.65890178134947E-16,0.707106781186548,-0.707106781186547));
#3723=DIRECTION('ref_axis',(1.,-1.43602432573247E-15,-7.77156117237611E-16));
#3724=DIRECTION('',(-1.27710461512156E-15,-0.707106781186547,-0.707106781186548));
#3725=DIRECTION('',(1.,-1.32500202326995E-15,-6.66133814775094E-16));
#3726=DIRECTION('',(1.43411386098994E-15,0.707106781186547,0.707106781186548));
#3727=DIRECTION('',(-1.,9.55927882651318E-16,2.9705967415646E-16));
#3728=DIRECTION('center_axis',(-1.,1.36200945742412E-15,6.66133814775094E-16));
#3729=DIRECTION('ref_axis',(-6.66133814775094E-16,-1.05850867859595E-16,
-1.));
#3730=DIRECTION('',(1.36200945742412E-15,1.,-1.54295141973839E-16));
#3731=DIRECTION('',(4.92058385779675E-16,0.707106781186547,-0.707106781186548));
#3732=DIRECTION('',(-6.66133814775094E-16,-1.54295141973838E-16,-1.));
#3733=DIRECTION('',(6.66133814775094E-16,1.05850867859595E-16,1.));
#3734=DIRECTION('',(6.66133814775094E-16,1.54295141973838E-16,1.));
#3735=DIRECTION('center_axis',(-1.4864502762794E-15,-0.707106781186548,
-0.707106781186547));
#3736=DIRECTION('ref_axis',(1.,-1.43602432573247E-15,-6.66133814775093E-16));
#3737=DIRECTION('',(-1.,1.43602432573247E-15,6.66133814775094E-16));
#3738=DIRECTION('',(-3.35049139911298E-16,-0.707106781186547,0.707106781186548));
#3739=DIRECTION('',(1.,-1.43602432573247E-15,-6.66133814775094E-16));
#3740=DIRECTION('center_axis',(-1.43602432573247E-15,-1.,1.05850867859596E-16));
#3741=DIRECTION('ref_axis',(6.66133814775094E-16,1.05850867859595E-16,1.));
#3742=DIRECTION('',(-1.,1.43602432573247E-15,6.66133814775094E-16));
#3743=DIRECTION('',(6.66133814775094E-16,1.05850867859595E-16,1.));
#3744=DIRECTION('center_axis',(1.,-1.13996485249909E-15,-6.66133814775094E-16));
#3745=DIRECTION('ref_axis',(6.66133814775094E-16,1.05850867859595E-16,1.));
#3746=DIRECTION('',(-6.66133814775094E-16,-1.54295141973838E-16,-1.));
#3747=DIRECTION('',(6.66133814775094E-16,1.54295141973838E-16,1.));
#3748=DIRECTION('',(-1.13996485249909E-15,-1.,1.54295141973839E-16));
#3749=DIRECTION('center_axis',(9.55927882651318E-16,1.,-1.54295141973839E-16));
#3750=DIRECTION('ref_axis',(1.,-9.55927882651318E-16,-6.66133814775094E-16));
#3751=DIRECTION('',(1.,-9.55927882651318E-16,-6.66133814775094E-16));
#3752=DIRECTION('',(-6.66133814775094E-16,-1.54295141973838E-16,-1.));
#3753=DIRECTION('',(1.,-9.55927882651318E-16,-6.66133814775094E-16));
#3754=DIRECTION('',(-6.66133814775094E-16,-1.54295141973838E-16,-1.));
#3755=DIRECTION('',(1.,-9.55927882651318E-16,-6.66133814775094E-16));
#3756=DIRECTION('center_axis',(-8.44905580188803E-16,-1.,2.49463113940844E-17));
#3757=DIRECTION('ref_axis',(-6.66133814775094E-16,-2.49463113940838E-17,
-1.));
#3758=DIRECTION('',(-1.,1.43602432573247E-15,6.66133814775094E-16));
#3759=DIRECTION('',(6.66133814775094E-16,2.49463113940839E-17,1.));
#3760=DIRECTION('',(-1.,8.44905580188803E-16,6.66133814775094E-16));
#3761=DIRECTION('',(6.66133814775094E-16,2.49463113940839E-17,1.));
#3762=DIRECTION('center_axis',(6.66133814775094E-16,2.49463113940839E-17,
1.));
#3763=DIRECTION('ref_axis',(1.,-9.55927882651318E-16,-6.66133814775094E-16));
#3764=DIRECTION('',(-8.81913014342974E-16,-1.,2.49463113940845E-17));
#3765=DIRECTION('',(1.,-9.55927882651318E-16,-6.66133814775094E-16));
#3766=DIRECTION('',(6.59868409417943E-16,1.,-2.49463113940843E-17));
#3767=DIRECTION('center_axis',(-1.06846620281899E-15,-0.707106781186548,
-0.707106781186547));
#3768=DIRECTION('ref_axis',(-1.,9.55927882651319E-16,5.55111512312579E-16));
#3769=DIRECTION('',(-4.43031061492437E-18,0.707106781186547,-0.707106781186548));
#3770=DIRECTION('',(-1.,8.44905580188802E-16,6.66133814775094E-16));
#3771=DIRECTION('',(-1.52578935253453E-16,-0.707106781186547,0.707106781186548));
#3772=DIRECTION('',(1.,-1.43602432573247E-15,-7.50150692314286E-17));
#3773=DIRECTION('center_axis',(1.,-8.81913014342974E-16,-6.66133814775094E-16));
#3774=DIRECTION('ref_axis',(-6.66133814775094E-16,-2.49463113940839E-17,
-1.));
#3775=DIRECTION('',(-8.81913014342974E-16,-1.,1.54295141973839E-16));
#3776=DIRECTION('',(-1.09463441046372E-15,-0.707106781186547,-0.707106781186548));
#3777=DIRECTION('',(-6.66133814775094E-16,-1.54295141973838E-16,-1.));
#3778=DIRECTION('',(6.66133814775094E-16,2.49463113940839E-17,1.));
#3779=DIRECTION('',(6.66133814775094E-16,1.54295141973838E-16,1.));
#3780=DIRECTION('center_axis',(2.04915350542913E-16,0.707106781186548,-0.707106781186547));
#3781=DIRECTION('ref_axis',(-1.,9.55927882651318E-16,6.66133814775094E-16));
#3782=DIRECTION('',(1.,-9.55927882651318E-16,-6.66133814775094E-16));
#3783=DIRECTION('',(9.37625164595341E-16,0.707106781186547,0.707106781186548));
#3784=DIRECTION('',(-1.,9.55927882651318E-16,6.66133814775094E-16));
#3785=DIRECTION('center_axis',(9.55927882651318E-16,1.,-2.49463113940845E-17));
#3786=DIRECTION('ref_axis',(6.66133814775094E-16,2.49463113940839E-17,1.));
#3787=DIRECTION('',(1.,-9.55927882651318E-16,-6.66133814775094E-16));
#3788=DIRECTION('',(6.66133814775094E-16,2.49463113940839E-17,1.));
#3789=DIRECTION('center_axis',(-1.,6.59868409417943E-16,6.66133814775094E-16));
#3790=DIRECTION('ref_axis',(6.66133814775094E-16,2.49463113940839E-17,1.));
#3791=DIRECTION('',(-6.66133814775094E-16,-1.54295141973838E-16,-1.));
#3792=DIRECTION('',(6.66133814775094E-16,1.54295141973838E-16,1.));
#3793=DIRECTION('',(6.59868409417943E-16,1.,-1.54295141973839E-16));
#3794=DIRECTION('center_axis',(-1.43602432573247E-15,-1.,1.54295141973839E-16));
#3795=DIRECTION('ref_axis',(-1.,1.43602432573247E-15,6.66133814775094E-16));
#3796=DIRECTION('',(-1.,1.43602432573247E-15,6.66133814775094E-16));
#3797=DIRECTION('',(-6.66133814775094E-16,-1.54295141973838E-16,-1.));
#3798=DIRECTION('',(-1.,1.43602432573247E-15,6.66133814775094E-16));
#3799=DIRECTION('',(-6.66133814775094E-16,-1.54295141973838E-16,-1.));
#3800=DIRECTION('',(-1.,1.43602432573247E-15,6.66133814775094E-16));
#3801=DIRECTION('center_axis',(1.,-7.88693985681748E-16,-6.66133814775094E-16));
#3802=DIRECTION('ref_axis',(-6.66133814775094E-16,-1.54295141973838E-16,
-1.));
#3803=DIRECTION('',(-7.88693985681747E-16,-1.,3.5698600872693E-31));
#3804=DIRECTION('',(6.66133814775094E-16,1.54295141973838E-16,1.));
#3805=DIRECTION('',(-7.88693985681747E-16,-1.,1.54295141973839E-16));
#3806=DIRECTION('',(6.66133814775094E-16,1.54295141973838E-16,1.));
#3807=DIRECTION('center_axis',(6.66133814775094E-16,1.54295141973838E-16,
1.));
#3808=DIRECTION('ref_axis',(8.99716288144263E-16,1.,-1.54295141973839E-16));
#3809=DIRECTION('',(1.,-8.2570141983592E-16,-6.66133814775094E-16));
#3810=DIRECTION('',(8.99716288144263E-16,1.,-1.54295141973839E-16));
#3811=DIRECTION('',(-1.,6.03656814910888E-16,6.66133814775094E-16));
#3812=DIRECTION('center_axis',(0.707106781186548,-6.66794006750452E-16,
-0.707106781186547));
#3813=DIRECTION('ref_axis',(-8.99716288144263E-16,-1.,4.32728395113228E-17));
#3814=DIRECTION('',(-0.707106781186547,3.17746686139119E-16,-0.707106781186548));
#3815=DIRECTION('',(-7.88693985681747E-16,-1.,1.54295141973839E-16));
#3816=DIRECTION('',(0.707106781186547,-4.74755932007497E-16,0.707106781186548));
#3817=DIRECTION('',(7.88693985681747E-16,1.,-1.54295141973839E-16));
#3818=DIRECTION('center_axis',(8.25701419835919E-16,1.,-1.54295141973839E-16));
#3819=DIRECTION('ref_axis',(-6.66133814775094E-16,-1.54295141973838E-16,
-1.));
#3820=DIRECTION('',(1.,-8.25701419835919E-16,-6.66133814775094E-16));
#3821=DIRECTION('',(0.707106781186547,-6.92962214395181E-16,-0.707106781186548));
#3822=DIRECTION('',(-6.66133814775094E-16,-1.54295141973838E-16,-1.));
#3823=DIRECTION('',(6.66133814775094E-16,1.54295141973838E-16,1.));
#3824=DIRECTION('',(6.66133814775094E-16,1.54295141973838E-16,1.));
#3825=DIRECTION('center_axis',(-0.707106781186548,5.27092347296956E-16,
-0.707106781186547));
#3826=DIRECTION('ref_axis',(-8.99716288144263E-16,-1.,1.54295141973839E-16));
#3827=DIRECTION('',(8.99716288144263E-16,1.,-1.54295141973839E-16));
#3828=DIRECTION('',(-0.707106781186547,5.35952968526804E-16,0.707106781186548));
#3829=DIRECTION('',(-1.29039567659046E-15,-1.,5.44974530420036E-16));
#3830=DIRECTION('center_axis',(-1.,8.99716288144263E-16,6.66133814775094E-16));
#3831=DIRECTION('ref_axis',(6.66133814775094E-16,1.54295141973838E-16,1.));
#3832=DIRECTION('',(1.29039567659046E-15,1.,-6.91186469971066E-31));
#3833=DIRECTION('',(6.66133814775094E-16,1.54295141973838E-16,1.));
#3834=DIRECTION('center_axis',(-6.03656814910888E-16,-1.,1.54295141973839E-16));
#3835=DIRECTION('ref_axis',(6.66133814775094E-16,1.54295141973839E-16,1.));
#3836=DIRECTION('',(-6.66133814775094E-16,-1.54295141973838E-16,-1.));
#3837=DIRECTION('',(6.66133814775094E-16,1.54295141973838E-16,1.));
#3838=DIRECTION('',(-1.,6.03656814910888E-16,6.66133814775094E-16));
#3839=DIRECTION('center_axis',(1.,-7.88693985681747E-16,-6.66133814775094E-16));
#3840=DIRECTION('ref_axis',(-7.88693985681747E-16,-1.,1.54295141973839E-16));
#3841=DIRECTION('',(-7.88693985681747E-16,-1.,3.5698600872693E-31));
#3842=DIRECTION('',(6.66133814775094E-16,1.54295141973838E-16,1.));
#3843=DIRECTION('',(7.88693985681747E-16,1.,-7.61881218276977E-17));
#3844=DIRECTION('',(-1.00249627003637E-15,-0.587785252292473,-0.809016994374947));
#3845=DIRECTION('',(-7.88693985681747E-16,-1.,3.5698600872693E-31));
#3846=DIRECTION('center_axis',(1.,-7.88693985681747E-16,2.49740528958382E-16));
#3847=DIRECTION('ref_axis',(2.49740528958382E-16,-1.54295141973839E-16,
-1.));
#3848=DIRECTION('',(-7.88693985681747E-16,-1.,3.5698600872693E-31));
#3849=DIRECTION('',(-2.49740528958382E-16,1.54295141973839E-16,1.));
#3850=DIRECTION('',(-7.88693985681747E-16,-1.,1.54295141973839E-16));
#3851=DIRECTION('',(-2.49740528958382E-16,1.54295141973839E-16,1.));
#3852=DIRECTION('center_axis',(-2.49740528958382E-16,1.54295141973839E-16,
1.));
#3853=DIRECTION('ref_axis',(8.99716288144263E-16,1.,-1.54295141973839E-16));
#3854=DIRECTION('',(1.,-8.25701419835919E-16,2.49740528958382E-16));
#3855=DIRECTION('',(8.99716288144263E-16,1.,-1.54295141973839E-16));
#3856=DIRECTION('',(-1.,6.03656814910888E-16,-2.49740528958382E-16));
#3857=DIRECTION('center_axis',(0.707106781186548,-6.66794006750452E-16,
-0.707106781186547));
#3858=DIRECTION('ref_axis',(-8.99716288144263E-16,-1.,4.32728395113227E-17));
#3859=DIRECTION('',(-0.707106781186547,3.17746686139118E-16,-0.707106781186548));
#3860=DIRECTION('',(-7.88693985681747E-16,-1.,1.54295141973839E-16));
#3861=DIRECTION('',(0.707106781186547,-4.74755932007496E-16,0.707106781186548));
#3862=DIRECTION('',(7.88693985681747E-16,1.,-1.54295141973839E-16));
#3863=DIRECTION('center_axis',(8.25701419835919E-16,1.,-1.54295141973839E-16));
#3864=DIRECTION('ref_axis',(2.49740528958382E-16,-1.54295141973839E-16,
-1.));
#3865=DIRECTION('',(1.,-8.25701419835919E-16,-6.66133814775094E-16));
#3866=DIRECTION('',(0.707106781186548,-6.92962214395181E-16,-0.707106781186547));
#3867=DIRECTION('',(-6.66133814775094E-16,-1.54295141973838E-16,-1.));
#3868=DIRECTION('',(-2.49740528958382E-16,1.54295141973839E-16,1.));
#3869=DIRECTION('',(6.66133814775094E-16,1.54295141973838E-16,1.));
#3870=DIRECTION('center_axis',(-0.707106781186547,5.27092347296956E-16,
-0.707106781186548));
#3871=DIRECTION('ref_axis',(-8.99716288144264E-16,-1.,1.54295141973838E-16));
#3872=DIRECTION('',(8.99716288144263E-16,1.,-1.54295141973839E-16));
#3873=DIRECTION('',(-0.707106781186548,5.35952968526804E-16,0.707106781186547));
#3874=DIRECTION('',(-1.29039567659046E-15,-1.,5.44974530420035E-16));
#3875=DIRECTION('center_axis',(-1.,8.99716288144263E-16,-2.49740528958382E-16));
#3876=DIRECTION('ref_axis',(-2.49740528958382E-16,1.54295141973839E-16,
1.));
#3877=DIRECTION('',(1.29039567659046E-15,1.,-6.91186469971066E-31));
#3878=DIRECTION('',(-2.49740528958382E-16,1.54295141973839E-16,1.));
#3879=DIRECTION('center_axis',(-6.03656814910888E-16,-1.,1.54295141973839E-16));
#3880=DIRECTION('ref_axis',(-2.49740528958382E-16,1.54295141973839E-16,
1.));
#3881=DIRECTION('',(-6.66133814775094E-16,-1.54295141973838E-16,-1.));
#3882=DIRECTION('',(6.66133814775094E-16,1.54295141973838E-16,1.));
#3883=DIRECTION('',(-1.,6.03656814910888E-16,6.66133814775094E-16));
#3884=DIRECTION('center_axis',(1.,-7.88693985681747E-16,-6.66133814775094E-16));
#3885=DIRECTION('ref_axis',(-7.88693985681747E-16,-1.,1.54295141973839E-16));
#3886=DIRECTION('',(-7.88693985681747E-16,-1.,3.5698600872693E-31));
#3887=DIRECTION('',(6.66133814775094E-16,1.54295141973838E-16,1.));
#3888=DIRECTION('',(7.88693985681747E-16,1.,-7.61881218276977E-17));
#3889=DIRECTION('',(-7.88693985681747E-16,-1.,3.5698600872693E-31));
#3890=DIRECTION('center_axis',(-7.50947312072145E-16,-0.965925826289069,
0.25881904510252));
#3891=DIRECTION('ref_axis',(8.9084819723041E-16,0.25881904510252,0.965925826289068));
#3892=DIRECTION('',(-9.52987528505688E-16,-0.25881904510252,-0.965925826289069));
#3893=DIRECTION('',(1.,-9.55927882651318E-16,-6.66133814775094E-16));
#3894=DIRECTION('',(1.,-9.55927882651318E-16,-6.66133814775094E-16));
#3895=DIRECTION('center_axis',(7.50947312072145E-16,0.965925826289069,-0.25881904510252));
#3896=DIRECTION('ref_axis',(-2.03378127785276E-14,-0.25881904510252,-0.965925826289068));
#3897=DIRECTION('center_axis',(7.50947312072145E-16,0.965925826289069,-0.25881904510252));
#3898=DIRECTION('ref_axis',(-2.10881590684546E-14,-0.25881904510252,-0.965925826289068));
#3899=DIRECTION('center_axis',(7.50947312072145E-16,0.965925826289069,-0.25881904510252));
#3900=DIRECTION('ref_axis',(-2.11020368562624E-14,-0.25881904510252,-0.965925826289068));
#3901=DIRECTION('center_axis',(6.66133814775094E-16,1.54295141973838E-16,
1.));
#3902=DIRECTION('ref_axis',(1.,-9.55927882651318E-16,-6.66133814775094E-16));
#3903=DIRECTION('',(-1.19601582227981E-15,-1.,1.54295141973839E-16));
#3904=DIRECTION('',(-1.,9.55927882651318E-16,6.66133814775094E-16));
#3905=DIRECTION('',(-1.,1.43602432573247E-15,6.66133814775094E-16));
#3906=DIRECTION('center_axis',(-6.66133814775094E-16,-7.61881218276972E-17,
-1.));
#3907=DIRECTION('ref_axis',(9.55927882651318E-16,1.,-7.61881218276979E-17));
#3908=DIRECTION('',(1.,-9.55927882651318E-16,-6.66133814775094E-16));
#3909=DIRECTION('',(-1.29039567659046E-15,-1.,7.61881218276981E-17));
#3910=DIRECTION('',(1.,-9.55927882651318E-16,-6.66133814775094E-16));
#3911=DIRECTION('',(9.55927882651318E-16,1.,-1.54295141973839E-16));
#3912=DIRECTION('',(-1.29039567659046E-15,-1.,7.61881218276981E-17));
#3913=DIRECTION('',(1.,-9.55927882651318E-16,-6.66133814775094E-16));
#3914=DIRECTION('center_axis',(6.66133814775094E-16,-1.72563323017096E-31,
1.));
#3915=DIRECTION('ref_axis',(9.55927882651318E-16,1.,-4.64212564103305E-31));
#3916=DIRECTION('',(0.707106781186546,-0.707106781186549,-4.71027737605132E-16));
#3917=DIRECTION('',(-1.,9.55927882651318E-16,6.66133814775094E-16));
#3918=DIRECTION('',(7.88693985681747E-16,1.,-3.5698600872693E-31));
#3919=DIRECTION('',(-1.,9.55927882651318E-16,6.66133814775094E-16));
#3920=DIRECTION('center_axis',(6.66133814775094E-16,-1.72563323017096E-31,
1.));
#3921=DIRECTION('ref_axis',(9.55927882651318E-16,1.,-4.64212564103305E-31));
#3922=DIRECTION('',(1.,-1.43602432573247E-15,-6.66133814775094E-16));
#3923=DIRECTION('',(7.88693985681747E-16,1.,-3.5698600872693E-31));
#3924=DIRECTION('',(1.,-9.55927882651318E-16,-6.66133814775094E-16));
#3925=DIRECTION('',(-1.,9.55927882651318E-16,6.66133814775094E-16));
#3926=DIRECTION('',(9.55927882651318E-16,1.,-4.68386162474976E-31));
#3927=DIRECTION('center_axis',(-6.66133814775094E-16,1.72563323017096E-31,
-1.));
#3928=DIRECTION('ref_axis',(9.55927882651318E-16,1.,-4.64212564103305E-31));
#3929=DIRECTION('center_axis',(-6.66133814775094E-16,1.72563323017096E-31,
-1.));
#3930=DIRECTION('ref_axis',(0.866025403784438,-0.5,-5.76888805915069E-16));
#3931=DIRECTION('center_axis',(6.66133814775094E-16,-1.72563323017096E-31,
1.));
#3932=DIRECTION('ref_axis',(9.55927882651318E-16,1.,-4.64212564103305E-31));
#3933=DIRECTION('',(-0.707106781186547,0.707106781186548,4.71027737605132E-16));
#3934=DIRECTION('',(1.,-9.55927882651318E-16,-6.66133814775094E-16));
#3935=DIRECTION('',(-1.29039567659046E-15,-1.,6.91186469971066E-31));
#3936=DIRECTION('',(1.,-1.43602432573247E-15,-6.66133814775094E-16));
#3937=DIRECTION('',(9.55927882651318E-16,1.,-4.68386162474976E-31));
#3938=DIRECTION('center_axis',(-6.66133814775094E-16,1.72563323017096E-31,
-1.));
#3939=DIRECTION('ref_axis',(0.866025403784438,-0.5,-5.76888805915069E-16));
#3940=DIRECTION('center_axis',(-1.,9.55927882651318E-16,6.66133814775094E-16));
#3941=DIRECTION('ref_axis',(9.55927882651318E-16,1.,-1.54295141973839E-16));
#3942=DIRECTION('',(-6.66133814775094E-16,-2.29011682928659E-16,-1.));
#3943=DIRECTION('',(-2.04915350542911E-16,-0.707106781186546,0.707106781186549));
#3944=DIRECTION('',(6.66133814775094E-16,1.54295141973838E-16,1.));
#3945=DIRECTION('',(-1.14697082575318E-15,-0.707106781186548,-0.707106781186547));
#3946=DIRECTION('',(9.55927882651318E-16,1.,-4.68386162474976E-31));
#3947=DIRECTION('',(6.66133814775094E-16,1.54295141973838E-16,1.));
#3948=DIRECTION('',(-9.55927882651318E-16,-1.,1.54295141973839E-16));
#3949=DIRECTION('center_axis',(1.,-1.19601582227981E-15,-6.66133814775094E-16));
#3950=DIRECTION('ref_axis',(1.19601582227981E-15,1.,-1.54295141973839E-16));
#3951=DIRECTION('',(3.74683160735321E-16,0.707106781186547,-0.707106781186548));
#3952=DIRECTION('',(1.19601582227981E-15,1.,-1.54295141973839E-16));
#3953=DIRECTION('',(9.82854453539827E-16,0.965925826289067,-0.258819045102525));
#3954=DIRECTION('',(2.11191052248346E-17,0.500000000000001,-0.866025403784438));
#3955=DIRECTION('',(-1.24191403852539E-15,-0.587785252292473,-0.809016994374947));
#3956=DIRECTION('',(-6.66133814775094E-16,-2.29011682928659E-16,-1.));
#3957=DIRECTION('',(1.19601582227981E-15,1.,-1.54295141973839E-16));
#3958=DIRECTION('',(6.66133814775094E-16,9.34610036382132E-17,1.));
#3959=DIRECTION('',(1.31673863594559E-15,0.707106781186548,0.707106781186547));
#3960=DIRECTION('',(1.19601582227981E-15,1.,-1.54295141973839E-16));
#3961=DIRECTION('center_axis',(-3.81818270083651E-16,-0.809016994374947,
0.587785252292473));
#3962=DIRECTION('ref_axis',(1.10079388835848E-15,0.587785252292473,0.809016994374947));
#3963=DIRECTION('',(0.628960169645095,0.456966311668627,0.628960169645093));
#3964=DIRECTION('center_axis',(9.55927882651318E-16,1.,-9.34610036382138E-17));
#3965=DIRECTION('ref_axis',(-6.66133814775094E-16,-9.34610036382132E-17,
-1.));
#3966=DIRECTION('',(1.,-9.55927882651318E-16,-6.66133814775094E-16));
#3967=DIRECTION('',(6.66133814775093E-16,-9.75121017018226E-16,1.));
#3968=DIRECTION('',(1.,-9.55927882651318E-16,-6.66133814775094E-16));
#3969=DIRECTION('center_axis',(-9.55927882651318E-16,-1.,9.34610036382138E-17));
#3970=DIRECTION('ref_axis',(2.24094184218277E-14,-9.34610036382352E-17,
-1.));
#3971=DIRECTION('center_axis',(9.55927882651318E-16,1.,-9.34610036382138E-17));
#3972=DIRECTION('ref_axis',(-6.66133814775094E-16,-9.34610036382132E-17,
-1.));
#3973=DIRECTION('center_axis',(-9.55927882651318E-16,-1.,9.34610036382138E-17));
#3974=DIRECTION('ref_axis',(1.,-9.55927882651318E-16,-6.66133814775094E-16));
#3975=DIRECTION('center_axis',(-9.55927882651318E-16,-1.,9.34610036382138E-17));
#3976=DIRECTION('ref_axis',(1.,-9.55927882651318E-16,-6.66133814775094E-16));
#3977=DIRECTION('center_axis',(-9.55927882651318E-16,-1.,9.34610036382138E-17));
#3978=DIRECTION('ref_axis',(1.,-9.55927882651318E-16,-6.66133814775094E-16));
#3979=DIRECTION('',(1.,-9.55927882651318E-16,-6.66133814775094E-16));
#3980=DIRECTION('',(1.,-9.55927882651318E-16,-6.66133814775094E-16));
#3981=DIRECTION('center_axis',(-9.55927882651318E-16,-1.,9.34610036382138E-17));
#3982=DIRECTION('ref_axis',(2.24094184218277E-14,-9.34610036382352E-17,
-1.));
#3983=DIRECTION('center_axis',(6.66133814775094E-16,-1.72563323017096E-31,
1.));
#3984=DIRECTION('ref_axis',(9.55927882651318E-16,1.,-4.64212564103305E-31));
#3985=DIRECTION('',(0.707106781186548,0.707106781186547,-4.71027737605133E-16));
#3986=DIRECTION('',(-1.,9.55927882651318E-16,6.66133814775094E-16));
#3987=DIRECTION('',(1.29039567659046E-15,1.,-6.91186469971066E-31));
#3988=DIRECTION('',(1.29039567659046E-15,1.,-6.91186469971066E-31));
#3989=DIRECTION('',(-1.,9.55927882651318E-16,6.66133814775094E-16));
#3990=DIRECTION('center_axis',(-6.66133814775094E-16,1.72563323017096E-31,
-1.));
#3991=DIRECTION('ref_axis',(0.866025403784439,0.499999999999999,-5.76888805915069E-16));
#3992=DIRECTION('center_axis',(9.55927882651318E-16,1.,-1.54295141973839E-16));
#3993=DIRECTION('ref_axis',(-6.66133814775094E-16,-1.54295141973838E-16,
-1.));
#3994=DIRECTION('',(-6.66133814775094E-16,-1.54295141973838E-16,-1.));
#3995=DIRECTION('',(-6.66133814775094E-16,-1.54295141973838E-16,-1.));
#3996=DIRECTION('',(-0.707106781186548,5.66839946954204E-16,-0.707106781186547));
#3997=DIRECTION('',(6.66133814775094E-16,1.54295141973838E-16,1.));
#3998=DIRECTION('',(1.,-9.55927882651318E-16,-6.66133814775094E-16));
#3999=DIRECTION('center_axis',(-6.66133814775094E-16,-1.54295141973838E-16,
-1.));
#4000=DIRECTION('ref_axis',(-9.55927882651318E-16,-1.,1.54295141973839E-16));
#4001=DIRECTION('',(0.707106781186547,-0.707106781186548,-3.6192459641129E-16));
#4002=DIRECTION('',(-0.707106781186548,-0.707106781186547,5.80130878798975E-16));
#4003=DIRECTION('',(-0.707106781186546,0.707106781186549,3.6192459641129E-16));
#4004=DIRECTION('',(-9.55927882651318E-16,-1.,1.54295141973839E-16));
#4005=DIRECTION('',(-1.,9.55927882651318E-16,6.66133814775094E-16));
#4006=DIRECTION('center_axis',(-0.707106781186548,-0.707106781186547,6.32963451574931E-16));
#4007=DIRECTION('ref_axis',(-0.707106781186547,0.707106781186548,3.6192459641129E-16));
#4008=DIRECTION('',(6.66133814775094E-16,2.29011682928659E-16,1.));
#4009=DIRECTION('center_axis',(9.55927882651318E-16,1.,-2.2901168292866E-16));
#4010=DIRECTION('ref_axis',(6.66133814775094E-16,2.29011682928659E-16,1.));
#4011=DIRECTION('',(-6.66133814775094E-16,-2.29011682928659E-16,-1.));
#4012=DIRECTION('',(0.707106781186547,-8.37878802117844E-16,-0.707106781186548));
#4013=DIRECTION('center_axis',(-0.707106781186547,0.707106781186548,3.6192459641129E-16));
#4014=DIRECTION('ref_axis',(0.707106781186548,0.707106781186547,-5.80130878798975E-16));
#4015=DIRECTION('center_axis',(0.707106781186549,0.707106781186546,-5.80130878798975E-16));
#4016=DIRECTION('ref_axis',(0.707106781186546,-0.707106781186549,-3.6192459641129E-16));
#4017=DIRECTION('',(-6.66133814775094E-16,-1.54295141973838E-16,-1.));
#4018=DIRECTION('center_axis',(-1.,9.55927882651318E-16,6.66133814775094E-16));
#4019=DIRECTION('ref_axis',(9.55927882651318E-16,1.,-1.54295141973839E-16));
#4020=DIRECTION('center_axis',(9.55927882651318E-16,1.,-9.34610036382138E-17));
#4021=DIRECTION('ref_axis',(1.,-9.55927882651318E-16,-6.66133814775094E-16));
#4022=DIRECTION('',(-0.85716730070211,0.515038074910059,6.27824867638041E-16));
#4023=DIRECTION('center_axis',(9.55927882651318E-16,1.,-9.34610036382138E-17));
#4024=DIRECTION('ref_axis',(1.,-9.55927882651318E-16,-6.66133814775094E-16));
#4025=DIRECTION('center_axis',(9.55927882651318E-16,1.,-9.34610036382138E-17));
#4026=DIRECTION('ref_axis',(1.,-9.55927882651318E-16,-6.66133814775094E-16));
#4027=DIRECTION('',(9.55927882651318E-16,1.,-9.34610036382138E-17));
#4028=DIRECTION('center_axis',(9.55927882651318E-16,1.,-9.34610036382138E-17));
#4029=DIRECTION('ref_axis',(1.,-9.55927882651318E-16,-6.66133814775094E-16));
#4030=DIRECTION('center_axis',(9.55927882651318E-16,1.,-9.34610036382138E-17));
#4031=DIRECTION('ref_axis',(1.,-9.55927882651318E-16,-6.66133814775094E-16));
#4032=DIRECTION('center_axis',(9.55927882651318E-16,1.,-9.34610036382138E-17));
#4033=DIRECTION('ref_axis',(1.,-9.55927882651318E-16,-6.66133814775094E-16));
#4034=DIRECTION('center_axis',(-9.55927882651321E-16,-1.,9.34610036382138E-17));
#4035=DIRECTION('ref_axis',(2.23132702875085E-14,-9.34610036382351E-17,
-1.));
#4036=DIRECTION('',(-0.85716730070211,0.515038074910059,6.27824867638041E-16));
#4037=DIRECTION('center_axis',(9.55927882651318E-16,1.,-9.34610036382138E-17));
#4038=DIRECTION('ref_axis',(1.,-9.55927882651318E-16,-6.66133814775094E-16));
#4039=DIRECTION('center_axis',(9.55927882651318E-16,1.,-9.34610036382138E-17));
#4040=DIRECTION('ref_axis',(1.,-9.55927882651318E-16,-6.66133814775094E-16));
#4041=DIRECTION('center_axis',(-9.55927882651321E-16,-1.,9.34610036382138E-17));
#4042=DIRECTION('ref_axis',(2.23132702875085E-14,-9.34610036382351E-17,
-1.));
#4043=DIRECTION('center_axis',(9.55927882651318E-16,1.,-9.34610036382138E-17));
#4044=DIRECTION('ref_axis',(-1.,9.55927882651318E-16,1.43184755456048E-15));
#4045=DIRECTION('center_axis',(-2.04915350542912E-16,-0.707106781186547,
0.707106781186548));
#4046=DIRECTION('ref_axis',(-1.,9.55927882651318E-16,6.66133814775094E-16));
#4047=DIRECTION('',(1.38347527093605E-15,0.707106781186548,0.707106781186547));
#4048=DIRECTION('',(1.,-9.55927882651318E-16,-6.66133814775094E-16));
#4049=DIRECTION('',(1.,-9.55927882651318E-16,-6.66133814775094E-16));
#4050=DIRECTION('center_axis',(-1.,1.29039567659046E-15,6.66133814775094E-16));
#4051=DIRECTION('ref_axis',(1.29039567659046E-15,1.,-1.54295141973839E-16));
#4052=DIRECTION('',(6.66133814775094E-16,1.54295141973838E-16,1.));
#4053=DIRECTION('center_axis',(1.4864502762794E-15,0.707106781186549,0.707106781186546));
#4054=DIRECTION('ref_axis',(1.,-1.43602432573247E-15,-6.66133814775092E-16));
#4055=DIRECTION('',(0.577350269189628,0.577350269189623,-0.577350269189627));
#4056=DIRECTION('center_axis',(0.707106781186548,-9.12447533330917E-16,
0.707106781186547));
#4057=DIRECTION('ref_axis',(-1.4446908185643E-15,-1.,1.5429514197384E-16));
#4058=DIRECTION('',(1.29039567659046E-15,1.,-6.91186469971066E-31));
#4059=DIRECTION('',(1.29039567659046E-15,1.,-6.91186469971066E-31));
#4060=DIRECTION('center_axis',(-1.,1.29039567659046E-15,6.66133814775094E-16));
#4061=DIRECTION('ref_axis',(1.29039567659046E-15,1.,-1.54295141973839E-16));
#4062=DIRECTION('center_axis',(-0.707106781186547,5.57690865556609E-16,
0.707106781186548));
#4063=DIRECTION('ref_axis',(6.34398843707908E-16,1.,-1.54295141973839E-16));
#4064=DIRECTION('',(-0.577350269189627,0.577350269189625,-0.577350269189626));
#4065=DIRECTION('center_axis',(-2.04915350542912E-16,-0.707106781186547,
0.707106781186548));
#4066=DIRECTION('ref_axis',(-1.,9.55927882651318E-16,6.66133814775094E-16));
#4067=DIRECTION('',(1.14697082575318E-15,0.707106781186548,0.707106781186547));
#4068=DIRECTION('',(-0.577350269189626,-0.577350269189625,-0.577350269189627));
#4069=DIRECTION('center_axis',(-0.707106781186547,5.57690865556609E-16,
0.707106781186548));
#4070=DIRECTION('ref_axis',(6.34398843707908E-16,1.,-1.54295141973839E-16));
#4071=DIRECTION('center_axis',(6.66133814775094E-16,-1.72563323017096E-31,
1.));
#4072=DIRECTION('ref_axis',(9.55927882651318E-16,1.,-4.64212564103305E-31));
#4073=DIRECTION('',(-2.04915350542867E-16,-0.707106781186519,0.707106781186576));
#4074=DIRECTION('center_axis',(-6.66133814775094E-16,1.72563323017096E-31,
-1.));
#4075=DIRECTION('ref_axis',(9.55927882651318E-16,1.,-4.64212564103305E-31));
#4076=DIRECTION('center_axis',(1.4864502762794E-15,0.707106781186549,0.707106781186546));
#4077=DIRECTION('ref_axis',(1.,-1.43602432573247E-15,-6.66133814775092E-16));
#4078=DIRECTION('',(-1.,1.43602432573247E-15,6.66133814775094E-16));
#4079=DIRECTION('',(-1.,1.43602432573247E-15,6.66133814775094E-16));
#4080=DIRECTION('center_axis',(-1.43602432573247E-15,-1.,1.54295141973839E-16));
#4081=DIRECTION('ref_axis',(-1.,1.43602432573247E-15,6.66133814775094E-16));
#4082=DIRECTION('',(-6.66133814775094E-16,-1.54295141973838E-16,-1.));
#4083=DIRECTION('center_axis',(-6.66133814775094E-16,-1.54295141973838E-16,
-1.));
#4084=DIRECTION('ref_axis',(9.55927882651318E-16,1.,-1.54295141973839E-16));
#4085=DIRECTION('center_axis',(-6.66133814775094E-16,-1.54295141973838E-16,
-1.));
#4086=DIRECTION('ref_axis',(9.55927882651318E-16,1.,-1.54295141973839E-16));
#4087=DIRECTION('center_axis',(6.66133814775094E-16,1.54295141973838E-16,
1.));
#4088=DIRECTION('ref_axis',(0.866025403784438,-0.5,-4.9974123492815E-16));
#4089=DIRECTION('center_axis',(-6.66133814775094E-16,-1.54295141973838E-16,
-1.));
#4090=DIRECTION('ref_axis',(-9.55927882651318E-16,-1.,1.54295141973839E-16));
#4091=DIRECTION('',(1.,-9.55927882651318E-16,-6.66133814775094E-16));
#4092=DIRECTION('',(1.,-9.55927882651318E-16,-6.66133814775094E-16));
#4093=DIRECTION('center_axis',(2.04915350542913E-16,0.707106781186547,-0.707106781186548));
#4094=DIRECTION('ref_axis',(-1.14697082575318E-15,-0.707106781186548,-0.707106781186547));
#4095=DIRECTION('center_axis',(9.55927882651318E-16,1.,-1.54295141973839E-16));
#4096=DIRECTION('ref_axis',(1.,-9.55927882651318E-16,-6.66133814775094E-16));
#4097=DIRECTION('center_axis',(-1.16092473794946E-15,-0.866025403784438,
-0.500000000000001));
#4098=DIRECTION('ref_axis',(9.89248645894092E-17,-0.500000000000001,0.866025403784438));
#4099=DIRECTION('',(1.,-9.55927882651318E-16,-6.66133814775094E-16));
#4100=DIRECTION('center_axis',(-8.90848197230414E-16,-0.258819045102525,
-0.965925826289067));
#4101=DIRECTION('ref_axis',(-7.50947312072141E-16,-0.965925826289067,0.258819045102525));
#4102=DIRECTION('',(1.,-9.55927882651318E-16,-6.66133814775094E-16));
#4103=DIRECTION('center_axis',(1.1400165608696E-15,0.965925826289069,-0.25881904510252));
#4104=DIRECTION('ref_axis',(2.11020368562624E-14,0.25881904510252,0.965925826289068));
#4105=DIRECTION('center_axis',(-1.1400165608696E-15,-0.965925826289069,
0.25881904510252));
#4106=DIRECTION('ref_axis',(2.11020368562624E-14,0.25881904510252,0.965925826289069));
#4107=DIRECTION('',(1.42018755226793E-14,-0.5,0.866025403784439));
#4108=DIRECTION('center_axis',(1.1400165608696E-15,0.965925826289069,-0.25881904510252));
#4109=DIRECTION('ref_axis',(2.11020368562624E-14,0.25881904510252,0.965925826289068));
#4110=DIRECTION('center_axis',(-1.1400165608696E-15,-0.965925826289069,
0.25881904510252));
#4111=DIRECTION('ref_axis',(2.11020368562624E-14,0.25881904510252,0.965925826289069));
#4112=DIRECTION('center_axis',(1.1400165608696E-15,0.965925826289069,-0.25881904510252));
#4113=DIRECTION('ref_axis',(1.,-6.5627804673972E-15,-2.00879443890823E-14));
#4114=DIRECTION('center_axis',(-1.1400165608696E-15,-0.965925826289069,
0.25881904510252));
#4115=DIRECTION('ref_axis',(-2.11020368562624E-14,-0.25881904510252,-0.965925826289069));
#4116=DIRECTION('',(1.1400165608696E-15,0.965925826289069,-0.25881904510252));
#4117=DIRECTION('center_axis',(-9.44590040059207E-16,0.965925826289069,
-0.25881904510252));
#4118=DIRECTION('ref_axis',(2.10881590684546E-14,0.25881904510252,0.965925826289068));
#4119=DIRECTION('center_axis',(9.44590040059207E-16,-0.965925826289069,
0.25881904510252));
#4120=DIRECTION('ref_axis',(2.10881590684546E-14,0.25881904510252,0.965925826289068));
#4121=DIRECTION('',(1.56661019084355E-14,-0.5,0.866025403784439));
#4122=DIRECTION('center_axis',(-9.44590040059207E-16,0.965925826289069,
-0.25881904510252));
#4123=DIRECTION('ref_axis',(2.10881590684546E-14,0.25881904510252,0.965925826289068));
#4124=DIRECTION('center_axis',(9.44590040059207E-16,-0.965925826289069,
0.25881904510252));
#4125=DIRECTION('ref_axis',(2.10881590684546E-14,0.25881904510252,0.965925826289068));
#4126=DIRECTION('center_axis',(-9.44590040059207E-16,0.965925826289069,
-0.25881904510252));
#4127=DIRECTION('ref_axis',(1.,-4.54561327811886E-15,-2.06140753652938E-14));
#4128=DIRECTION('center_axis',(9.44590040059207E-16,-0.965925826289069,
0.25881904510252));
#4129=DIRECTION('ref_axis',(-2.10881590684546E-14,-0.25881904510252,-0.965925826289068));
#4130=DIRECTION('',(-9.44590040059207E-16,0.965925826289069,-0.25881904510252));
#4131=DIRECTION('center_axis',(7.65589180165851E-16,0.965925826289069,-0.25881904510252));
#4132=DIRECTION('ref_axis',(2.03378127785276E-14,0.25881904510252,0.965925826289068));
#4133=DIRECTION('center_axis',(-7.65589180165851E-16,-0.965925826289069,
0.25881904510252));
#4134=DIRECTION('ref_axis',(2.03378127785276E-14,0.25881904510252,0.965925826289069));
#4135=DIRECTION('',(1.39262476349245E-14,-0.5,0.866025403784439));
#4136=DIRECTION('center_axis',(7.65589180165851E-16,0.965925826289069,-0.25881904510252));
#4137=DIRECTION('ref_axis',(2.03378127785276E-14,0.25881904510252,0.965925826289068));
#4138=DIRECTION('center_axis',(-7.65589180165851E-16,-0.965925826289069,
0.25881904510252));
#4139=DIRECTION('ref_axis',(2.03378127785276E-14,0.25881904510252,0.965925826289069));
#4140=DIRECTION('center_axis',(7.65589180165851E-16,0.965925826289069,-0.25881904510252));
#4141=DIRECTION('ref_axis',(1.,-6.00331564426201E-15,-1.94466695524603E-14));
#4142=DIRECTION('center_axis',(-7.65589180165851E-16,-0.965925826289069,
0.25881904510252));
#4143=DIRECTION('ref_axis',(-2.03378127785276E-14,-0.25881904510252,-0.965925826289069));
#4144=DIRECTION('',(7.65589180165851E-16,0.965925826289069,-0.25881904510252));
#4145=DIRECTION('center_axis',(-9.55927882651321E-16,-1.,9.34610036382138E-17));
#4146=DIRECTION('ref_axis',(-2.23132702875085E-14,9.34610036382351E-17,
1.));
#4147=DIRECTION('center_axis',(9.55927882651321E-16,1.,-9.34610036382138E-17));
#4148=DIRECTION('ref_axis',(-2.23132702875085E-14,9.34610036382351E-17,
1.));
#4149=DIRECTION('',(-1.51885172482211E-14,0.707106781186547,0.707106781186548));
#4150=DIRECTION('center_axis',(-9.55927882651321E-16,-1.,9.34610036382138E-17));
#4151=DIRECTION('ref_axis',(-2.23132702875085E-14,9.34610036382351E-17,
1.));
#4152=DIRECTION('center_axis',(9.55927882651321E-16,1.,-9.34610036382138E-17));
#4153=DIRECTION('ref_axis',(-2.23132702875085E-14,9.34610036382351E-17,
1.));
#4154=DIRECTION('center_axis',(-9.55927882651321E-16,-1.,9.34610036382138E-17));
#4155=DIRECTION('ref_axis',(-1.,9.55927882651319E-16,-2.23132702875085E-14));
#4156=DIRECTION('center_axis',(9.55927882651321E-16,1.,-9.34610036382138E-17));
#4157=DIRECTION('ref_axis',(2.23132702875085E-14,-9.34610036382351E-17,
-1.));
#4158=DIRECTION('',(-9.55927882651321E-16,-1.,9.34610036382138E-17));
#4159=DIRECTION('center_axis',(1.,-2.99081112820226E-15,-8.26042147464168E-15));
#4160=DIRECTION('ref_axis',(-7.20487555810593E-15,0.258819045102521,-0.965925826289068));
#4161=DIRECTION('center_axis',(1.,-9.57819379261267E-16,-6.66133814775094E-16));
#4162=DIRECTION('ref_axis',(-3.95533958334631E-16,0.258819045102521,-0.965925826289068));
#4163=DIRECTION('',(-1.,2.99081112820226E-15,8.26042147464168E-15));
#4164=DIRECTION('center_axis',(-1.,2.99081112820226E-15,8.26042147464168E-15));
#4165=DIRECTION('ref_axis',(7.20487555810593E-15,-0.258819045102521,0.965925826289068));
#4166=DIRECTION('center_axis',(-1.,2.99081112820226E-15,8.26042147464168E-15));
#4167=DIRECTION('ref_axis',(7.20487555810593E-15,-0.258819045102521,0.965925826289068));
#4168=DIRECTION('center_axis',(1.,-2.99081112820226E-15,-8.26042147464168E-15));
#4169=DIRECTION('ref_axis',(-4.97641143979041E-15,-0.965925826289068,-0.258819045102521));
#4170=DIRECTION('center_axis',(7.20487555810593E-15,-0.25881904510252,0.965925826289069));
#4171=DIRECTION('ref_axis',(5.22457893941251E-15,0.965925826289069,0.25881904510252));
#4172=DIRECTION('center_axis',(1.,-2.99081112820226E-15,-8.26042147464168E-15));
#4173=DIRECTION('ref_axis',(7.20487555810593E-15,-0.258819045102521,0.965925826289068));
#4174=DIRECTION('center_axis',(-1.,2.99081112820226E-15,8.26042147464168E-15));
#4175=DIRECTION('ref_axis',(5.02685610849442E-15,0.965925826289068,0.258819045102521));
#4176=DIRECTION('center_axis',(1.,-2.99081112820223E-15,-8.26042147464168E-15));
#4177=DIRECTION('ref_axis',(-7.20487555810593E-15,0.258819045102521,-0.965925826289068));
#4178=DIRECTION('center_axis',(1.,-9.57819379261267E-16,-6.66133814775094E-16));
#4179=DIRECTION('ref_axis',(-3.95533958334631E-16,0.258819045102521,-0.965925826289068));
#4180=DIRECTION('',(-1.,2.99081112820223E-15,8.26042147464168E-15));
#4181=DIRECTION('center_axis',(-1.,2.99081112820223E-15,8.26042147464168E-15));
#4182=DIRECTION('ref_axis',(7.20487555810593E-15,-0.258819045102521,0.965925826289068));
#4183=DIRECTION('center_axis',(-1.,2.99081112820223E-15,8.26042147464168E-15));
#4184=DIRECTION('ref_axis',(7.20487555810593E-15,-0.258819045102521,0.965925826289068));
#4185=DIRECTION('center_axis',(1.,-2.99081112820223E-15,-8.26042147464168E-15));
#4186=DIRECTION('ref_axis',(-4.97641143979041E-15,-0.965925826289068,-0.258819045102521));
#4187=DIRECTION('center_axis',(7.20487555810593E-15,-0.258819045102522,
0.965925826289068));
#4188=DIRECTION('ref_axis',(5.2245789394125E-15,0.965925826289068,0.258819045102522));
#4189=DIRECTION('center_axis',(1.,-2.99081112820223E-15,-8.26042147464168E-15));
#4190=DIRECTION('ref_axis',(7.20487555810593E-15,-0.258819045102521,0.965925826289068));
#4191=DIRECTION('center_axis',(-1.,2.99081112820223E-15,8.26042147464168E-15));
#4192=DIRECTION('ref_axis',(5.0268561084944E-15,0.965925826289068,0.258819045102521));
#4193=DIRECTION('center_axis',(1.,-2.99081112820225E-15,-8.26042147464169E-15));
#4194=DIRECTION('ref_axis',(-7.20487555810594E-15,0.258819045102521,-0.965925826289068));
#4195=DIRECTION('center_axis',(1.,-9.57819379261267E-16,-6.66133814775094E-16));
#4196=DIRECTION('ref_axis',(-3.95533958334631E-16,0.258819045102521,-0.965925826289068));
#4197=DIRECTION('center_axis',(1.,-2.99081112820225E-15,-8.26042147464169E-15));
#4198=DIRECTION('ref_axis',(-7.20487555810594E-15,0.258819045102521,-0.965925826289068));
#4199=DIRECTION('center_axis',(1.,-9.57819379261267E-16,-6.66133814775094E-16));
#4200=DIRECTION('ref_axis',(-3.95533958334631E-16,0.258819045102521,-0.965925826289068));
#4201=DIRECTION('',(-1.,2.99081112820225E-15,8.26042147464169E-15));
#4202=DIRECTION('center_axis',(-1.,2.99081112820225E-15,8.26042147464169E-15));
#4203=DIRECTION('ref_axis',(7.20487555810594E-15,-0.258819045102521,0.965925826289068));
#4204=DIRECTION('center_axis',(-1.,2.99081112820225E-15,8.26042147464169E-15));
#4205=DIRECTION('ref_axis',(7.20487555810594E-15,-0.258819045102521,0.965925826289068));
#4206=DIRECTION('center_axis',(1.,-2.99081112820225E-15,-8.26042147464169E-15));
#4207=DIRECTION('ref_axis',(-4.97641143979041E-15,-0.965925826289068,-0.258819045102521));
#4208=DIRECTION('center_axis',(7.20487555810593E-15,-0.258819045102522,
0.965925826289068));
#4209=DIRECTION('ref_axis',(5.2245789394125E-15,0.965925826289068,0.258819045102522));
#4210=DIRECTION('center_axis',(1.,-2.99081112820225E-15,-8.26042147464169E-15));
#4211=DIRECTION('ref_axis',(7.20487555810594E-15,-0.258819045102521,0.965925826289068));
#4212=DIRECTION('center_axis',(-1.,2.99081112820225E-15,8.26042147464169E-15));
#4213=DIRECTION('ref_axis',(5.02685610849442E-15,0.965925826289068,0.258819045102521));
#4214=DIRECTION('center_axis',(1.,-2.99081112820225E-15,-8.26042147464169E-15));
#4215=DIRECTION('ref_axis',(-5.02685610849442E-15,-0.965925826289068,-0.258819045102521));
#4216=DIRECTION('center_axis',(1.,-2.99081112820221E-15,-8.26042147464168E-15));
#4217=DIRECTION('ref_axis',(-7.20487555810594E-15,0.258819045102521,-0.965925826289068));
#4218=DIRECTION('center_axis',(1.,-9.57819379261267E-16,-6.66133814775094E-16));
#4219=DIRECTION('ref_axis',(-3.95533958334631E-16,0.258819045102521,-0.965925826289068));
#4220=DIRECTION('center_axis',(1.,-2.99081112820221E-15,-8.26042147464168E-15));
#4221=DIRECTION('ref_axis',(-7.20487555810594E-15,0.258819045102521,-0.965925826289068));
#4222=DIRECTION('center_axis',(1.,-9.57819379261267E-16,-6.66133814775094E-16));
#4223=DIRECTION('ref_axis',(-3.95533958334631E-16,0.258819045102521,-0.965925826289068));
#4224=DIRECTION('',(-1.,2.99081112820221E-15,8.26042147464168E-15));
#4225=DIRECTION('center_axis',(-1.,2.99081112820221E-15,8.26042147464168E-15));
#4226=DIRECTION('ref_axis',(7.20487555810594E-15,-0.258819045102521,0.965925826289068));
#4227=DIRECTION('center_axis',(-1.,2.99081112820221E-15,8.26042147464168E-15));
#4228=DIRECTION('ref_axis',(7.20487555810594E-15,-0.258819045102521,0.965925826289068));
#4229=DIRECTION('center_axis',(1.,-2.99081112820221E-15,-8.26042147464168E-15));
#4230=DIRECTION('ref_axis',(-4.97641143979041E-15,-0.965925826289068,-0.258819045102521));
#4231=DIRECTION('center_axis',(7.20487555810595E-15,-0.25881904510252,0.965925826289069));
#4232=DIRECTION('ref_axis',(5.22457893941251E-15,0.965925826289069,0.25881904510252));
#4233=DIRECTION('center_axis',(1.,-2.99081112820221E-15,-8.26042147464168E-15));
#4234=DIRECTION('ref_axis',(7.20487555810594E-15,-0.258819045102521,0.965925826289068));
#4235=DIRECTION('center_axis',(-1.,2.99081112820221E-15,8.26042147464168E-15));
#4236=DIRECTION('ref_axis',(5.02685610849438E-15,0.965925826289068,0.258819045102521));
#4237=DIRECTION('center_axis',(1.,-2.99081112820221E-15,-8.26042147464168E-15));
#4238=DIRECTION('ref_axis',(-5.02685610849438E-15,-0.965925826289068,-0.258819045102521));
#4239=DIRECTION('center_axis',(1.,-9.55927882651326E-16,-8.5278293808708E-15));
#4240=DIRECTION('ref_axis',(-5.09177252099732E-15,-0.866025403784439,-0.5));
#4241=DIRECTION('center_axis',(1.,-9.55927882651326E-16,-8.5278293808708E-15));
#4242=DIRECTION('ref_axis',(-6.90735294164777E-15,0.5,-0.866025403784439));
#4243=DIRECTION('center_axis',(1.,-9.55927882651326E-16,-8.5278293808708E-15));
#4244=DIRECTION('ref_axis',(-6.90735294164777E-15,0.5,-0.866025403784438));
#4245=DIRECTION('',(-1.,9.55927882651326E-16,8.5278293808708E-15));
#4246=DIRECTION('center_axis',(-1.,9.55927882651326E-16,8.5278293808708E-15));
#4247=DIRECTION('ref_axis',(6.90735294164777E-15,-0.5,0.866025403784439));
#4248=DIRECTION('center_axis',(-1.,9.55927882651326E-16,8.5278293808708E-15));
#4249=DIRECTION('ref_axis',(6.90735294164777E-15,-0.5,0.866025403784439));
#4250=DIRECTION('center_axis',(1.,-9.55927882651326E-16,-8.5278293808708E-15));
#4251=DIRECTION('ref_axis',(-5.3081722024431E-15,-0.866025403784439,-0.5));
#4252=DIRECTION('center_axis',(6.90735294164777E-15,-0.500000000000001,
0.866025403784438));
#4253=DIRECTION('ref_axis',(5.2245789394125E-15,0.866025403784438,0.500000000000001));
#4254=DIRECTION('center_axis',(1.,-9.55927882651326E-16,-8.5278293808708E-15));
#4255=DIRECTION('ref_axis',(6.90735294164777E-15,-0.5,0.866025403784438));
#4256=DIRECTION('center_axis',(-1.,9.55927882651326E-16,8.5278293808708E-15));
#4257=DIRECTION('ref_axis',(5.09177252099732E-15,0.866025403784439,0.5));
#4258=DIRECTION('center_axis',(1.,-9.55927882651344E-16,-8.52782938087079E-15));
#4259=DIRECTION('ref_axis',(3.43605685987346E-15,-0.866025403784439,0.5));
#4260=DIRECTION('center_axis',(1.,-9.55927882651344E-16,-8.52782938087079E-15));
#4261=DIRECTION('ref_axis',(-7.8632808242991E-15,-0.5,-0.866025403784439));
#4262=DIRECTION('center_axis',(1.,-9.55927882651344E-16,-8.52782938087079E-15));
#4263=DIRECTION('ref_axis',(-7.8632808242991E-15,-0.5,-0.866025403784439));
#4264=DIRECTION('',(-1.,9.55927882651344E-16,8.52782938087079E-15));
#4265=DIRECTION('center_axis',(-1.,9.55927882651344E-16,8.52782938087079E-15));
#4266=DIRECTION('ref_axis',(7.8632808242991E-15,0.5,0.866025403784439));
#4267=DIRECTION('center_axis',(-1.,9.55927882651344E-16,8.52782938087079E-15));
#4268=DIRECTION('ref_axis',(7.8632808242991E-15,0.5,0.866025403784439));
#4269=DIRECTION('center_axis',(1.,-9.55927882651344E-16,-8.52782938087079E-15));
#4270=DIRECTION('ref_axis',(3.31760762652694E-15,-0.866025403784439,0.5));
#4271=DIRECTION('center_axis',(7.8632808242991E-15,0.500000000000001,0.866025403784438));
#4272=DIRECTION('ref_axis',(-3.65720525758875E-15,0.866025403784438,-0.500000000000001));
#4273=DIRECTION('center_axis',(1.,-9.55927882651344E-16,-8.52782938087079E-15));
#4274=DIRECTION('ref_axis',(7.8632808242991E-15,0.5,0.866025403784439));
#4275=DIRECTION('center_axis',(-1.,9.55927882651344E-16,8.52782938087079E-15));
#4276=DIRECTION('ref_axis',(-3.43605685987346E-15,0.866025403784439,-0.5));
#4277=DIRECTION('center_axis',(1.,-9.55927882651357E-16,-8.52782938087081E-15));
#4278=DIRECTION('ref_axis',(-7.86328082429912E-15,-0.5,-0.866025403784439));
#4279=DIRECTION('',(-1.,9.55927882651357E-16,8.52782938087081E-15));
#4280=DIRECTION('center_axis',(-1.,9.55927882651357E-16,8.52782938087081E-15));
#4281=DIRECTION('ref_axis',(7.86328082429912E-15,0.5,0.866025403784439));
#4282=DIRECTION('center_axis',(-1.,9.55927882651357E-16,8.52782938087081E-15));
#4283=DIRECTION('ref_axis',(7.86328082429912E-15,0.5,0.866025403784439));
#4284=DIRECTION('center_axis',(1.,-9.55927882651357E-16,-8.52782938087081E-15));
#4285=DIRECTION('ref_axis',(3.31760762652694E-15,-0.866025403784439,0.5));
#4286=DIRECTION('center_axis',(7.86328082429912E-15,0.5,0.866025403784438));
#4287=DIRECTION('ref_axis',(-3.65720525758875E-15,0.866025403784438,-0.5));
#4288=DIRECTION('center_axis',(1.,-9.55927882651357E-16,-8.52782938087081E-15));
#4289=DIRECTION('ref_axis',(7.86328082429912E-15,0.5,0.866025403784439));
#4290=DIRECTION('center_axis',(-1.,9.55927882651357E-16,8.52782938087081E-15));
#4291=DIRECTION('ref_axis',(-3.43605685987346E-15,0.866025403784439,-0.5));
#4292=DIRECTION('center_axis',(1.,-9.55927882651341E-16,-8.52782938087079E-15));
#4293=DIRECTION('ref_axis',(-7.8632808242991E-15,-0.5,-0.866025403784439));
#4294=DIRECTION('',(-1.,9.55927882651341E-16,8.52782938087079E-15));
#4295=DIRECTION('center_axis',(-1.,9.55927882651341E-16,8.52782938087079E-15));
#4296=DIRECTION('ref_axis',(7.8632808242991E-15,0.5,0.866025403784439));
#4297=DIRECTION('center_axis',(-1.,9.55927882651341E-16,8.52782938087079E-15));
#4298=DIRECTION('ref_axis',(7.8632808242991E-15,0.5,0.866025403784439));
#4299=DIRECTION('center_axis',(1.,-9.55927882651341E-16,-8.52782938087079E-15));
#4300=DIRECTION('ref_axis',(3.31760762652694E-15,-0.866025403784439,0.5));
#4301=DIRECTION('center_axis',(7.86328082429909E-15,0.5,0.866025403784438));
#4302=DIRECTION('ref_axis',(-3.65720525758875E-15,0.866025403784438,-0.5));
#4303=DIRECTION('center_axis',(1.,-9.55927882651341E-16,-8.52782938087079E-15));
#4304=DIRECTION('ref_axis',(7.8632808242991E-15,0.5,0.866025403784439));
#4305=DIRECTION('center_axis',(-1.,9.55927882651341E-16,8.52782938087079E-15));
#4306=DIRECTION('ref_axis',(-3.43605685987346E-15,0.866025403784439,-0.5));
#4307=DIRECTION('center_axis',(6.65546480245944E-16,1.54295141973838E-16,
1.));
#4308=DIRECTION('ref_axis',(0.499999999999999,-0.866025403784439,-1.99149727493101E-16));
#4309=DIRECTION('center_axis',(-6.65546480245944E-16,-1.54295141973838E-16,
-1.));
#4310=DIRECTION('ref_axis',(-0.866025403784439,-0.499999999999999,6.53527730279225E-16));
#4311=DIRECTION('center_axis',(-6.65546480245944E-16,-1.54295141973838E-16,
-1.));
#4312=DIRECTION('ref_axis',(-0.866025403784439,-0.499999999999999,6.53527730279225E-16));
#4313=DIRECTION('center_axis',(6.65546480245944E-16,1.54295141973838E-16,
1.));
#4314=DIRECTION('ref_axis',(-0.866025403784439,-0.499999999999999,6.53527730279225E-16));
#4315=DIRECTION('',(-0.612372435695794,-0.353553390593273,0.707106781186549));
#4316=DIRECTION('center_axis',(6.65546480245944E-16,1.54295141973838E-16,
1.));
#4317=DIRECTION('ref_axis',(-0.866025403784439,-0.499999999999999,6.53527730279225E-16));
#4318=DIRECTION('center_axis',(6.65546480245944E-16,1.54295141973838E-16,
1.));
#4319=DIRECTION('ref_axis',(0.866025403784439,0.499999999999999,-6.53527730279225E-16));
#4320=DIRECTION('',(-6.65546480245944E-16,-1.54295141973838E-16,-1.));
#4321=DIRECTION('center_axis',(6.65546480245944E-16,1.54295141973838E-16,
1.));
#4322=DIRECTION('ref_axis',(0.866025403784438,-0.5,-4.99232588305387E-16));
#4323=DIRECTION('',(-6.65546480245944E-16,-1.54295141973838E-16,-1.));
#4324=DIRECTION('center_axis',(-6.65546480245944E-16,-1.54295141973838E-16,
-1.));
#4325=DIRECTION('ref_axis',(-0.866025403784438,0.5,4.99232588305387E-16));
#4326=DIRECTION('center_axis',(-6.65546480245944E-16,-1.54295141973838E-16,
-1.));
#4327=DIRECTION('ref_axis',(-0.866025403784438,0.5,4.99232588305387E-16));
#4328=DIRECTION('center_axis',(6.65546480245944E-16,1.54295141973838E-16,
1.));
#4329=DIRECTION('ref_axis',(-0.500000000000001,-0.866025403784438,4.33840997315061E-16));
#4330=DIRECTION('center_axis',(-0.866025403784438,0.500000000000001,4.99232588305386E-16));
#4331=DIRECTION('ref_axis',(0.500000000000001,0.866025403784438,-6.83214169000096E-16));
#4332=DIRECTION('center_axis',(6.65546480245944E-16,1.54295141973838E-16,
1.));
#4333=DIRECTION('ref_axis',(-0.866025403784438,0.500000000000001,4.99232588305386E-16));
#4334=DIRECTION('center_axis',(6.65546480245944E-16,1.54295141973838E-16,
1.));
#4335=DIRECTION('ref_axis',(-0.5,-0.866025403784438,4.66396752752842E-16));
#4336=DIRECTION('center_axis',(-6.65546480245944E-16,-1.54295141973838E-16,
-1.));
#4337=DIRECTION('ref_axis',(-0.866025403784438,0.5,4.99232588305386E-16));
#4338=DIRECTION('center_axis',(-6.65546480245944E-16,-1.54295141973838E-16,
-1.));
#4339=DIRECTION('ref_axis',(-0.866025403784438,0.5,4.99232588305386E-16));
#4340=DIRECTION('center_axis',(6.65546480245944E-16,1.54295141973838E-16,
1.));
#4341=DIRECTION('ref_axis',(-0.866025403784438,0.5,4.99232588305386E-16));
#4342=DIRECTION('',(-0.612372435695793,0.353553390593274,0.707106781186549));
#4343=DIRECTION('center_axis',(6.65546480245944E-16,1.54295141973838E-16,
1.));
#4344=DIRECTION('ref_axis',(-0.866025403784438,0.5,4.99232588305386E-16));
#4345=DIRECTION('center_axis',(-6.65546480245944E-16,-1.54295141973838E-16,
-1.));
#4346=DIRECTION('ref_axis',(0.5,0.866025403784438,-4.66396752752842E-16));
#4347=DIRECTION('center_axis',(6.65546480245944E-16,1.54295141973838E-16,
1.));
#4348=DIRECTION('ref_axis',(0.866025403784438,-0.5,-4.99232588305386E-16));
#4349=DIRECTION('',(-6.65546480245944E-16,-1.54295141973838E-16,-1.));
#4350=DIRECTION('center_axis',(6.65546480245944E-16,1.54295141973838E-16,
1.));
#4351=DIRECTION('ref_axis',(-0.5,-0.866025403784438,4.66396752752842E-16));
#4352=DIRECTION('center_axis',(-6.65546480245944E-16,-1.54295141973838E-16,
-1.));
#4353=DIRECTION('ref_axis',(-0.866025403784438,0.5,4.99232588305386E-16));
#4354=DIRECTION('center_axis',(-6.65546480245944E-16,-1.54295141973838E-16,
-1.));
#4355=DIRECTION('ref_axis',(-0.866025403784438,0.5,4.99232588305386E-16));
#4356=DIRECTION('center_axis',(6.65546480245944E-16,1.54295141973838E-16,
1.));
#4357=DIRECTION('ref_axis',(-0.866025403784438,0.5,4.99232588305386E-16));
#4358=DIRECTION('',(-0.612372435695793,0.353553390593274,0.707106781186549));
#4359=DIRECTION('center_axis',(6.65546480245944E-16,1.54295141973838E-16,
1.));
#4360=DIRECTION('ref_axis',(-0.866025403784438,0.5,4.99232588305386E-16));
#4361=DIRECTION('center_axis',(6.65546480245944E-16,1.54295141973838E-16,
1.));
#4362=DIRECTION('ref_axis',(0.866025403784438,-0.5,-4.99232588305386E-16));
#4363=DIRECTION('',(-6.65546480245944E-16,-1.54295141973838E-16,-1.));
#4364=DIRECTION('center_axis',(6.66133814775094E-16,9.34610036382131E-17,
1.));
#4365=DIRECTION('ref_axis',(1.,-9.55927882651318E-16,-6.66133814775094E-16));
#4366=DIRECTION('center_axis',(-6.66133814775094E-16,-9.34610036382131E-17,
-1.));
#4367=DIRECTION('ref_axis',(-9.55927882651318E-16,-1.,9.34610036382137E-17));
#4368=DIRECTION('center_axis',(-6.66133814775094E-16,-9.34610036382131E-17,
-1.));
#4369=DIRECTION('ref_axis',(-9.55927882651318E-16,-1.,9.34610036382137E-17));
#4370=DIRECTION('center_axis',(6.66133814775094E-16,9.34610036382131E-17,
1.));
#4371=DIRECTION('ref_axis',(-9.55927882651318E-16,-1.,9.34610036382137E-17));
#4372=DIRECTION('',(-2.91510956166463E-16,-0.707106781186548,0.707106781186547));
#4373=DIRECTION('center_axis',(6.66133814775094E-16,9.34610036382131E-17,
1.));
#4374=DIRECTION('ref_axis',(-9.55927882651318E-16,-1.,9.34610036382137E-17));
#4375=DIRECTION('center_axis',(6.66133814775094E-16,9.34610036382131E-17,
1.));
#4376=DIRECTION('ref_axis',(9.55927882651318E-16,1.,-9.34610036382137E-17));
#4377=DIRECTION('',(-6.66133814775094E-16,-9.34610036382131E-17,-1.));
#4378=DIRECTION('center_axis',(-9.5592788265132E-16,-1.,9.34610036382138E-17));
#4379=DIRECTION('ref_axis',(-2.24094184218277E-14,9.34610036382352E-17,
1.));
#4380=DIRECTION('center_axis',(9.5592788265132E-16,1.,-9.34610036382138E-17));
#4381=DIRECTION('ref_axis',(-2.24094184218277E-14,9.34610036382352E-17,
1.));
#4382=DIRECTION('',(-1.52565042459966E-14,0.707106781186548,0.707106781186547));
#4383=DIRECTION('center_axis',(-9.5592788265132E-16,-1.,9.34610036382138E-17));
#4384=DIRECTION('ref_axis',(-2.24094184218277E-14,9.34610036382352E-17,
1.));
#4385=DIRECTION('center_axis',(9.5592788265132E-16,1.,-9.34610036382138E-17));
#4386=DIRECTION('ref_axis',(-2.24094184218277E-14,9.34610036382352E-17,
1.));
#4387=DIRECTION('center_axis',(-9.5592788265132E-16,-1.,9.34610036382138E-17));
#4388=DIRECTION('ref_axis',(-1.,9.55927882651318E-16,-2.24094184218277E-14));
#4389=DIRECTION('center_axis',(9.5592788265132E-16,1.,-9.34610036382138E-17));
#4390=DIRECTION('ref_axis',(2.24094184218277E-14,-9.34610036382352E-17,
-1.));
#4391=DIRECTION('',(-9.5592788265132E-16,-1.,9.34610036382138E-17));
#4392=DIRECTION('center_axis',(-9.5592788265132E-16,-1.,9.34610036382138E-17));
#4393=DIRECTION('ref_axis',(-2.24094184218277E-14,9.34610036382352E-17,
1.));
#4394=DIRECTION('center_axis',(9.5592788265132E-16,1.,-9.34610036382138E-17));
#4395=DIRECTION('ref_axis',(-2.24094184218277E-14,9.34610036382352E-17,
1.));
#4396=DIRECTION('',(-1.52565042459966E-14,0.707106781186548,0.707106781186547));
#4397=DIRECTION('center_axis',(-9.5592788265132E-16,-1.,9.34610036382138E-17));
#4398=DIRECTION('ref_axis',(-2.24094184218277E-14,9.34610036382352E-17,
1.));
#4399=DIRECTION('center_axis',(9.5592788265132E-16,1.,-9.34610036382138E-17));
#4400=DIRECTION('ref_axis',(-2.24094184218277E-14,9.34610036382352E-17,
1.));
#4401=DIRECTION('center_axis',(-9.5592788265132E-16,-1.,9.34610036382138E-17));
#4402=DIRECTION('ref_axis',(-1.,9.55927882651318E-16,-2.24094184218277E-14));
#4403=DIRECTION('center_axis',(9.5592788265132E-16,1.,-9.34610036382138E-17));
#4404=DIRECTION('ref_axis',(2.24094184218277E-14,-9.34610036382352E-17,
-1.));
#4405=DIRECTION('',(-9.5592788265132E-16,-1.,9.34610036382138E-17));
#4406=DIRECTION('center_axis',(-6.66133814775094E-16,-1.54295141973838E-16,
-1.));
#4407=DIRECTION('ref_axis',(-9.55927882651318E-16,-1.,1.54295141973839E-16));
#4408=DIRECTION('',(1.,-9.55927882651318E-16,-6.66133814775094E-16));
#4409=DIRECTION('center_axis',(-1.14697082575318E-15,-0.707106781186548,
-0.707106781186547));
#4410=DIRECTION('ref_axis',(-2.04915350542911E-16,-0.707106781186547,0.707106781186548));
#4411=DIRECTION('center_axis',(-1.,9.57819379261267E-16,6.66133814775094E-16));
#4412=DIRECTION('ref_axis',(7.52774357498032E-16,0.965925826289068,-0.258819045102521));
#4413=DIRECTION('',(0.,0.,1.));
#4414=DIRECTION('',(1.,0.,0.));
#4415=CARTESIAN_POINT('',(0.,0.,0.));
#4416=CARTESIAN_POINT('',(0.,0.,0.));
#4417=CARTESIAN_POINT('Origin',(1.14173228346457,1.14173228346457,-0.688976377952756));
#4418=CARTESIAN_POINT('',(1.14173228346457,0.846456692913386,-0.511811023622047));
#4419=CARTESIAN_POINT('Origin',(1.14173228346457,1.14173228346457,-0.511811023622047));
#4420=CARTESIAN_POINT('',(1.14173228346457,0.846456692913386,-3.22195757243432));
#4421=CARTESIAN_POINT('',(1.14173228346457,0.846456692913386,-0.688976377952756));
#4422=CARTESIAN_POINT('',(0.863343786934429,1.04330708661417,-3.15503707725589));
#4423=CARTESIAN_POINT('Ctrl Pts',(1.14173228346457,0.846456692913386,-3.22195757243432));
#4424=CARTESIAN_POINT('Ctrl Pts',(1.13374040880277,0.846456692913385,-3.21058493541667));
#4425=CARTESIAN_POINT('Ctrl Pts',(1.12428151670374,0.846786652523019,-3.19953425138407));
#4426=CARTESIAN_POINT('Ctrl Pts',(1.0995955665978,0.849128098000509,-3.17603912658211));
#4427=CARTESIAN_POINT('Ctrl Pts',(1.08347208090752,0.851808852221672,-3.16461289028642));
#4428=CARTESIAN_POINT('Ctrl Pts',(1.05109696427518,0.860182234850015,-3.14705501810396));
#4429=CARTESIAN_POINT('Ctrl Pts',(1.03223181609723,0.866746101296017,-3.13989241788709));
#4430=CARTESIAN_POINT('Ctrl Pts',(0.995289983969029,0.884511741143494,-3.13127437576685));
#4431=CARTESIAN_POINT('Ctrl Pts',(0.977245171662022,0.895742120113373,-3.1297415098362));
#4432=CARTESIAN_POINT('Ctrl Pts',(0.926502231556212,0.934740761687422,-3.1303901346937));
#4433=CARTESIAN_POINT('Ctrl Pts',(0.896925287133401,0.970548795706862,-3.13959666925438));
#4434=CARTESIAN_POINT('Ctrl Pts',(0.871764533588962,1.02156308279298,-3.15073485490904));
#4435=CARTESIAN_POINT('Ctrl Pts',(0.867228010111725,1.03232084442094,-3.15298309091986));
#4436=CARTESIAN_POINT('Ctrl Pts',(0.863343786934429,1.04330708661417,-3.15503707725589));
#4437=CARTESIAN_POINT('',(0.863343786934429,1.04330708661417,-2.59333372351137));
#4438=CARTESIAN_POINT('',(0.863343786934429,1.04330708661417,-4.15354330708661));
#4439=CARTESIAN_POINT('',(0.863343786934429,1.04330708661417,-2.249185961528));
#4440=CARTESIAN_POINT('Ctrl Pts',(0.863343786934429,1.04330708661417,-2.59333372351136));
#4441=CARTESIAN_POINT('Ctrl Pts',(0.86526789489588,1.03786488746506,-2.59380524092238));
#4442=CARTESIAN_POINT('Ctrl Pts',(0.867352720295275,1.03247638889685,-2.5942820434915));
#4443=CARTESIAN_POINT('Ctrl Pts',(0.885017646973418,0.990518852682471,-2.59793938335376));
#4444=CARTESIAN_POINT('Ctrl Pts',(0.908147449016508,0.957228046023011,-2.60048941032048));
#4445=CARTESIAN_POINT('Ctrl Pts',(0.945723171990516,0.92038898195536,-2.59414269491579));
#4446=CARTESIAN_POINT('Ctrl Pts',(0.958155870221352,0.909936739521932,-2.5909721593201));
#4447=CARTESIAN_POINT('Ctrl Pts',(0.983517500619714,0.891937258793065,-2.58091190485068));
#4448=CARTESIAN_POINT('Ctrl Pts',(0.996412766556763,0.88437431981838,-2.57396551955067));
#4449=CARTESIAN_POINT('Ctrl Pts',(1.02893815803423,0.867820221645926,-2.55096659467621));
#4450=CARTESIAN_POINT('Ctrl Pts',(1.04874723222592,0.861133017550635,-2.52941895927312));
#4451=CARTESIAN_POINT('Ctrl Pts',(1.07560720833956,0.853618383370704,-2.47855177371532));
#4452=CARTESIAN_POINT('Ctrl Pts',(1.08267716535433,0.852422471324821,-2.44929741144785));
#4453=CARTESIAN_POINT('Ctrl Pts',(1.08267716535433,0.852422471324821,-2.39322227359152));
#4454=CARTESIAN_POINT('Ctrl Pts',(1.07560720833956,0.853618383370705,-2.36396791132405));
#4455=CARTESIAN_POINT('Ctrl Pts',(1.04874723222592,0.861133017550636,-2.31310072576625));
#4456=CARTESIAN_POINT('Ctrl Pts',(1.02893815803423,0.867820221645926,-2.29155309036316));
#4457=CARTESIAN_POINT('Ctrl Pts',(0.996412766556763,0.884374319818381,-2.2685541654887));
#4458=CARTESIAN_POINT('Ctrl Pts',(0.983517500619714,0.891937258793065,-2.26160778018869));
#4459=CARTESIAN_POINT('Ctrl Pts',(0.958155870221352,0.909936739521932,-2.25154752571927));
#4460=CARTESIAN_POINT('Ctrl Pts',(0.945723171990516,0.92038898195536,-2.24837699012358));
#4461=CARTESIAN_POINT('Ctrl Pts',(0.908147449016508,0.957228046023011,-2.24203027471889));
#4462=CARTESIAN_POINT('Ctrl Pts',(0.885017646973418,0.990518852682471,-2.24458030168561));
#4463=CARTESIAN_POINT('Ctrl Pts',(0.867352720295275,1.03247638889685,-2.24823764154787));
#4464=CARTESIAN_POINT('Ctrl Pts',(0.865267894895881,1.03786488746506,-2.24871444411699));
#4465=CARTESIAN_POINT('Ctrl Pts',(0.863343786934429,1.04330708661417,-2.249185961528));
#4466=CARTESIAN_POINT('',(0.863343786934429,1.04330708661417,-0.866141732283465));
#4467=CARTESIAN_POINT('',(0.863343786934429,1.04330708661417,-4.15354330708661));
#4468=CARTESIAN_POINT('',(1.4201207799947,1.04330708661417,-0.866141732283465));
#4469=CARTESIAN_POINT('Origin',(1.14173228346457,1.14173228346457,-0.866141732283465));
#4470=CARTESIAN_POINT('',(1.4201207799947,1.04330708661417,-3.74015748031496));
#4471=CARTESIAN_POINT('',(1.4201207799947,1.04330708661417,-4.15354330708661));
#4472=CARTESIAN_POINT('',(1.14173228346456,0.846456692913386,-3.93700787401575));
#4473=CARTESIAN_POINT('Origin',(1.14173228346457,1.14173228346457,-3.64173228346457));
#4474=CARTESIAN_POINT('',(1.14173228346457,0.846456692913386,-3.47095581339246));
#4475=CARTESIAN_POINT('',(1.14173228346457,0.846456692913386,-0.688976377952756));
#4476=CARTESIAN_POINT('Ctrl Pts',(1.14173228346457,0.846456692913386,-3.47095581339246));
#4477=CARTESIAN_POINT('Ctrl Pts',(1.14466243672007,0.846456692913386,-3.46678613221112));
#4478=CARTESIAN_POINT('Ctrl Pts',(1.14739988818813,0.84650019341778,-3.46257632670787));
#4479=CARTESIAN_POINT('Ctrl Pts',(1.15954111560826,0.846837626450157,-3.44246729743368));
#4480=CARTESIAN_POINT('Ctrl Pts',(1.16777356155682,0.847557308269432,-3.42390575803091));
#4481=CARTESIAN_POINT('Ctrl Pts',(1.17855449989353,0.84871148333602,-3.38519442537438));
#4482=CARTESIAN_POINT('Ctrl Pts',(1.18110236220472,0.849093134895305,-3.36504289923094));
#4483=CARTESIAN_POINT('Ctrl Pts',(1.18110236220472,0.849093134895305,-3.32787048659583));
#4484=CARTESIAN_POINT('Ctrl Pts',(1.17855449989353,0.84871148333602,-3.30771896045239));
#4485=CARTESIAN_POINT('Ctrl Pts',(1.16777356155682,0.847557308269432,-3.26900762779586));
#4486=CARTESIAN_POINT('Ctrl Pts',(1.15954111560826,0.846837626450157,-3.25044608839309));
#4487=CARTESIAN_POINT('Ctrl Pts',(1.14739988818813,0.84650019341778,-3.2303370591189));
#4488=CARTESIAN_POINT('Ctrl Pts',(1.14466243672007,0.846456692913386,-3.22612725361565));
#4489=CARTESIAN_POINT('Ctrl Pts',(1.14173228346457,0.846456692913386,-3.22195757243432));
#4490=CARTESIAN_POINT('Origin',(1.96850393700787,-2.49648291535898,-3.01778848192221));
#4491=CARTESIAN_POINT('',(2.04724409448819,-2.87148291535898,-3.01778848192221));
#4492=CARTESIAN_POINT('Origin',(2.04724409448819,-2.49648291535898,-3.01778848192221));
#4493=CARTESIAN_POINT('',(-0.118110236220476,-2.87148291535898,-3.01778848192221));
#4494=CARTESIAN_POINT('',(1.96850393700787,-2.87148291535898,-3.01778848192221));
#4495=CARTESIAN_POINT('Origin',(-0.118110236220476,-2.49648291535898,-3.01778848192221));
#4496=CARTESIAN_POINT('Origin',(2.04724409448819,-0.710557340477169,-2.07601853886891));
#4497=CARTESIAN_POINT('',(2.04724409448818,-3.23206176892183,-2.4164914626346));
#4498=CARTESIAN_POINT('',(2.04724409448818,-3.46048316111257,-3.26897170382607));
#4499=CARTESIAN_POINT('',(2.04724409448818,-3.23206176892183,-2.4164914626346));
#4500=CARTESIAN_POINT('',(2.04724409448818,-3.23777236388846,-3.6547181200124));
#4501=CARTESIAN_POINT('',(2.04724409448818,-3.46048316111257,-3.26897170382607));
#4502=CARTESIAN_POINT('',(2.04724409448818,-1.96385595825747,-3.99606299212598));
#4503=CARTESIAN_POINT('',(2.04724409448818,-3.23777236388846,-3.6547181200124));
#4504=CARTESIAN_POINT('',(2.04724409448818,-0.787401574803154,-3.99606299212598));
#4505=CARTESIAN_POINT('',(2.04724409448818,-1.96385595825747,-3.99606299212598));
#4506=CARTESIAN_POINT('',(2.04724409448818,-0.629921259842524,-4.15354330708661));
#4507=CARTESIAN_POINT('',(2.04724409448818,-0.787401574803154,-3.99606299212598));
#4508=CARTESIAN_POINT('',(2.04724409448819,0.629921259842516,-4.15354330708661));
#4509=CARTESIAN_POINT('',(2.04724409448818,-0.629921259842524,-4.15354330708661));
#4510=CARTESIAN_POINT('',(2.04724409448819,1.04330708661417,-3.74015748031496));
#4511=CARTESIAN_POINT('',(2.04724409448819,0.629921259842516,-4.15354330708661));
#4512=CARTESIAN_POINT('',(2.04724409448819,1.04330708661417,-1.00020091870511E-15));
#4513=CARTESIAN_POINT('',(2.04724409448819,1.04330708661417,-3.74015748031496));
#4514=CARTESIAN_POINT('',(2.04724409448819,-1.47637795275591,-1.13594057260968E-15));
#4515=CARTESIAN_POINT('',(2.04724409448819,1.47637795275591,-1.13594057260968E-15));
#4516=CARTESIAN_POINT('',(2.04724409448819,-1.47637795275591,-1.13594057260968E-15));
#4517=CARTESIAN_POINT('',(2.04724409448819,-0.375000000000001,-3.34645669291338));
#4518=CARTESIAN_POINT('Origin',(2.04724409448819,-6.18763570564956E-16,
-3.34645669291338));
#4519=CARTESIAN_POINT('',(2.04724409448819,-2.10932299211211E-15,-2.56955562038701));
#4520=CARTESIAN_POINT('Origin',(2.04724409448819,-2.09116199714289E-15,
-2.42125984251969));
#4521=CARTESIAN_POINT('',(2.04724409448818,-2.2570243500082,-2.27241272759287));
#4522=CARTESIAN_POINT('Origin',(2.04724409448818,-2.2570243500082,-2.12411694972554));
#4523=CARTESIAN_POINT('',(2.04724409448819,-0.375000000000001,-1.50009288038423));
#4524=CARTESIAN_POINT('Origin',(2.04724409448819,-6.18763570564956E-16,
-1.50009288038423));
#4525=CARTESIAN_POINT('Origin',(1.96850393700787,-6.18763570564956E-16,
-3.34645669291338));
#4526=CARTESIAN_POINT('',(-0.118110236220476,-0.375000000000001,-3.34645669291338));
#4527=CARTESIAN_POINT('',(1.96850393700787,-0.375000000000001,-3.34645669291338));
#4528=CARTESIAN_POINT('Origin',(-0.118110236220476,-6.18763570564956E-16,
-3.34645669291338));
#4529=CARTESIAN_POINT('Origin',(1.96850393700787,-6.18763570564956E-16,
-1.50009288038423));
#4530=CARTESIAN_POINT('',(-0.118110236220474,-0.375000000000001,-1.50009288038423));
#4531=CARTESIAN_POINT('Origin',(-0.11811023622048,-6.18763570564956E-16,
-1.50009288038423));
#4532=CARTESIAN_POINT('',(1.96850393700787,-0.375000000000001,-1.50009288038423));
#4533=CARTESIAN_POINT('Origin',(-0.118110236220476,-6.11933950580795E-16,
-3.34645669291338));
#4534=CARTESIAN_POINT('Origin',(-0.118110236220476,-2.49648291535898,-3.01778848192221));
#4535=CARTESIAN_POINT('Origin',(1.14173228346457,1.14173228346457,-0.688976377952756));
#4536=CARTESIAN_POINT('',(0.863343786934429,1.04330708661417,-3.74015748031496));
#4537=CARTESIAN_POINT('Origin',(1.14173228346457,1.14173228346457,-3.64173228346457));
#4538=CARTESIAN_POINT('',(0.863343786934429,1.04330708661417,-3.53787630857088));
#4539=CARTESIAN_POINT('',(0.863343786934429,1.04330708661417,-4.15354330708661));
#4540=CARTESIAN_POINT('Ctrl Pts',(0.863343786934428,1.04330708661417,-3.53787630857088));
#4541=CARTESIAN_POINT('Ctrl Pts',(0.86619428364207,1.03524466440728,-3.53938365792264));
#4542=CARTESIAN_POINT('Ctrl Pts',(0.869396273385779,1.02730413324788,-3.54099559935393));
#4543=CARTESIAN_POINT('Ctrl Pts',(0.890425565901108,0.981049604884804,-3.55081751928007));
#4544=CARTESIAN_POINT('Ctrl Pts',(0.916426474842047,0.946505810098033,-3.55984117424415));
#4545=CARTESIAN_POINT('Ctrl Pts',(0.962578426573683,0.906147099082421,-3.56352067109514));
#4546=CARTESIAN_POINT('Ctrl Pts',(0.980656515561354,0.893324404872409,-3.56323958309016));
#4547=CARTESIAN_POINT('Ctrl Pts',(1.01842174438156,0.872573619571473,-3.5570590572495));
#4548=CARTESIAN_POINT('Ctrl Pts',(1.03808319472343,0.864627332431972,-3.55106414845013));
#4549=CARTESIAN_POINT('Ctrl Pts',(1.06624767304468,0.856059053027027,-3.53798094668158));
#4550=CARTESIAN_POINT('Ctrl Pts',(1.07742929248059,0.853342388289235,-3.53170181438767));
#4551=CARTESIAN_POINT('Ctrl Pts',(1.09860430303013,0.849424939210011,-3.5170077137033));
#4552=CARTESIAN_POINT('Ctrl Pts',(1.10859108058049,0.848199190232212,-3.50858988186526));
#4553=CARTESIAN_POINT('Ctrl Pts',(1.12590765643285,0.846747595031185,-3.49141132626336));
#4554=CARTESIAN_POINT('Ctrl Pts',(1.13425229600145,0.846456692913386,-3.48160002215629));
#4555=CARTESIAN_POINT('Ctrl Pts',(1.14173228346457,0.846456692913386,-3.47095581339246));
#4556=CARTESIAN_POINT('Origin',(0.905511811023622,0.831361958661417,-2.42125984251969));
#4557=CARTESIAN_POINT('',(0.759501266350429,0.827736994696886,-2.42125984251969));
#4558=CARTESIAN_POINT('',(0.905511811023625,0.827736994696885,-2.56727038719288));
#4559=CARTESIAN_POINT('Origin',(0.905511811023622,0.827736994696886,-2.42125984251969));
#4560=CARTESIAN_POINT('Origin',(0.905511811023622,0.827736994696886,-2.42125984251969));
#4561=CARTESIAN_POINT('',(0.905511811023626,0.846456692913386,-2.54855068897638));
#4562=CARTESIAN_POINT('',(0.905511811023625,0.831361958661417,-2.56364542322835));
#4563=CARTESIAN_POINT('Origin',(0.905511811023622,0.846456692913386,-2.42125984251969));
#4564=CARTESIAN_POINT('Origin',(0.905511811023622,0.846456692913386,-2.42125984251969));
#4565=CARTESIAN_POINT('Origin',(1.91929133858267,-2.2570243500082,-2.12411694972554));
#4566=CARTESIAN_POINT('',(2.06692913385826,-2.13466204645678,-2.08419084857801));
#4567=CARTESIAN_POINT('Origin',(2.06692913385826,-2.2570243500082,-2.12411694972554));
#4568=CARTESIAN_POINT('Origin',(2.06692913385826,-2.19317798585126,-2.31978815144789));
#4569=CARTESIAN_POINT('Origin',(1.91929133858268,-1.96884839011073E-15,
-2.42125984251969));
#4570=CARTESIAN_POINT('',(2.06692913385827,0.0755252096079055,-2.31703619070813));
#4571=CARTESIAN_POINT('Origin',(2.06692913385827,-2.07399064577982E-15,
-2.42125984251969));
#4572=CARTESIAN_POINT('Origin',(2.06692913385827,0.166665440302757,-2.54203321875889));
#4573=CARTESIAN_POINT('Origin',(0.00984251968503472,-2.2570243500082,-2.12411694972554));
#4574=CARTESIAN_POINT('',(-0.118110236220477,-2.2570243500082,-1.97582117185822));
#4575=CARTESIAN_POINT('Origin',(-0.118110236220477,-2.2570243500082,-2.12411694972554));
#4576=CARTESIAN_POINT('',(-0.137795275590556,-2.36124800181975,-2.19964215933345));
#4577=CARTESIAN_POINT('Origin',(-0.137795275590556,-2.2570243500082,-2.12411694972554));
#4578=CARTESIAN_POINT('Origin',(-0.137795275590556,-2.13625097376899,-2.2907823900283));
#4579=CARTESIAN_POINT('Origin',(0.00984251968503677,-6.52066643121681E-16,
-2.42125984251969));
#4580=CARTESIAN_POINT('',(-0.118110236220474,-5.1719411752361E-16,-2.27296406465236));
#4581=CARTESIAN_POINT('Origin',(-0.118110236220474,-4.99033122554382E-16,
-2.42125984251969));
#4582=CARTESIAN_POINT('',(-0.137795275590554,-0.104223651811552,-2.49678505212759));
#4583=CARTESIAN_POINT('Origin',(-0.137795275590554,-4.80072843208665E-16,
-2.42125984251969));
#4584=CARTESIAN_POINT('Origin',(-0.137795275590554,0.120773376239202,-2.58792528282244));
#4585=CARTESIAN_POINT('Origin',(-0.275590551181106,-1.89672669006536E-16,
-3.34645669291339));
#4586=CARTESIAN_POINT('',(-0.275590551181107,-0.609053935685559,-3.91550934380205));
#4587=CARTESIAN_POINT('',(-0.275590551181105,-0.388779527559055,-3.6739918123589));
#4588=CARTESIAN_POINT('Origin',(-0.27559055118111,-0.47244094488189,-3.81889763779528));
#4589=CARTESIAN_POINT('',(-0.275590551181107,-0.624415631988543,-3.88890210531484));
#4590=CARTESIAN_POINT('Origin',(-0.27559055118111,-0.47244094488189,-3.81889763779528));
#4591=CARTESIAN_POINT('',(-0.275590551181107,-0.905511811023622,-3.4020292414126));
#4592=CARTESIAN_POINT('',(-0.275590551181107,-0.804354644334012,-3.57723859366872));
#4593=CARTESIAN_POINT('',(-0.275590551181106,-0.905511811023622,-3.29088414441417));
#4594=CARTESIAN_POINT('',(-0.275590551181106,-0.905511811023622,-3.31867041866378));
#4595=CARTESIAN_POINT('',(-0.275590551181106,-0.624415631988528,-2.80401128051191));
#4596=CARTESIAN_POINT('',(-0.275590551181106,-0.627189290003303,-2.80881539711632));
#4597=CARTESIAN_POINT('',(-0.275590551181099,-0.556102362204725,-2.72910992259512));
#4598=CARTESIAN_POINT('Origin',(-0.275590551181102,-0.47244094488189,-2.8740157480315));
#4599=CARTESIAN_POINT('',(-0.275590551181105,-0.609053935685575,-2.77740404202475));
#4600=CARTESIAN_POINT('Origin',(-0.275590551181102,-0.47244094488189,-2.8740157480315));
#4601=CARTESIAN_POINT('',(-0.275590551181106,-0.551181102362205,-2.67716535433071));
#4602=CARTESIAN_POINT('',(-0.275590551181106,-0.627189290003303,-2.80881539711632));
#4603=CARTESIAN_POINT('',(-0.275590551181105,0.551181102362205,-2.67716535433071));
#4604=CARTESIAN_POINT('',(-0.275590551181105,0.334645669291339,-2.67716535433071));
#4605=CARTESIAN_POINT('',(-0.275590551181104,0.669291338582677,-2.79527559055118));
#4606=CARTESIAN_POINT('',(-0.275590551181105,0.610236220472441,-2.73622047244094));
#4607=CARTESIAN_POINT('',(-0.275590551181105,0.669291338582677,-3.89763779527559));
#4608=CARTESIAN_POINT('',(-0.275590551181105,0.669291338582677,-3.68110236220472));
#4609=CARTESIAN_POINT('',(-0.275590551181106,0.551181102362205,-4.01574803149606));
#4610=CARTESIAN_POINT('',(-0.275590551181105,0.610236220472441,-3.95669291338583));
#4611=CARTESIAN_POINT('',(-0.275590551181107,-0.551181102362205,-4.01574803149606));
#4612=CARTESIAN_POINT('',(-0.275590551181106,-0.275590551181103,-4.01574803149606));
#4613=CARTESIAN_POINT('',(-0.275590551181107,-0.804354644334012,-3.57723859366872));
#4614=CARTESIAN_POINT('',(-0.275590551181099,0.556102362204724,-2.72910992259512));
#4615=CARTESIAN_POINT('Origin',(-0.275590551181101,0.47244094488189,-2.8740157480315));
#4616=CARTESIAN_POINT('',(-0.275590551181108,0.556102362204724,-3.6739918123589));
#4617=CARTESIAN_POINT('Origin',(-0.275590551181109,0.47244094488189,-3.81889763779528));
#4618=CARTESIAN_POINT('Origin',(-0.275590551181105,0.610236220472441,-3.95669291338583));
#4619=CARTESIAN_POINT('',(-0.118110236220476,0.551181102362205,-4.01574803149606));
#4620=CARTESIAN_POINT('',(-0.118110236220475,0.669291338582677,-3.89763779527559));
#4621=CARTESIAN_POINT('',(-0.118110236220477,-0.61500723106289,-5.18193636492114));
#4622=CARTESIAN_POINT('',(-0.275590551181106,0.551181102362205,-4.01574803149606));
#4623=CARTESIAN_POINT('',(-0.275590551181105,0.669291338582677,-3.89763779527559));
#4624=CARTESIAN_POINT('Origin',(-0.275590551181105,0.669291338582677,-4.01574803149606));
#4625=CARTESIAN_POINT('',(-0.118110236220474,0.669291338582677,-2.79527559055118));
#4626=CARTESIAN_POINT('',(-0.275590551181104,0.669291338582677,-2.79527559055118));
#4627=CARTESIAN_POINT('',(-0.118110236220474,0.669291338582677,-4.08464566929134));
#4628=CARTESIAN_POINT('Origin',(-0.275590551181105,0.610236220472441,-2.73622047244094));
#4629=CARTESIAN_POINT('',(-0.118110236220475,0.551181102362205,-2.67716535433071));
#4630=CARTESIAN_POINT('',(-0.118110236220474,-0.211463923976276,-1.91452032799223));
#4631=CARTESIAN_POINT('',(-0.275590551181105,0.551181102362205,-2.67716535433071));
#4632=CARTESIAN_POINT('Origin',(-0.275590551181106,-0.551181102362205,-2.67716535433071));
#4633=CARTESIAN_POINT('',(-0.118110236220476,-0.551181102362205,-2.67716535433071));
#4634=CARTESIAN_POINT('',(-0.118110236220476,-0.905511811023622,-3.29088414441417));
#4635=CARTESIAN_POINT('',(-0.118110236220477,-1.31366456673141,-3.99782545454929));
#4636=CARTESIAN_POINT('',(-0.275590551181106,-0.551181102362205,-2.67716535433071));
#4637=CARTESIAN_POINT('',(-0.275590551181106,-0.627189290003303,-2.80881539711632));
#4638=CARTESIAN_POINT('',(-0.275590551181106,-0.905511811023622,-3.29088414441417));
#4639=CARTESIAN_POINT('Origin',(-0.275590551181104,0.669291338582677,-2.67716535433071));
#4640=CARTESIAN_POINT('',(-0.118110236220476,-1.71229792669271,-2.67716535433071));
#4641=CARTESIAN_POINT('Origin',(-0.275590551181107,-0.551181102362205,-4.01574803149606));
#4642=CARTESIAN_POINT('',(-0.118110236220477,-0.551181102362205,-4.01574803149606));
#4643=CARTESIAN_POINT('',(-0.118110236220478,-2.32253414716515,-4.01574803149606));
#4644=CARTESIAN_POINT('',(-0.275590551181107,-0.551181102362205,-4.01574803149606));
#4645=CARTESIAN_POINT('Origin',(-0.275590551181107,-0.905511811023622,-3.4020292414126));
#4646=CARTESIAN_POINT('',(-0.118110236220477,-0.905511811023622,-3.4020292414126));
#4647=CARTESIAN_POINT('',(-0.118110236220476,-1.14135116559793,-2.99354349686566));
#4648=CARTESIAN_POINT('',(-0.275590551181107,-0.905511811023622,-3.4020292414126));
#4649=CARTESIAN_POINT('',(-0.275590551181107,-0.804354644334012,-3.57723859366872));
#4650=CARTESIAN_POINT('Origin',(-0.275590551181106,-0.905511811023622,-3.29088414441417));
#4651=CARTESIAN_POINT('',(-0.118110236220476,-0.905511811023622,-3.72221372575039));
#4652=CARTESIAN_POINT('Origin',(-0.275590551181108,-2.92798508498067,-2.27040480056111));
#4653=CARTESIAN_POINT('',(-0.118110236220478,-2.85565763194573,-2.22864652608159));
#4654=CARTESIAN_POINT('',(-0.118110236220478,-3.0003125380156,-2.31216307504063));
#4655=CARTESIAN_POINT('',(-0.118110236220479,-3.7729098214749,-2.75822232462103));
#4656=CARTESIAN_POINT('',(-0.275590551181107,-2.85565763194573,-2.22864652608159));
#4657=CARTESIAN_POINT('',(-0.275590551181107,-2.85565763194573,-2.22864652608159));
#4658=CARTESIAN_POINT('',(-0.275590551181108,-3.0003125380156,-2.31216307504063));
#4659=CARTESIAN_POINT('',(-0.275590551181108,-2.92798508498067,-2.27040480056111));
#4660=CARTESIAN_POINT('',(-0.275590551181108,-3.0003125380156,-2.31216307504063));
#4661=CARTESIAN_POINT('Origin',(-0.275590551181108,-2.96974335946019,-2.19807734752618));
#4662=CARTESIAN_POINT('',(-0.275590551181109,-3.28562487119948,-3.3769631985089));
#4663=CARTESIAN_POINT('',(-0.275590551181108,-3.05635603203387,-2.52132024215047));
#4664=CARTESIAN_POINT('',(-0.118110236220479,-3.28562487119949,-3.3769631985089));
#4665=CARTESIAN_POINT('',(-0.275590551181109,-3.28562487119948,-3.3769631985089));
#4666=CARTESIAN_POINT('',(-0.118110236220479,-3.25182828341736,-3.25083261578354));
#4667=CARTESIAN_POINT('Origin',(-0.275590551181109,-3.24386659671996,-3.44929065154383));
#4668=CARTESIAN_POINT('',(-0.118110236220479,-3.20210832224044,-3.52161810457877));
#4669=CARTESIAN_POINT('',(-0.118110236220479,-3.19764399853031,-3.52935054006617));
#4670=CARTESIAN_POINT('',(-0.275590551181109,-3.20210832224044,-3.52161810457877));
#4671=CARTESIAN_POINT('',(-0.275590551181109,-3.24386659671996,-3.44929065154383));
#4672=CARTESIAN_POINT('',(-0.275590551181109,-3.20210832224044,-3.52161810457877));
#4673=CARTESIAN_POINT('Origin',(-0.275590551181108,-2.13730819877218,-3.80693043776265));
#4674=CARTESIAN_POINT('',(-0.118110236220478,-2.13730819877218,-3.80693043776265));
#4675=CARTESIAN_POINT('',(-0.118110236220477,-1.63620890501793,-3.30583114400841));
#4676=CARTESIAN_POINT('',(-0.118110236220479,-2.71310616440215,-4.38272840339264));
#4677=CARTESIAN_POINT('',(-0.275590551181108,-2.13730819877218,-3.80693043776265));
#4678=CARTESIAN_POINT('',(-0.275590551181108,-2.13730819877218,-3.80693043776265));
#4679=CARTESIAN_POINT('',(-0.275590551181108,-2.05546365299337,-3.72508589198384));
#4680=CARTESIAN_POINT('',(-0.275590551181108,-2.02981638895874,-3.69943862794922));
#4681=CARTESIAN_POINT('',(-0.275590551181108,-2.03373893374057,-3.70336117273104));
#4682=CARTESIAN_POINT('',(-0.275590551181108,-2.02981638895874,-3.69943862794922));
#4683=CARTESIAN_POINT('',(-0.275590551181107,-1.63620890501793,-3.30583114400841));
#4684=CARTESIAN_POINT('',(-0.275590551181108,-2.02981638895874,-3.69943862794922));
#4685=CARTESIAN_POINT('',(-0.275590551181107,-1.63620890501793,-3.30583114400841));
#4686=CARTESIAN_POINT('Origin',(-0.275590551181109,-3.3161940497549,-3.49104892602335));
#4687=CARTESIAN_POINT('',(-0.275590551181109,-2.99295115513061,-3.57766159859704));
#4688=CARTESIAN_POINT('',(-0.118110236220479,-3.59618104205169,-3.41602663754621));
#4689=CARTESIAN_POINT('Origin',(-0.275590551181107,-1.79085750847747,-2.51395885926548));
#4690=CARTESIAN_POINT('',(-0.118110236220477,-1.79085750847747,-2.51395885926548));
#4691=CARTESIAN_POINT('',(-0.118110236220477,-2.66028742626561,-2.28099581491869));
#4692=CARTESIAN_POINT('',(-0.275590551181107,-1.79085750847747,-2.51395885926548));
#4693=CARTESIAN_POINT('',(-0.275590551181107,-1.79085750847747,-2.51395885926548));
#4694=CARTESIAN_POINT('',(-0.275590551181107,-2.05705753934453,-2.4426307759695));
#4695=CARTESIAN_POINT('Origin',(-0.275590551181107,-1.60744243714497,-3.19847322435222));
#4696=CARTESIAN_POINT('',(-0.118110236220477,-1.60744243714497,-3.19847322435222));
#4697=CARTESIAN_POINT('',(-0.118110236220477,-1.57133878481311,-3.33321388919355));
#4698=CARTESIAN_POINT('',(-0.275590551181107,-1.60744243714497,-3.19847322435222));
#4699=CARTESIAN_POINT('',(-0.275590551181107,-1.60744243714497,-3.19847322435222));
#4700=CARTESIAN_POINT('',(-0.275590551181107,-1.75294852642461,-2.65543710634994));
#4701=CARTESIAN_POINT('',(-0.275590551181107,-1.65980523972074,-3.00305258471277));
#4702=CARTESIAN_POINT('',(-0.275590551181106,-1.76090032556122,-2.62576058796054));
#4703=CARTESIAN_POINT('',(-0.275590551181107,-1.65980523972074,-3.00305258471277));
#4704=CARTESIAN_POINT('',(-0.275590551181107,-1.65980523972074,-3.00305258471277));
#4705=CARTESIAN_POINT('Origin',(-0.275590551181107,-1.63620890501793,-3.30583114400841));
#4706=CARTESIAN_POINT('',(-0.118110236220478,-1.82448953943318,-4.00850403772744));
#4707=CARTESIAN_POINT('',(-0.275590551181107,-1.62901728804969,-3.27899166409436));
#4708=CARTESIAN_POINT('Origin',(-1.14173228346457,-0.649606299212594,-0.0147637795275583));
#4709=CARTESIAN_POINT('',(-1.25655190765632,-0.739040122881531,-2.66924816578309E-18));
#4710=CARTESIAN_POINT('Origin',(-1.14173228346457,-0.649606299212594,-2.07620447518484E-16));
#4711=CARTESIAN_POINT('',(-1.29689983922114,-0.770467414360453,6.95893788806201E-17));
#4712=CARTESIAN_POINT('Origin',(-1.27672587343873,-0.754753768620992,-0.014763779527558));
#4713=CARTESIAN_POINT('Origin',(-1.14173228346457,-0.649606299212594,-2.07620447518484E-16));
#4714=CARTESIAN_POINT('Origin',(-1.41131085037104E-15,-1.47637795275591,
2.27797945827518E-16));
#4715=CARTESIAN_POINT('Origin',(-1.14173228346457,0.649606299212598,-0.0147637795275576));
#4716=CARTESIAN_POINT('',(-1.19626503837793,0.514668781979102,2.12797063588589E-16));
#4717=CARTESIAN_POINT('Origin',(-1.14173228346457,0.649606299212598,1.17469463727563E-16));
#4718=CARTESIAN_POINT('',(-1.21542799835775,0.467251367498004,2.46325721453588E-16));
#4719=CARTESIAN_POINT('Origin',(-1.20584651836784,0.490960074738551,-0.0147637795275575));
#4720=CARTESIAN_POINT('Origin',(-1.14173228346457,0.649606299212598,1.17469463727563E-16));
#4721=CARTESIAN_POINT('Origin',(-1.41131085037104E-15,-1.47637795275591,
2.27797945827518E-16));
#4722=CARTESIAN_POINT('Origin',(0.610236220472441,0.295275590551181,-0.161417322834646));
#4723=CARTESIAN_POINT('',(0.610236220472441,0.295275590551181,-0.0196850393700783));
#4724=CARTESIAN_POINT('',(1.39763779527559,0.29527559055118,-0.0196850393700792));
#4725=CARTESIAN_POINT('',(-0.738188976377953,0.295275590551181,-0.019685039370078));
#4726=CARTESIAN_POINT('',(0.610236220472441,0.295275590551181,0.181102362204724));
#4727=CARTESIAN_POINT('',(0.610236220472441,0.295275590551181,-0.161417322834646));
#4728=CARTESIAN_POINT('',(1.39763779527559,0.29527559055118,0.181102362204724));
#4729=CARTESIAN_POINT('',(0.610236220472441,0.295275590551181,0.181102362204724));
#4730=CARTESIAN_POINT('',(1.39763779527559,0.29527559055118,-0.161417322834646));
#4731=CARTESIAN_POINT('Origin',(1.00393700787402,-9.42224506219382E-16,
0.181102362204724));
#4732=CARTESIAN_POINT('',(0.610236220472441,-0.295275590551181,0.181102362204724));
#4733=CARTESIAN_POINT('',(0.610236220472441,-0.295275590551181,0.181102362204724));
#4734=CARTESIAN_POINT('',(1.39763779527559,-0.295275590551183,0.181102362204724));
#4735=CARTESIAN_POINT('',(1.39763779527559,-0.295275590551183,0.181102362204724));
#4736=CARTESIAN_POINT('',(1.39763779527559,0.29527559055118,0.181102362204724));
#4737=CARTESIAN_POINT('Origin',(0.807086614173228,0.275590551181102,-0.141732283464567));
#4738=CARTESIAN_POINT('',(1.39763779527559,0.29527559055118,-0.122047244094489));
#4739=CARTESIAN_POINT('',(1.39763779527559,0.255905511811022,-0.161417322834646));
#4740=CARTESIAN_POINT('',(1.39763779527559,0.275590551181101,-0.141732283464568));
#4741=CARTESIAN_POINT('',(0.610236220472441,0.255905511811023,-0.161417322834646));
#4742=CARTESIAN_POINT('',(1.12204724409449,0.255905511811022,-0.161417322834646));
#4743=CARTESIAN_POINT('',(0.610236220472441,0.295275590551181,-0.122047244094489));
#4744=CARTESIAN_POINT('',(0.610236220472441,0.127952755905512,-0.289370078740158));
#4745=CARTESIAN_POINT('',(-0.334645669291338,0.295275590551181,-0.122047244094489));
#4746=CARTESIAN_POINT('Origin',(0.610236220472441,-0.295275590551181,-0.161417322834646));
#4747=CARTESIAN_POINT('',(0.610236220472441,-0.255905511811024,-0.161417322834646));
#4748=CARTESIAN_POINT('',(0.610236220472441,-0.147637795275591,-0.161417322834646));
#4749=CARTESIAN_POINT('',(0.610236220472441,-0.295275590551181,-0.122047244094489));
#4750=CARTESIAN_POINT('',(0.610236220472441,-0.275590551181103,-0.141732283464567));
#4751=CARTESIAN_POINT('',(0.610236220472441,-0.295275590551181,-0.0196850393700798));
#4752=CARTESIAN_POINT('',(0.610236220472441,-0.295275590551182,-0.0807086614173232));
#4753=CARTESIAN_POINT('',(0.610236220472441,-0.295275590551181,-0.161417322834646));
#4754=CARTESIAN_POINT('',(0.610236220472441,0.29527559055118,-0.0807086614173232));
#4755=CARTESIAN_POINT('Origin',(1.2007874015748,-0.275590551181104,-0.141732283464568));
#4756=CARTESIAN_POINT('',(1.39763779527559,-0.255905511811025,-0.161417322834646));
#4757=CARTESIAN_POINT('',(1.31889763779528,-0.255905511811025,-0.161417322834646));
#4758=CARTESIAN_POINT('',(1.39763779527559,-0.295275590551183,-0.122047244094489));
#4759=CARTESIAN_POINT('',(1.39763779527559,-0.127952755905513,-0.289370078740158));
#4760=CARTESIAN_POINT('',(1.31889763779528,-0.295275590551183,-0.122047244094488));
#4761=CARTESIAN_POINT('Origin',(1.39763779527559,-0.295275590551183,-0.161417322834646));
#4762=CARTESIAN_POINT('',(1.39763779527559,-0.295275590551183,-0.0196850393700803));
#4763=CARTESIAN_POINT('',(0.718503937007874,-0.295275590551183,-0.019685039370079));
#4764=CARTESIAN_POINT('',(1.39763779527559,-0.295275590551183,-0.161417322834646));
#4765=CARTESIAN_POINT('Origin',(1.39763779527559,0.29527559055118,-0.161417322834646));
#4766=CARTESIAN_POINT('',(1.39763779527559,0.29527559055118,-0.0807086614173236));
#4767=CARTESIAN_POINT('',(1.39763779527559,-0.295275590551183,-0.0807086614173236));
#4768=CARTESIAN_POINT('',(1.39763779527559,0.147637795275589,-0.161417322834646));
#4769=CARTESIAN_POINT('Origin',(-1.47637795275591,0.295275590551182,1.0762842675527E-15));
#4770=CARTESIAN_POINT('',(0.295275590551181,0.29527559055118,-0.0196850393700787));
#4771=CARTESIAN_POINT('',(-0.738188976377953,0.295275590551181,-0.019685039370078));
#4772=CARTESIAN_POINT('',(0.295275590551181,0.29527559055118,-0.161417322834646));
#4773=CARTESIAN_POINT('',(0.295275590551181,0.29527559055118,-9.6308282107609E-17));
#4774=CARTESIAN_POINT('',(1.43700787401575,0.29527559055118,-0.161417322834646));
#4775=CARTESIAN_POINT('',(1.43700787401575,0.29527559055118,-0.161417322834646));
#4776=CARTESIAN_POINT('',(1.43700787401575,0.29527559055118,-0.0196850393700794));
#4777=CARTESIAN_POINT('',(1.43700787401575,0.29527559055118,-8.64420547146394E-16));
#4778=CARTESIAN_POINT('',(-0.738188976377953,0.295275590551181,-0.019685039370078));
#4779=CARTESIAN_POINT('Origin',(-0.610236220472441,-0.295275590551181,-0.161417322834645));
#4780=CARTESIAN_POINT('',(-0.610236220472441,-0.295275590551181,-0.0196850393700782));
#4781=CARTESIAN_POINT('',(-1.39763779527559,-0.29527559055118,-0.0196850393700772));
#4782=CARTESIAN_POINT('',(0.718503937007874,-0.295275590551183,-0.019685039370079));
#4783=CARTESIAN_POINT('',(-0.610236220472441,-0.295275590551181,0.181102362204725));
#4784=CARTESIAN_POINT('',(-0.610236220472441,-0.295275590551181,-0.161417322834645));
#4785=CARTESIAN_POINT('',(-1.39763779527559,-0.29527559055118,0.181102362204726));
#4786=CARTESIAN_POINT('',(-0.610236220472441,-0.295275590551181,0.181102362204725));
#4787=CARTESIAN_POINT('',(-1.39763779527559,-0.29527559055118,-0.161417322834644));
#4788=CARTESIAN_POINT('Origin',(-1.00393700787402,9.65912184351941E-16,
0.181102362204725));
#4789=CARTESIAN_POINT('',(-0.610236220472441,0.295275590551181,0.181102362204725));
#4790=CARTESIAN_POINT('',(-0.610236220472441,0.295275590551181,0.181102362204725));
#4791=CARTESIAN_POINT('',(-1.39763779527559,0.295275590551182,0.181102362204726));
#4792=CARTESIAN_POINT('',(-1.39763779527559,0.295275590551182,0.181102362204726));
#4793=CARTESIAN_POINT('',(-1.39763779527559,-0.29527559055118,0.181102362204726));
#4794=CARTESIAN_POINT('Origin',(-0.807086614173228,-0.275590551181102,-0.141732283464566));
#4795=CARTESIAN_POINT('',(-1.39763779527559,-0.29527559055118,-0.122047244094487));
#4796=CARTESIAN_POINT('',(-1.39763779527559,-0.255905511811022,-0.161417322834644));
#4797=CARTESIAN_POINT('',(-1.39763779527559,-0.275590551181101,-0.141732283464566));
#4798=CARTESIAN_POINT('',(-0.610236220472441,-0.255905511811023,-0.161417322834645));
#4799=CARTESIAN_POINT('',(0.314960629921259,-0.255905511811024,-0.161417322834646));
#4800=CARTESIAN_POINT('',(-0.610236220472441,-0.295275590551181,-0.122047244094488));
#4801=CARTESIAN_POINT('',(-0.610236220472441,-0.127952755905511,-0.289370078740157));
#4802=CARTESIAN_POINT('',(0.314960629921259,-0.295275590551182,-0.122047244094488));
#4803=CARTESIAN_POINT('Origin',(-0.610236220472441,0.295275590551181,-0.161417322834645));
#4804=CARTESIAN_POINT('',(-0.610236220472441,0.255905511811024,-0.161417322834645));
#4805=CARTESIAN_POINT('',(-0.610236220472441,0.147637795275591,-0.161417322834645));
#4806=CARTESIAN_POINT('',(-0.610236220472441,0.295275590551181,-0.122047244094488));
#4807=CARTESIAN_POINT('',(-0.610236220472441,0.275590551181103,-0.141732283464567));
#4808=CARTESIAN_POINT('',(-0.610236220472441,0.295275590551181,-0.0196850393700778));
#4809=CARTESIAN_POINT('',(-0.610236220472441,0.295275590551181,-0.0807086614173224));
#4810=CARTESIAN_POINT('',(-0.610236220472441,0.295275590551181,-0.161417322834645));
#4811=CARTESIAN_POINT('',(-0.610236220472441,-0.295275590551181,-0.0807086614173224));
#4812=CARTESIAN_POINT('Origin',(-1.2007874015748,0.275590551181104,-0.141732283464566));
#4813=CARTESIAN_POINT('',(-1.39763779527559,0.255905511811025,-0.161417322834644));
#4814=CARTESIAN_POINT('',(0.118110236220472,0.255905511811024,-0.161417322834646));
#4815=CARTESIAN_POINT('',(-1.39763779527559,0.295275590551182,-0.122047244094487));
#4816=CARTESIAN_POINT('',(-1.39763779527559,0.127952755905513,-0.289370078740156));
#4817=CARTESIAN_POINT('',(-1.33858267716535,0.295275590551182,-0.122047244094487));
#4818=CARTESIAN_POINT('Origin',(-1.39763779527559,0.295275590551182,-0.161417322834644));
#4819=CARTESIAN_POINT('',(-1.39763779527559,0.295275590551182,-0.0196850393700772));
#4820=CARTESIAN_POINT('',(-0.738188976377953,0.295275590551181,-0.019685039370078));
#4821=CARTESIAN_POINT('',(-1.39763779527559,0.295275590551182,-0.161417322834644));
#4822=CARTESIAN_POINT('Origin',(-1.39763779527559,-0.29527559055118,-0.161417322834644));
#4823=CARTESIAN_POINT('',(-1.39763779527559,-0.29527559055118,-0.0807086614173217));
#4824=CARTESIAN_POINT('',(-1.39763779527559,0.295275590551182,-0.080708661417322));
#4825=CARTESIAN_POINT('',(-1.39763779527559,-0.14763779527559,-0.161417322834644));
#4826=CARTESIAN_POINT('Origin',(1.43700787401575,-0.295275590551183,-8.19427561815075E-16));
#4827=CARTESIAN_POINT('',(-0.295275590551181,-0.295275590551181,-0.0196850393700783));
#4828=CARTESIAN_POINT('',(0.718503937007874,-0.295275590551183,-0.019685039370079));
#4829=CARTESIAN_POINT('',(-0.295275590551181,-0.295275590551181,-0.161417322834645));
#4830=CARTESIAN_POINT('',(-0.295275590551181,-0.295275590551181,5.28451236415764E-16));
#4831=CARTESIAN_POINT('',(-1.47637795275591,-0.29527559055118,-0.161417322834644));
#4832=CARTESIAN_POINT('',(-1.47637795275591,-0.29527559055118,-0.161417322834644));
#4833=CARTESIAN_POINT('',(-1.47637795275591,-0.29527559055118,-0.0196850393700775));
#4834=CARTESIAN_POINT('',(-1.47637795275591,-0.29527559055118,-1.03800926943445));
#4835=CARTESIAN_POINT('',(0.718503937007874,-0.295275590551183,-0.019685039370079));
#4836=CARTESIAN_POINT('Origin',(0.29527559055118,-0.610236220472441,-0.161417322834646));
#4837=CARTESIAN_POINT('',(0.29527559055118,-0.610236220472441,-0.0196850393700788));
#4838=CARTESIAN_POINT('',(0.29527559055118,-1.39763779527559,-0.0196850393700788));
#4839=CARTESIAN_POINT('',(0.29527559055118,-1.93379381831139,-0.0196850393700787));
#4840=CARTESIAN_POINT('',(0.295275590551181,-0.610236220472441,0.181102362204724));
#4841=CARTESIAN_POINT('',(0.29527559055118,-0.610236220472441,-0.161417322834646));
#4842=CARTESIAN_POINT('',(0.29527559055118,-1.39763779527559,0.181102362204724));
#4843=CARTESIAN_POINT('',(0.295275590551181,-0.610236220472441,0.181102362204724));
#4844=CARTESIAN_POINT('',(0.29527559055118,-1.39763779527559,-0.161417322834646));
#4845=CARTESIAN_POINT('Origin',(-8.40755941029965E-16,-1.00393700787402,
0.181102362204724));
#4846=CARTESIAN_POINT('',(-0.295275590551181,-0.610236220472441,0.181102362204725));
#4847=CARTESIAN_POINT('',(-0.295275590551181,-0.610236220472441,0.181102362204725));
#4848=CARTESIAN_POINT('',(-0.295275590551182,-1.39763779527559,0.181102362204725));
#4849=CARTESIAN_POINT('',(-0.295275590551182,-1.39763779527559,0.181102362204725));
#4850=CARTESIAN_POINT('',(0.29527559055118,-1.39763779527559,0.181102362204724));
#4851=CARTESIAN_POINT('Origin',(0.275590551181102,-0.807086614173228,-0.141732283464567));
#4852=CARTESIAN_POINT('',(0.29527559055118,-1.39763779527559,-0.122047244094488));
#4853=CARTESIAN_POINT('',(0.255905511811022,-1.39763779527559,-0.161417322834646));
#4854=CARTESIAN_POINT('',(0.275590551181101,-1.39763779527559,-0.141732283464567));
#4855=CARTESIAN_POINT('',(0.255905511811023,-0.610236220472441,-0.161417322834646));
#4856=CARTESIAN_POINT('',(0.255905511811023,-0.403543307086614,-0.161417322834646));
#4857=CARTESIAN_POINT('',(0.29527559055118,-0.610236220472441,-0.122047244094488));
#4858=CARTESIAN_POINT('',(0.127952755905511,-0.610236220472441,-0.289370078740157));
#4859=CARTESIAN_POINT('',(0.29527559055118,-1.59914814902005,-0.122047244094488));
#4860=CARTESIAN_POINT('Origin',(-0.295275590551182,-0.610236220472441,-0.161417322834645));
#4861=CARTESIAN_POINT('',(-0.255905511811024,-0.610236220472441,-0.161417322834645));
#4862=CARTESIAN_POINT('',(0.570866141732283,-0.610236220472441,-0.161417322834646));
#4863=CARTESIAN_POINT('',(-0.295275590551182,-0.610236220472441,-0.122047244094488));
#4864=CARTESIAN_POINT('',(-0.275590551181103,-0.610236220472441,-0.141732283464567));
#4865=CARTESIAN_POINT('',(-0.295275590551182,-0.610236220472441,-0.0196850393700784));
#4866=CARTESIAN_POINT('',(-0.295275590551182,-0.610236220472441,-0.0807086614173224));
#4867=CARTESIAN_POINT('',(-0.295275590551182,-0.610236220472441,-0.161417322834645));
#4868=CARTESIAN_POINT('',(0.295275590551181,-0.610236220472441,-0.0807086614173228));
#4869=CARTESIAN_POINT('Origin',(-0.275590551181104,-1.2007874015748,-0.141732283464567));
#4870=CARTESIAN_POINT('',(-0.255905511811025,-1.39763779527559,-0.161417322834645));
#4871=CARTESIAN_POINT('',(-0.255905511811025,-0.600393700787402,-0.161417322834645));
#4872=CARTESIAN_POINT('',(-0.295275590551182,-1.39763779527559,-0.122047244094488));
#4873=CARTESIAN_POINT('',(-0.127952755905513,-1.39763779527559,-0.289370078740157));
#4874=CARTESIAN_POINT('',(-0.295275590551181,0.294944439087761,-0.122047244094488));
#4875=CARTESIAN_POINT('Origin',(-0.295275590551183,-1.39763779527559,-0.161417322834645));
#4876=CARTESIAN_POINT('',(-0.295275590551182,-1.39763779527559,-0.0196850393700787));
#4877=CARTESIAN_POINT('',(-0.295275590551181,0.15714916349721,-0.0196850393700783));
#4878=CARTESIAN_POINT('',(-0.295275590551183,-1.39763779527559,-0.161417322834645));
#4879=CARTESIAN_POINT('Origin',(0.29527559055118,-1.39763779527559,-0.161417322834646));
#4880=CARTESIAN_POINT('',(0.29527559055118,-1.39763779527559,-0.0807086614173228));
#4881=CARTESIAN_POINT('',(-0.295275590551183,-1.39763779527559,-0.080708661417322));
#4882=CARTESIAN_POINT('',(0.866141732283465,-1.39763779527559,-0.161417322834646));
#4883=CARTESIAN_POINT('Origin',(0.295275590551179,-2.39120968386686,3.25769128322003E-16));
#4884=CARTESIAN_POINT('',(0.295275590551181,-0.295275590551182,-0.0196850393700787));
#4885=CARTESIAN_POINT('',(0.29527559055118,-1.93379381831139,-0.0196850393700787));
#4886=CARTESIAN_POINT('',(0.295275590551181,-0.295275590551182,-0.161417322834646));
#4887=CARTESIAN_POINT('',(0.295275590551181,-0.295275590551182,-2.82522002764467E-17));
#4888=CARTESIAN_POINT('',(0.29527559055118,-1.59365450255205,-0.161417322834645));
#4889=CARTESIAN_POINT('',(0.295275590551179,-2.39120968386686,-0.161417322834645));
#4890=CARTESIAN_POINT('',(0.29527559055118,-1.49067997102373,-0.0196850393700786));
#4891=CARTESIAN_POINT('',(0.295275590551178,-2.51225315563992,-1.42575990111396));
#4892=CARTESIAN_POINT('',(0.29527559055118,-1.93379381831139,-0.0196850393700787));
#4893=CARTESIAN_POINT('Origin',(0.295275590551182,1.39763779527559,-0.161417322834646));
#4894=CARTESIAN_POINT('',(0.295275590551182,1.39763779527559,-0.0196850393700785));
#4895=CARTESIAN_POINT('',(0.295275590551182,0.610236220472441,-0.0196850393700785));
#4896=CARTESIAN_POINT('',(0.29527559055118,-1.93379381831139,-0.0196850393700787));
#4897=CARTESIAN_POINT('',(0.295275590551182,1.39763779527559,0.181102362204724));
#4898=CARTESIAN_POINT('',(0.295275590551182,1.39763779527559,-0.161417322834646));
#4899=CARTESIAN_POINT('',(0.295275590551182,0.610236220472441,0.181102362204724));
#4900=CARTESIAN_POINT('',(0.295275590551182,1.39763779527559,0.181102362204724));
#4901=CARTESIAN_POINT('',(0.295275590551182,0.610236220472441,-0.161417322834646));
#4902=CARTESIAN_POINT('Origin',(9.12759808341819E-16,1.00393700787402,0.181102362204724));
#4903=CARTESIAN_POINT('',(-0.29527559055118,1.39763779527559,0.181102362204724));
#4904=CARTESIAN_POINT('',(-0.29527559055118,1.39763779527559,0.181102362204724));
#4905=CARTESIAN_POINT('',(-0.295275590551181,0.610236220472441,0.181102362204724));
#4906=CARTESIAN_POINT('',(-0.295275590551181,0.610236220472441,0.181102362204724));
#4907=CARTESIAN_POINT('',(0.295275590551182,0.610236220472441,0.181102362204724));
#4908=CARTESIAN_POINT('Origin',(0.275590551181104,1.2007874015748,-0.141732283464567));
#4909=CARTESIAN_POINT('',(0.295275590551182,0.610236220472441,-0.122047244094488));
#4910=CARTESIAN_POINT('',(0.255905511811024,0.610236220472441,-0.161417322834646));
#4911=CARTESIAN_POINT('',(0.275590551181103,0.610236220472441,-0.141732283464567));
#4912=CARTESIAN_POINT('',(0.255905511811025,1.39763779527559,-0.161417322834646));
#4913=CARTESIAN_POINT('',(0.255905511811024,0.600393700787402,-0.161417322834646));
#4914=CARTESIAN_POINT('',(0.295275590551182,1.39763779527559,-0.122047244094488));
#4915=CARTESIAN_POINT('',(0.127952755905513,1.39763779527559,-0.289370078740157));
#4916=CARTESIAN_POINT('',(0.295275590551181,-0.595211141146031,-0.122047244094488));
#4917=CARTESIAN_POINT('Origin',(-0.29527559055118,1.39763779527559,-0.161417322834646));
#4918=CARTESIAN_POINT('',(-0.255905511811022,1.39763779527559,-0.161417322834646));
#4919=CARTESIAN_POINT('',(0.570866141732283,1.39763779527559,-0.161417322834646));
#4920=CARTESIAN_POINT('',(-0.29527559055118,1.39763779527559,-0.122047244094489));
#4921=CARTESIAN_POINT('',(-0.275590551181101,1.39763779527559,-0.141732283464567));
#4922=CARTESIAN_POINT('',(-0.29527559055118,1.39763779527559,4.15240895036968E-16));
#4923=CARTESIAN_POINT('',(-0.295275590551179,1.39763779527559,-0.0807086614173228));
#4924=CARTESIAN_POINT('',(-0.29527559055118,1.39763779527559,-0.161417322834646));
#4925=CARTESIAN_POINT('',(0.295275590551182,1.39763779527559,-0.0807086614173232));
#4926=CARTESIAN_POINT('Origin',(-0.275590551181102,0.807086614173228,-0.141732283464567));
#4927=CARTESIAN_POINT('',(-0.255905511811023,0.610236220472441,-0.161417322834646));
#4928=CARTESIAN_POINT('',(-0.255905511811024,0.403543307086614,-0.161417322834645));
#4929=CARTESIAN_POINT('',(-0.29527559055118,0.610236220472441,-0.122047244094488));
#4930=CARTESIAN_POINT('',(-0.127952755905511,0.610236220472441,-0.289370078740157));
#4931=CARTESIAN_POINT('',(-0.29527559055118,1.29888144696178,-0.122047244094489));
#4932=CARTESIAN_POINT('Origin',(-0.29527559055118,0.610236220472441,-0.161417322834646));
#4933=CARTESIAN_POINT('',(-0.29527559055118,0.610236220472441,4.15240895036968E-16));
#4934=CARTESIAN_POINT('',(-0.295275590551181,0.15714916349721,4.24491001371343E-16));
#4935=CARTESIAN_POINT('',(-0.29527559055118,0.610236220472441,-0.161417322834646));
#4936=CARTESIAN_POINT('Origin',(0.295275590551182,0.610236220472441,-0.161417322834646));
#4937=CARTESIAN_POINT('',(0.295275590551181,0.610236220472441,-0.0807086614173228));
#4938=CARTESIAN_POINT('',(-0.29527559055118,0.610236220472441,-0.0807086614173224));
#4939=CARTESIAN_POINT('',(0.866141732283465,0.610236220472441,-0.161417322834646));
#4940=CARTESIAN_POINT('Origin',(0.295275590551179,-2.39120968386686,3.25769128322003E-16));
#4941=CARTESIAN_POINT('',(0.295275590551182,1.47637795275591,-0.0196850393700787));
#4942=CARTESIAN_POINT('',(0.29527559055118,-1.93379381831139,-0.0196850393700787));
#4943=CARTESIAN_POINT('',(0.295275590551182,1.47637795275591,-0.161417322834646));
#4944=CARTESIAN_POINT('',(0.295275590551182,1.47637795275591,-8.54785208773882E-17));
#4945=CARTESIAN_POINT('',(0.295275590551179,-2.39120968386686,-0.161417322834645));
#4946=CARTESIAN_POINT('',(0.29527559055118,-1.93379381831139,-0.0196850393700787));
#4947=CARTESIAN_POINT('Origin',(-5.48554493261437E-15,-3.46048316111256,
-3.26897170382607));
#4948=CARTESIAN_POINT('',(-0.118110236220478,-3.23206176892182,-2.4164914626346));
#4949=CARTESIAN_POINT('',(-0.118110236220479,-3.46048316111256,-3.26897170382607));
#4950=CARTESIAN_POINT('',(-0.11811023622048,-3.59226962383892,-3.76080547847064));
#4951=CARTESIAN_POINT('',(-5.48554493261437E-15,-3.46048316111256,-3.26897170382607));
#4952=CARTESIAN_POINT('',(-4.69932463973996E-15,-3.23206176892182,-2.4164914626346));
#4953=CARTESIAN_POINT('',(0.964566929133854,-3.28216295287264,-2.60347162665841));
#4954=CARTESIAN_POINT('Origin',(0.96456692913385,-3.33311158379833,-2.79361450584917));
#4955=CARTESIAN_POINT('',(1.65354330708661,-3.28216295287264,-2.60347162665841));
#4956=CARTESIAN_POINT('Origin',(1.65354330708661,-3.33311158379833,-2.79361450584917));
#4957=CARTESIAN_POINT('',(0.275590551181101,-3.28216295287264,-2.6034716266584));
#4958=CARTESIAN_POINT('Origin',(0.275590551181096,-3.33311158379833,-2.79361450584917));
#4959=CARTESIAN_POINT('Origin',(1.43700787401575,-1.37961613250795E-15,
-0.161417322834646));
#4960=CARTESIAN_POINT('',(-0.118110236220474,-1.47637795275591,-0.161417322834645));
#4961=CARTESIAN_POINT('',(-0.118110236220475,-1.59365450255205,-0.161417322834645));
#4962=CARTESIAN_POINT('',(-0.118110236220474,-1.32728103931481,-0.161417322834645));
#4963=CARTESIAN_POINT('',(-1.6361071725663E-15,-1.59365450255205,-0.161417322834645));
#4964=CARTESIAN_POINT('',(1.43700787401575,-0.295275590551183,-0.161417322834646));
#4965=CARTESIAN_POINT('',(-1.47637795275591,-0.29527559055118,-0.161417322834644));
#4966=CARTESIAN_POINT('Origin',(1.43700787401575,-1.39858180310496E-15,
-0.161417322834646));
#4967=CARTESIAN_POINT('',(-0.295275590551179,1.47637795275591,-0.161417322834645));
#4968=CARTESIAN_POINT('',(1.29862245210706E-15,1.47637795275591,-0.161417322834645));
#4969=CARTESIAN_POINT('',(-0.295275590551181,0.295275590551181,-0.161417322834645));
#4970=CARTESIAN_POINT('',(-0.295275590551179,1.79067627975033,-0.161417322834645));
#4971=CARTESIAN_POINT('',(-1.47637795275591,0.295275590551182,-0.161417322834644));
#4972=CARTESIAN_POINT('',(1.43700787401575,0.29527559055118,-0.161417322834646));
#4973=CARTESIAN_POINT('',(-1.47637795275591,-0.355278670238582,-0.161417322834644));
#4974=CARTESIAN_POINT('',(-0.295275590551183,-1.47637795275591,-0.161417322834645));
#4975=CARTESIAN_POINT('',(-0.295275590551179,1.79067627975033,-0.161417322834645));
#4976=CARTESIAN_POINT('',(-0.01968503937008,-1.47637795275591,-0.161417322834645));
#4977=CARTESIAN_POINT('Origin',(-1.41131085037104E-15,-1.47637795275591,
2.27797945827518E-16));
#4978=CARTESIAN_POINT('',(1.41732283464567,1.47637795275591,-7.16328720782854E-16));
#4979=CARTESIAN_POINT('',(1.53543307086614,1.35826771653543,-7.8755086664074E-16));
#4980=CARTESIAN_POINT('',(1.83070866141732,1.06299212598425,-9.90125354279886E-16));
#4981=CARTESIAN_POINT('',(0.314960629921261,1.47637795275591,1.79920199141013E-17));
#4982=CARTESIAN_POINT('',(1.41131085037104E-15,1.47637795275591,2.27797945827517E-16));
#4983=CARTESIAN_POINT('',(0.31496062992126,0.314960629921259,1.75410179957996E-17));
#4984=CARTESIAN_POINT('',(0.314960629921258,-1.93379381831139,1.75410179958004E-17));
#4985=CARTESIAN_POINT('',(1.43700787401575,0.314960629921258,-7.29919784729736E-16));
#4986=CARTESIAN_POINT('',(-0.738188976377953,0.31496062992126,7.19052391109787E-16));
#4987=CARTESIAN_POINT('',(1.43700787401575,-0.314960629921261,-7.30496153505823E-16));
#4988=CARTESIAN_POINT('Origin',(1.43700787401575,-1.37671320030552E-15,
-7.30496153505823E-16));
#4989=CARTESIAN_POINT('',(0.314960629921259,-0.314960629921261,1.90929367782965E-17));
#4990=CARTESIAN_POINT('',(0.718503937007874,-0.314960629921261,-2.49720905798267E-16));
#4991=CARTESIAN_POINT('',(0.314960629921259,-1.47637795275591,1.79920199141024E-17));
#4992=CARTESIAN_POINT('',(0.314960629921258,-1.93379381831139,1.75410179958004E-17));
#4993=CARTESIAN_POINT('',(-1.41131085037104E-15,-1.47637795275591,2.27797945827518E-16));
#4994=CARTESIAN_POINT('',(1.53543307086614,1.04330708661417,-6.59266289095807E-16));
#4995=CARTESIAN_POINT('',(1.02362204724409,1.04330708661417,-4.9316993108102E-16));
#4996=CARTESIAN_POINT('',(1.53543307086614,-0.108267716535434,-7.8755086664074E-16));
#4997=CARTESIAN_POINT('',(1.14173228346457,-1.2992125984252,-5.42578722418028E-16));
#4998=CARTESIAN_POINT('Origin',(1.14173228346457,-1.14173228346457,-5.57296990707508E-16));
#4999=CARTESIAN_POINT('',(1.00535033011269,1.22047244094488,-8.5556590614776E-16));
#5000=CARTESIAN_POINT('Origin',(1.14173228346457,1.14173228346457,-9.34292013833177E-16));
#5001=CARTESIAN_POINT('Origin',(-1.41131085037104E-15,-1.47637795275591,
2.27797945827518E-16));
#5002=CARTESIAN_POINT('',(-1.35826771653543,-1.47637795275591,1.13258600132912E-15));
#5003=CARTESIAN_POINT('',(-1.47637795275591,-1.35826771653543,1.21126322354665E-15));
#5004=CARTESIAN_POINT('',(-1.04822834645669,-1.78641732283465,8.86476725834626E-16));
#5005=CARTESIAN_POINT('',(-0.314960629921261,-1.47637795275591,4.37603871740933E-16));
#5006=CARTESIAN_POINT('',(-1.41131085037104E-15,-1.47637795275591,2.27797945827518E-16));
#5007=CARTESIAN_POINT('',(-0.31496062992126,-0.31496062992126,4.36888588837657E-16));
#5008=CARTESIAN_POINT('',(-0.314960629921259,0.15714916349721,4.36888588837654E-16));
#5009=CARTESIAN_POINT('',(-1.47637795275591,-0.314960629921258,1.21126322354665E-15));
#5010=CARTESIAN_POINT('',(0.718503937007874,-0.314960629921261,-2.49720905798267E-16));
#5011=CARTESIAN_POINT('',(-1.47637795275591,1.47637795275591,1.21126322354665E-15));
#5012=CARTESIAN_POINT('',(-1.27811423681645,-1.06299212598425,1.01848181750593E-15));
#5013=CARTESIAN_POINT('Origin',(-1.14173228346457,-1.14173228346457,9.39755709820508E-16));
#5014=CARTESIAN_POINT('Origin',(-1.47637795275591,-0.710557340477165,-2.07601853886891));
#5015=CARTESIAN_POINT('',(-1.47637795275591,-1.35826771653543,-0.866141732283465));
#5016=CARTESIAN_POINT('',(-1.47637795275591,-1.35826771653543,-1.47108013557618));
#5017=CARTESIAN_POINT('',(-1.47637795275591,0.110066086999511,-0.425026716920772));
#5018=CARTESIAN_POINT('',(-1.47637795275591,0.295275590551182,-0.0196850393700776));
#5019=CARTESIAN_POINT('',(-1.47637795275591,0.295275590551182,-1.03800926943445));
#5020=CARTESIAN_POINT('',(-1.47637795275591,0.314960629921261,1.21126322354665E-15));
#5021=CARTESIAN_POINT('',(-1.47637795275591,-0.46534475723809,-0.78030538715935));
#5022=CARTESIAN_POINT('',(-1.47637795275591,1.35826771653543,1.21126322354665E-15));
#5023=CARTESIAN_POINT('',(-1.47637795275591,1.47637795275591,1.21126322354665E-15));
#5024=CARTESIAN_POINT('',(-1.47637795275591,1.35826771653543,-0.866141732283465));
#5025=CARTESIAN_POINT('',(-1.47637795275591,1.35826771653543,-1.03800926943445));
#5026=CARTESIAN_POINT('',(-1.47637795275591,1.04330708661417,-0.866141732283465));
#5027=CARTESIAN_POINT('Origin',(-0.11811023622048,-4.09388719196811,-4.15354330708661));
#5028=CARTESIAN_POINT('',(-0.118110236220476,-0.78740157480315,-3.99606299212598));
#5029=CARTESIAN_POINT('',(-0.118110236220476,-0.62992125984252,-4.15354330708661));
#5030=CARTESIAN_POINT('',(-0.118110236220477,-1.49591274287391,-3.28755182405522));
#5031=CARTESIAN_POINT('',(-0.118110236220478,-1.96385595825747,-3.99606299212598));
#5032=CARTESIAN_POINT('',(-0.118110236220478,-2.44064438338563,-3.99606299212598));
#5033=CARTESIAN_POINT('',(-0.118110236220479,-3.23777236388845,-3.6547181200124));
#5034=CARTESIAN_POINT('',(-0.118110236220479,-2.93784401712697,-3.73508367831434));
#5035=CARTESIAN_POINT('',(-0.118110236220479,-3.23678789638496,-3.65642326774685));
#5036=CARTESIAN_POINT('',(-0.118110236220479,-3.79394706815912,-3.18986022988336));
#5037=CARTESIAN_POINT('',(-0.118110236220475,-1.47637795275591,-0.866141732283465));
#5038=CARTESIAN_POINT('',(-0.118110236220474,-1.47637795275591,-0.281136493282126));
#5039=CARTESIAN_POINT('',(-0.118110236220472,1.04330708661417,-0.866141732283465));
#5040=CARTESIAN_POINT('',(-0.118110236220476,-2.45537877002745,-0.866141732283465));
#5041=CARTESIAN_POINT('',(-0.118110236220474,1.04330708661417,-3.74015748031496));
#5042=CARTESIAN_POINT('',(-0.118110236220473,1.04330708661417,-2.50984251968504));
#5043=CARTESIAN_POINT('',(-0.118110236220475,0.62992125984252,-4.15354330708661));
#5044=CARTESIAN_POINT('',(-0.118110236220476,-0.344337939724308,-5.12780250665342));
#5045=CARTESIAN_POINT('',(-0.118110236220478,-1.73198296606279,-4.15354330708661));
#5046=CARTESIAN_POINT('Origin',(-4.69932463973996E-15,-3.23206176892182,
-2.4164914626346));
#5047=CARTESIAN_POINT('',(-0.547239253421547,-2.10280283564571,-0.862199883342803));
#5048=CARTESIAN_POINT('Origin',(4.20360038000311E-16,1.04330708661417,-0.866141732283465));
#5049=CARTESIAN_POINT('',(1.53543307086614,1.04330708661417,-0.866141732283465));
#5050=CARTESIAN_POINT('',(4.20360038000311E-16,1.04330708661417,-0.866141732283465));
#5051=CARTESIAN_POINT('',(1.53543307086614,1.04330708661417,-1.08362882133174));
#5052=CARTESIAN_POINT('',(-1.49411903595961E-15,1.04330708661417,-3.74015748031496));
#5053=CARTESIAN_POINT('',(1.65354330708661,1.04330708661417,-3.1496062992126));
#5054=CARTESIAN_POINT('Origin',(1.65354330708661,1.04330708661417,-3.34645669291339));
#5055=CARTESIAN_POINT('Origin',(4.20360038000311E-16,1.04330708661417,-0.866141732283465));
#5056=CARTESIAN_POINT('',(0.728346456692914,1.04330708661417,-2.42125984251969));
#5057=CARTESIAN_POINT('Origin',(0.905511811023622,1.04330708661417,-2.42125984251969));
#5058=CARTESIAN_POINT('Origin',(0.905511811023622,1.04330708661417,-2.42125984251969));
#5059=CARTESIAN_POINT('Origin',(0.964566929133858,1.04330708661417,-3.34645669291339));
#5060=CARTESIAN_POINT('',(-1.49411903595961E-15,1.04330708661417,-3.74015748031496));
#5061=CARTESIAN_POINT('',(4.20360038000311E-16,1.04330708661417,-0.866141732283465));
#5062=CARTESIAN_POINT('',(0.275590551181097,1.04330708661417,-3.1496062992126));
#5063=CARTESIAN_POINT('Origin',(0.275590551181101,1.04330708661417,-3.34645669291339));
#5064=CARTESIAN_POINT('Origin',(-1.41131085037104E-15,-1.47637795275591,
2.27797945827518E-16));
#5065=CARTESIAN_POINT('',(-1.35826771653543,1.47637795275591,1.13258600132912E-15));
#5066=CARTESIAN_POINT('',(-1.78641732283465,1.04822834645669,1.37793298769164E-15));
#5067=CARTESIAN_POINT('',(-0.295275590551181,0.31496062992126,4.24491001371343E-16));
#5068=CARTESIAN_POINT('',(-0.738188976377953,0.31496062992126,7.19052391109787E-16));
#5069=CARTESIAN_POINT('',(-0.295275590551181,0.15714916349721,4.24491001371343E-16));
#5070=CARTESIAN_POINT('',(-0.295275590551179,1.47637795275591,4.24491001371343E-16));
#5071=CARTESIAN_POINT('',(-0.295275590551181,0.15714916349721,4.24491001371343E-16));
#5072=CARTESIAN_POINT('',(1.41131085037104E-15,1.47637795275591,2.27797945827517E-16));
#5073=CARTESIAN_POINT('',(-1.27811423681644,1.06299212598425,6.87640025884504E-16));
#5074=CARTESIAN_POINT('Origin',(-1.14173228346457,1.14173228346457,5.84615470644153E-16));
#5075=CARTESIAN_POINT('Origin',(1.41131085037104E-15,1.47637795275591,2.9671686895602E-16));
#5076=CARTESIAN_POINT('',(-1.35826771653543,1.47637795275591,-0.866141732283465));
#5077=CARTESIAN_POINT('',(-1.35826771653543,1.47637795275591,-1.03800926943445));
#5078=CARTESIAN_POINT('',(-0.295275590551179,1.47637795275591,4.71224915814823E-16));
#5079=CARTESIAN_POINT('',(0.231299212598426,1.47637795275591,-0.0836614173228346));
#5080=CARTESIAN_POINT('',(1.41732283464567,1.47637795275591,-0.866141732283465));
#5081=CARTESIAN_POINT('',(1.41732283464567,1.47637795275591,-0.270907205332935));
#5082=CARTESIAN_POINT('',(8.3434455410915E-16,1.47637795275591,-0.866141732283465));
#5083=CARTESIAN_POINT('Origin',(8.3434455410915E-16,1.47637795275591,-0.866141732283465));
#5084=CARTESIAN_POINT('',(-1.35826771653543,-1.47637795275591,-0.866141732283465));
#5085=CARTESIAN_POINT('',(-1.78641732283465,-1.04822834645669,-0.866141732283465));
#5086=CARTESIAN_POINT('',(-1.04822834645669,1.78641732283465,-0.866141732283465));
#5087=CARTESIAN_POINT('',(1.53543307086614,1.35826771653543,-0.866141732283465));
#5088=CARTESIAN_POINT('',(1.09251968503937,1.8011811023622,-0.866141732283465));
#5089=CARTESIAN_POINT('',(1.53543307086614,1.36811023622047,-0.866141732283465));
#5090=CARTESIAN_POINT('',(-0.738188976377953,-1.47637795275591,-0.866141732283465));
#5091=CARTESIAN_POINT('Origin',(-1.41732283464567,-1.41732283464567,-1.47108013557618));
#5092=CARTESIAN_POINT('',(-1.35826771653544,-1.47637795275591,-1.47108013557618));
#5093=CARTESIAN_POINT('Origin',(-1.47637795275591,-1.47637795275591,-0.866141732283465));
#5094=CARTESIAN_POINT('',(-0.295275590551183,-1.47637795275591,-0.0196850393700783));
#5095=CARTESIAN_POINT('',(-0.295275590551183,-1.47637795275591,-0.433070866141732));
#5096=CARTESIAN_POINT('',(-0.383858267716537,-1.47637795275591,0.0688976377952764));
#5097=CARTESIAN_POINT('Origin',(-1.41732283464567,1.41732283464567,-1.03800926943445));
#5098=CARTESIAN_POINT('Origin',(1.47637795275591,1.41732283464567,-0.270907205332935));
#5099=CARTESIAN_POINT('',(1.53543307086614,1.35826771653543,-0.270907205332935));
#5100=CARTESIAN_POINT('Origin',(1.53543307086614,1.25984251968504,-0.54181441066587));
#5101=CARTESIAN_POINT('Origin',(0.905511811023622,0.793230850676693,-2.42125984251969));
#5102=CARTESIAN_POINT('',(0.728346456692913,0.846456692913386,-2.42125984251969));
#5103=CARTESIAN_POINT('',(0.816929133858268,0.793230850676693,-2.42125984251969));
#5104=CARTESIAN_POINT('Origin',(0.905511811023622,0.846456692913386,-2.42125984251969));
#5105=CARTESIAN_POINT('Origin',(0.905511811023622,0.94488188976378,-2.42125984251969));
#5106=CARTESIAN_POINT('',(0.728346456692913,0.94488188976378,-2.42125984251969));
#5107=CARTESIAN_POINT('Origin',(0.964566929133858,0.94488188976378,-3.34645669291339));
#5108=CARTESIAN_POINT('Origin',(0.964566929133858,0.846456692913386,-3.34645669291339));
#5109=CARTESIAN_POINT('Origin',(0.964566929133858,0.781402885735205,-3.34645669291339));
#5110=CARTESIAN_POINT('',(0.964566929133854,0.834628727971898,-3.1496062992126));
#5111=CARTESIAN_POINT('',(0.767716535433072,0.834628727971898,-3.34645669291339));
#5112=CARTESIAN_POINT('Origin',(0.964566929133858,0.834628727971898,-3.34645669291339));
#5113=CARTESIAN_POINT('',(0.748031496062992,0.846456692913386,-3.34645669291339));
#5114=CARTESIAN_POINT('',(0.856299212598425,0.781402885735205,-3.34645669291339));
#5115=CARTESIAN_POINT('Origin',(0.964566929133858,0.846456692913386,-3.34645669291339));
#5116=CARTESIAN_POINT('Origin',(0.964566929133858,0.846456692913386,-3.34645669291339));
#5117=CARTESIAN_POINT('Origin',(0.964566929133858,0.834628727971898,-3.34645669291339));
#5118=CARTESIAN_POINT('Origin',(0.964566929133858,0.94488188976378,-3.34645669291339));
#5119=CARTESIAN_POINT('Origin',(-0.738188976377953,0.305118110236221,-0.00984251968503866));
#5120=CARTESIAN_POINT('',(-0.295275590551181,0.295275590551181,-0.0196850393700783));
#5121=CARTESIAN_POINT('',(-0.29527559055118,0.678968282536008,0.364007652614747));
#5122=CARTESIAN_POINT('',(-0.738188976377953,0.295275590551181,-0.019685039370078));
#5123=CARTESIAN_POINT('',(-0.738188976377953,0.295275590551181,-0.019685039370078));
#5124=CARTESIAN_POINT('Origin',(-0.295275590551179,1.79067627975033,4.00545202144051E-16));
#5125=CARTESIAN_POINT('',(-0.295275590551181,0.295275590551181,4.60395154584602E-16));
#5126=CARTESIAN_POINT('Origin',(0.718503937007874,-0.305118110236222,-0.00984251968503961));
#5127=CARTESIAN_POINT('',(-0.31496062992126,-0.31496062992126,4.36888588837657E-16));
#5128=CARTESIAN_POINT('Origin',(-0.30511811023622,0.15714916349721,-0.00984251968503894));
#5129=CARTESIAN_POINT('',(-0.295275590551181,0.15714916349721,-0.0196850393700783));
#5130=CARTESIAN_POINT('',(-0.295275590551181,0.15714916349721,-0.0196850393700783));
#5131=CARTESIAN_POINT('Origin',(-0.295275590551179,1.79067627975033,4.00545202144051E-16));
#5132=CARTESIAN_POINT('Origin',(0.305118110236219,-1.93379381831139,-0.00984251968503933));
#5133=CARTESIAN_POINT('',(0.314960629921259,-0.314960629921261,1.90929367782965E-17));
#5134=CARTESIAN_POINT('Origin',(-0.738188976377953,0.305118110236221,-0.00984251968503866));
#5135=CARTESIAN_POINT('',(1.43700787401575,0.29527559055118,-0.0196850393700794));
#5136=CARTESIAN_POINT('',(0.31496062992126,0.314960629921259,1.75410179957996E-17));
#5137=CARTESIAN_POINT('Origin',(0.305118110236219,-1.93379381831139,-0.00984251968503933));
#5138=CARTESIAN_POINT('Origin',(1.43700787401575,-1.37671320030552E-15,
-0.00984251968504031));
#5139=CARTESIAN_POINT('',(1.43700787401575,-0.295275590551183,-0.0196850393700799));
#5140=CARTESIAN_POINT('',(1.43700787401575,-0.295275590551183,-0.0196850393700799));
#5141=CARTESIAN_POINT('Origin',(1.43700787401575,-1.37671320030552E-15,
-0.0196850393700799));
#5142=CARTESIAN_POINT('Origin',(0.718503937007874,-0.305118110236222,-0.00984251968503961));
#5143=CARTESIAN_POINT('',(0.718503937007874,-0.295275590551183,-0.019685039370079));
#5144=CARTESIAN_POINT('',(0.718503937007874,-0.295275590551183,-0.019685039370079));
#5145=CARTESIAN_POINT('Origin',(1.43700787401575,-0.295275590551183,-8.19427561815075E-16));
#5146=CARTESIAN_POINT('',(1.43700787401575,-0.295275590551183,-8.19427561815075E-16));
#5147=CARTESIAN_POINT('Origin',(1.43700787401575,-1.37367589436115E-15,
-8.41924054480736E-16));
#5148=CARTESIAN_POINT('Origin',(1.14173228346457,1.14173228346457,-0.511811023622047));
#5149=CARTESIAN_POINT('',(0.920111609267764,1.26968503937008,-0.511811023622047));
#5150=CARTESIAN_POINT('Origin',(1.14173228346457,1.14173228346457,-0.511811023622047));
#5151=CARTESIAN_POINT('Origin',(-2.16465635182485E-15,0.62992125984252,
-4.15354330708661));
#5152=CARTESIAN_POINT('',(-3.36897494414148E-15,-0.62992125984252,-4.15354330708661));
#5153=CARTESIAN_POINT('',(-2.16465635182485E-15,0.62992125984252,-4.15354330708661));
#5154=CARTESIAN_POINT('Origin',(-1.49411903595961E-15,1.04330708661417,
-3.74015748031496));
#5155=CARTESIAN_POINT('Origin',(-1.47637795275591,0.295275590551182,1.0762842675527E-15));
#5156=CARTESIAN_POINT('Origin',(-5.52960820353035E-15,-3.23777236388845,
-3.6547181200124));
#5157=CARTESIAN_POINT('',(-5.52960820353035E-15,-3.23777236388845,-3.6547181200124));
#5158=CARTESIAN_POINT('Origin',(-4.53921735303571E-15,-1.96385595825747,
-3.99606299212598));
#5159=CARTESIAN_POINT('',(-4.53921735303571E-15,-1.96385595825747,-3.99606299212598));
#5160=CARTESIAN_POINT('Origin',(0.275590551181096,-3.35364368725055,-2.78811294531023));
#5161=CARTESIAN_POINT('',(0.275590551181101,-3.28519858393892,-2.60265823176567));
#5162=CARTESIAN_POINT('',(0.275590551181092,-3.3870958457903,-2.9829439901472));
#5163=CARTESIAN_POINT('Origin',(0.275590551181096,-3.33614721486461,-2.79280111095644));
#5164=CARTESIAN_POINT('',(0.275590551181093,-3.41271245926977,-2.93857471408292));
#5165=CARTESIAN_POINT('',(0.275590551181093,-3.39990415253004,-2.96075935211506));
#5166=CARTESIAN_POINT('Origin',(0.275590551181096,-3.37114015963648,-2.78342477966403));
#5167=CARTESIAN_POINT('Origin',(0.275590551181096,-3.33614721486461,-2.79280111095644));
#5168=CARTESIAN_POINT('Origin',(0.275590551181096,-3.37114015963648,-2.78342477966403));
#5169=CARTESIAN_POINT('Origin',(0.275590551181097,-3.18099728044572,-2.83437341058972));
#5170=CARTESIAN_POINT('',(0.275590551181101,-3.13004864952003,-2.64423053139896));
#5171=CARTESIAN_POINT('Origin',(1.65354330708661,-3.35364368725055,-2.78811294531023));
#5172=CARTESIAN_POINT('',(1.65354330708661,-3.28519858393892,-2.60265823176568));
#5173=CARTESIAN_POINT('',(1.65354330708661,-3.3870958457903,-2.9829439901472));
#5174=CARTESIAN_POINT('Origin',(1.65354330708661,-3.33614721486461,-2.79280111095644));
#5175=CARTESIAN_POINT('',(1.65354330708661,-3.41271245926977,-2.93857471408292));
#5176=CARTESIAN_POINT('',(1.65354330708661,-3.39990415253004,-2.96075935211506));
#5177=CARTESIAN_POINT('Origin',(1.65354330708661,-3.37114015963648,-2.78342477966403));
#5178=CARTESIAN_POINT('Origin',(1.65354330708661,-3.33614721486461,-2.79280111095644));
#5179=CARTESIAN_POINT('Origin',(1.65354330708661,-3.37114015963648,-2.78342477966403));
#5180=CARTESIAN_POINT('Origin',(1.65354330708661,-3.18099728044572,-2.83437341058972));
#5181=CARTESIAN_POINT('',(1.65354330708661,-3.13004864952003,-2.64423053139896));
#5182=CARTESIAN_POINT('Origin',(0.96456692913385,-3.35364368725055,-2.78811294531023));
#5183=CARTESIAN_POINT('',(0.964566929133854,-3.28519858393892,-2.60265823176568));
#5184=CARTESIAN_POINT('',(0.964566929133846,-3.38709584579031,-2.9829439901472));
#5185=CARTESIAN_POINT('Origin',(0.96456692913385,-3.33614721486461,-2.79280111095644));
#5186=CARTESIAN_POINT('',(0.96456692913385,-3.41271245926977,-2.93857471408292));
#5187=CARTESIAN_POINT('',(0.964566929133847,-3.39990415253004,-2.96075935211506));
#5188=CARTESIAN_POINT('Origin',(0.96456692913385,-3.37114015963649,-2.78342477966403));
#5189=CARTESIAN_POINT('Origin',(0.96456692913385,-3.33614721486461,-2.79280111095644));
#5190=CARTESIAN_POINT('Origin',(0.96456692913385,-3.37114015963649,-2.78342477966403));
#5191=CARTESIAN_POINT('Origin',(0.96456692913385,-3.18099728044572,-2.83437341058972));
#5192=CARTESIAN_POINT('',(0.964566929133854,-3.13004864952003,-2.64423053139896));
#5193=CARTESIAN_POINT('Origin',(0.964566929133858,0.867713090551181,-3.34645669291339));
#5194=CARTESIAN_POINT('',(0.964566929133854,0.849599409448819,-3.1496062992126));
#5195=CARTESIAN_POINT('',(0.964566929133863,0.849599409448819,-3.54330708661417));
#5196=CARTESIAN_POINT('Origin',(0.964566929133858,0.849599409448819,-3.34645669291339));
#5197=CARTESIAN_POINT('',(0.964566929133862,0.885826771653543,-3.50707972440945));
#5198=CARTESIAN_POINT('',(0.964566929133862,0.867713090551181,-3.52519340551181));
#5199=CARTESIAN_POINT('Origin',(0.964566929133858,0.885826771653543,-3.34645669291339));
#5200=CARTESIAN_POINT('Origin',(0.964566929133858,0.849599409448819,-3.34645669291339));
#5201=CARTESIAN_POINT('Origin',(0.964566929133858,0.885826771653543,-3.34645669291339));
#5202=CARTESIAN_POINT('Origin',(0.964566929133858,0.688976377952756,-3.34645669291339));
#5203=CARTESIAN_POINT('',(0.964566929133854,0.688976377952756,-3.1496062992126));
#5204=CARTESIAN_POINT('Origin',(-0.374015748031502,-3.07510253963845,-3.35185467775829));
#5205=CARTESIAN_POINT('',(-0.275590551181111,-3.11840887592529,-3.19023323044614));
#5206=CARTESIAN_POINT('Origin',(-0.275590551181112,-3.07510253963845,-3.35185467775829));
#5207=CARTESIAN_POINT('',(-0.452755905511818,-3.11840887592529,-3.19023323044614));
#5208=CARTESIAN_POINT('',(-0.374015748031501,-3.11840887592529,-3.19023323044614));
#5209=CARTESIAN_POINT('',(-0.452755905511815,-2.9134810923263,-3.30854834147145));
#5210=CARTESIAN_POINT('Origin',(-0.452755905511819,-3.07510253963845,-3.35185467775829));
#5211=CARTESIAN_POINT('Origin',(-0.452755905511819,-3.07510253963845,-3.35185467775829));
#5212=CARTESIAN_POINT('Origin',(-0.452755905511819,-3.07510253963845,-3.35185467775829));
#5213=CARTESIAN_POINT('',(-0.472440944881894,-2.93249538024538,-3.31364320456402));
#5214=CARTESIAN_POINT('Origin',(-0.452755905511818,-2.93249538024538,-3.31364320456402));
#5215=CARTESIAN_POINT('Origin',(-0.472440944881898,-3.07510253963845,-3.35185467775829));
#5216=CARTESIAN_POINT('Origin',(-0.472440944881898,-3.04168328918311,-3.47657701840847));
#5217=CARTESIAN_POINT('Origin',(-0.374015748031502,-2.83054911119512,-2.43916885764263));
#5218=CARTESIAN_POINT('',(-0.275590551181102,-2.87385544748196,-2.27754741033048));
#5219=CARTESIAN_POINT('Origin',(-0.275590551181104,-2.83054911119512,-2.43916885764263));
#5220=CARTESIAN_POINT('',(-0.452755905511814,-2.87385544748196,-2.27754741033048));
#5221=CARTESIAN_POINT('',(-0.3740157480315,-2.87385544748196,-2.27754741033048));
#5222=CARTESIAN_POINT('',(-0.452755905511815,-2.66892766388297,-2.39586252135579));
#5223=CARTESIAN_POINT('Origin',(-0.452755905511815,-2.83054911119512,-2.43916885764263));
#5224=CARTESIAN_POINT('Origin',(-0.452755905511815,-2.83054911119512,-2.43916885764263));
#5225=CARTESIAN_POINT('Origin',(-0.452755905511815,-2.83054911119512,-2.43916885764263));
#5226=CARTESIAN_POINT('',(-0.472440944881894,-2.68794195180205,-2.40095738444835));
#5227=CARTESIAN_POINT('Origin',(-0.452755905511814,-2.68794195180205,-2.40095738444836));
#5228=CARTESIAN_POINT('Origin',(-0.472440944881894,-2.83054911119512,-2.43916885764263));
#5229=CARTESIAN_POINT('Origin',(-0.472440944881898,-2.79712986073978,-2.56389119829281));
#5230=CARTESIAN_POINT('Origin',(-0.374015748031501,-1.91786329107946,-2.68372228608596));
#5231=CARTESIAN_POINT('',(-0.2755905511811,-1.9611696273663,-2.52210083877381));
#5232=CARTESIAN_POINT('Origin',(-0.275590551181103,-1.91786329107946,-2.68372228608596));
#5233=CARTESIAN_POINT('Origin',(-0.275590551181107,-1.91786329107946,-2.68372228608596));
#5234=CARTESIAN_POINT('Origin',(-0.275590551181103,-1.91786329107946,-2.68372228608596));
#5235=CARTESIAN_POINT('',(-0.452755905511814,-1.9611696273663,-2.52210083877381));
#5236=CARTESIAN_POINT('',(-0.3740157480315,-1.9611696273663,-2.52210083877381));
#5237=CARTESIAN_POINT('',(-0.452755905511815,-1.75624184376731,-2.64041594979912));
#5238=CARTESIAN_POINT('Origin',(-0.452755905511815,-1.91786329107946,-2.68372228608596));
#5239=CARTESIAN_POINT('Origin',(-0.452755905511815,-1.91786329107946,-2.68372228608596));
#5240=CARTESIAN_POINT('Origin',(-0.452755905511815,-1.91786329107946,-2.68372228608596));
#5241=CARTESIAN_POINT('',(-0.472440944881894,-1.77525613168639,-2.64551081289169));
#5242=CARTESIAN_POINT('Origin',(-0.452755905511814,-1.77525613168639,-2.64551081289169));
#5243=CARTESIAN_POINT('Origin',(-0.472440944881894,-1.91786329107946,-2.68372228608596));
#5244=CARTESIAN_POINT('Origin',(-0.472440944881894,-1.88444404062412,-2.80844462673614));
#5245=CARTESIAN_POINT('Origin',(-0.275590551181108,-1.88347296520462,-2.81206872953972));
#5246=CARTESIAN_POINT('Origin',(-0.374015748031502,-2.16241671952279,-3.59640810620162));
#5247=CARTESIAN_POINT('',(-0.275590551181107,-2.20572305580963,-3.43478665888947));
#5248=CARTESIAN_POINT('Origin',(-0.275590551181111,-2.16241671952279,-3.59640810620162));
#5249=CARTESIAN_POINT('Origin',(-0.275590551181108,-2.16241671952279,-3.59640810620162));
#5250=CARTESIAN_POINT('Origin',(-0.275590551181111,-2.16241671952279,-3.59640810620162));
#5251=CARTESIAN_POINT('',(-0.452755905511814,-2.20572305580963,-3.43478665888947));
#5252=CARTESIAN_POINT('',(-0.3740157480315,-2.20572305580963,-3.43478665888947));
#5253=CARTESIAN_POINT('',(-0.452755905511815,-2.00079527221064,-3.55310176991478));
#5254=CARTESIAN_POINT('Origin',(-0.452755905511815,-2.16241671952279,-3.59640810620162));
#5255=CARTESIAN_POINT('Origin',(-0.452755905511815,-2.16241671952279,-3.59640810620162));
#5256=CARTESIAN_POINT('Origin',(-0.452755905511815,-2.16241671952279,-3.59640810620162));
#5257=CARTESIAN_POINT('',(-0.472440944881894,-2.01980956012972,-3.55819663300735));
#5258=CARTESIAN_POINT('Origin',(-0.452755905511814,-2.01980956012972,-3.55819663300735));
#5259=CARTESIAN_POINT('Origin',(-0.472440944881894,-2.16241671952279,-3.59640810620162));
#5260=CARTESIAN_POINT('Origin',(-0.472440944881898,-2.12899746906745,-3.7211304468518));
#5261=CARTESIAN_POINT('Origin',(-0.275590551181109,-2.12802639364794,-3.72475454965538));
#5262=CARTESIAN_POINT('Origin',(-0.275590551181107,-0.406003937007874,-2.98908802117215));
#5263=CARTESIAN_POINT('Origin',(-0.275590551181106,-0.47244094488189,-2.8740157480315));
#5264=CARTESIAN_POINT('Origin',(-0.3740157480315,-0.47244094488189,-2.8740157480315));
#5265=CARTESIAN_POINT('',(-0.452755905511814,-0.556102362204724,-2.72910992259512));
#5266=CARTESIAN_POINT('',(-0.374015748031498,-0.556102362204725,-2.72910992259512));
#5267=CARTESIAN_POINT('',(-0.452755905511815,-0.327535119445516,-2.79035433070866));
#5268=CARTESIAN_POINT('Origin',(-0.452755905511815,-0.47244094488189,-2.8740157480315));
#5269=CARTESIAN_POINT('Origin',(-0.452755905511815,-0.47244094488189,-2.8740157480315));
#5270=CARTESIAN_POINT('Origin',(-0.452755905511815,-0.47244094488189,-2.8740157480315));
#5271=CARTESIAN_POINT('',(-0.472440944881894,-0.344582863614501,-2.8001968503937));
#5272=CARTESIAN_POINT('Origin',(-0.452755905511814,-0.344582863614502,-2.8001968503937));
#5273=CARTESIAN_POINT('Origin',(-0.472440944881894,-0.47244094488189,-2.8740157480315));
#5274=CARTESIAN_POINT('Origin',(-0.472440944881894,-0.407879910661823,-2.98583873948984));
#5275=CARTESIAN_POINT('Origin',(-0.275590551181107,-0.538877952755906,-3.93396991093592));
#5276=CARTESIAN_POINT('Origin',(-0.275590551181106,-0.47244094488189,-3.81889763779528));
#5277=CARTESIAN_POINT('Origin',(-0.3740157480315,-0.47244094488189,-3.81889763779528));
#5278=CARTESIAN_POINT('',(-0.452755905511814,-0.388779527559055,-3.6739918123589));
#5279=CARTESIAN_POINT('',(-0.374015748031499,-0.388779527559055,-3.6739918123589));
#5280=CARTESIAN_POINT('',(-0.452755905511815,-0.327535119445518,-3.90255905511811));
#5281=CARTESIAN_POINT('Origin',(-0.452755905511815,-0.47244094488189,-3.81889763779528));
#5282=CARTESIAN_POINT('Origin',(-0.452755905511815,-0.47244094488189,-3.81889763779528));
#5283=CARTESIAN_POINT('Origin',(-0.452755905511815,-0.47244094488189,-3.81889763779528));
#5284=CARTESIAN_POINT('',(-0.472440944881894,-0.344582863614504,-3.89271653543307));
#5285=CARTESIAN_POINT('Origin',(-0.452755905511815,-0.344582863614502,-3.89271653543307));
#5286=CARTESIAN_POINT('Origin',(-0.472440944881894,-0.47244094488189,-3.81889763779528));
#5287=CARTESIAN_POINT('Origin',(-0.472440944881894,-0.537001979101957,-3.93072062925362));
#5288=CARTESIAN_POINT('Origin',(-0.374015748031499,0.47244094488189,-3.81889763779528));
#5289=CARTESIAN_POINT('',(-0.452755905511814,0.556102362204725,-3.6739918123589));
#5290=CARTESIAN_POINT('',(-0.374015748031498,0.556102362204724,-3.6739918123589));
#5291=CARTESIAN_POINT('',(-0.452755905511815,0.61734677031826,-3.90255905511811));
#5292=CARTESIAN_POINT('Origin',(-0.452755905511815,0.47244094488189,-3.81889763779528));
#5293=CARTESIAN_POINT('Origin',(-0.452755905511815,0.47244094488189,-3.81889763779528));
#5294=CARTESIAN_POINT('Origin',(-0.452755905511815,0.47244094488189,-3.81889763779528));
#5295=CARTESIAN_POINT('',(-0.472440944881894,0.600299026149276,-3.89271653543307));
#5296=CARTESIAN_POINT('Origin',(-0.452755905511815,0.600299026149277,-3.89271653543307));
#5297=CARTESIAN_POINT('Origin',(-0.472440944881894,0.47244094488189,-3.81889763779528));
#5298=CARTESIAN_POINT('Origin',(-0.472440944881894,0.407879910661827,-3.93072062925362));
#5299=CARTESIAN_POINT('Origin',(-0.374015748031499,0.47244094488189,-2.8740157480315));
#5300=CARTESIAN_POINT('',(-0.452755905511814,0.556102362204725,-2.72910992259512));
#5301=CARTESIAN_POINT('',(-0.374015748031497,0.556102362204724,-2.72910992259512));
#5302=CARTESIAN_POINT('',(-0.452755905511815,0.61734677031826,-2.95767716535433));
#5303=CARTESIAN_POINT('Origin',(-0.452755905511815,0.47244094488189,-2.8740157480315));
#5304=CARTESIAN_POINT('Origin',(-0.452755905511815,0.47244094488189,-2.8740157480315));
#5305=CARTESIAN_POINT('Origin',(-0.452755905511815,0.47244094488189,-2.8740157480315));
#5306=CARTESIAN_POINT('',(-0.472440944881894,0.600299026149276,-2.94783464566929));
#5307=CARTESIAN_POINT('Origin',(-0.452755905511815,0.600299026149277,-2.94783464566929));
#5308=CARTESIAN_POINT('Origin',(-0.472440944881894,0.47244094488189,-2.8740157480315));
#5309=CARTESIAN_POINT('Origin',(-0.472440944881894,0.407879910661827,-2.98583873948984));
#5310=CARTESIAN_POINT('Origin',(-1.07354130678863,1.18110236220472,0.47244094488189));
#5311=CARTESIAN_POINT('',(-1.03149517676385,1.20537770669291,0.47244094488189));
#5312=CARTESIAN_POINT('Origin',(-1.14173228346457,1.14173228346457,0.47244094488189));
#5313=CARTESIAN_POINT('Origin',(-1.14173228346457,1.14173228346457,0.457346210629921));
#5314=CARTESIAN_POINT('',(-1.27811423681644,1.06299212598425,0.442251476377953));
#5315=CARTESIAN_POINT('',(-1.00535033011269,1.22047244094488,0.442251476377953));
#5316=CARTESIAN_POINT('Origin',(-1.14173228346457,1.14173228346457,0.442251476377953));
#5317=CARTESIAN_POINT('',(-1.01842275343827,1.2129250738189,0.457346210629921));
#5318=CARTESIAN_POINT('Origin',(-1.14173228346457,1.14173228346457,0.442251476377953));
#5319=CARTESIAN_POINT('Origin',(-1.14173228346457,1.14173228346457,0.0418307086614185));
#5320=CARTESIAN_POINT('',(-1.27811423681645,1.06299212598425,0.0418307086614186));
#5321=CARTESIAN_POINT('Origin',(1.14173228346457,1.14173228346457,-0.669291338582677));
#5322=CARTESIAN_POINT('',(0.920111609267762,1.26968503937008,-0.795275590551181));
#5323=CARTESIAN_POINT('',(0.920111609267762,1.26968503937008,-0.669291338582677));
#5324=CARTESIAN_POINT('',(1.26968503937008,1.36335295766137,-0.795275590551181));
#5325=CARTESIAN_POINT('Origin',(1.14173228346457,1.14173228346457,-0.795275590551181));
#5326=CARTESIAN_POINT('Origin',(1.14173228346457,1.14173228346457,-0.795275590551181));
#5327=CARTESIAN_POINT('Origin',(1.14173228346457,1.14173228346457,-0.795275590551181));
#5328=CARTESIAN_POINT('',(1.25393700787402,1.336076566991,-0.826771653543307));
#5329=CARTESIAN_POINT('Origin',(1.25393700787402,1.336076566991,-0.795275590551181));
#5330=CARTESIAN_POINT('Origin',(1.14173228346457,1.14173228346457,-0.826771653543307));
#5331=CARTESIAN_POINT('Origin',(1.20992326014051,1.10236220472441,0.47244094488189));
#5332=CARTESIAN_POINT('',(1.25196939016529,1.07808686023622,0.47244094488189));
#5333=CARTESIAN_POINT('Origin',(1.14173228346457,1.14173228346457,0.47244094488189));
#5334=CARTESIAN_POINT('Origin',(1.14173228346457,1.14173228346457,0.457346210629921));
#5335=CARTESIAN_POINT('',(1.00535033011269,1.22047244094488,0.442251476377953));
#5336=CARTESIAN_POINT('',(1.27811423681645,1.06299212598425,0.442251476377953));
#5337=CARTESIAN_POINT('Origin',(1.14173228346457,1.14173228346457,0.442251476377953));
#5338=CARTESIAN_POINT('',(1.26504181349087,1.07053949311024,0.457346210629921));
#5339=CARTESIAN_POINT('Origin',(1.14173228346457,1.14173228346457,0.442251476377953));
#5340=CARTESIAN_POINT('Origin',(1.3115977386732,1.04366041717384,-0.826771653543307));
#5341=CARTESIAN_POINT('Origin',(1.14173228346457,1.14173228346457,0.0418307086614169));
#5342=CARTESIAN_POINT('',(1.00535033011269,1.22047244094488,0.041830708661417));
#5343=CARTESIAN_POINT('Origin',(-1.07354130678863,-1.18110236220472,0.47244094488189));
#5344=CARTESIAN_POINT('',(-1.03149517676385,-1.20537770669291,0.47244094488189));
#5345=CARTESIAN_POINT('Origin',(-1.14173228346457,-1.14173228346457,0.47244094488189));
#5346=CARTESIAN_POINT('Origin',(-1.14173228346457,-1.14173228346457,0.457346210629921));
#5347=CARTESIAN_POINT('',(-1.27811423681645,-1.06299212598425,0.442251476377953));
#5348=CARTESIAN_POINT('',(-1.00535033011269,-1.22047244094488,0.442251476377953));
#5349=CARTESIAN_POINT('Origin',(-1.14173228346457,-1.14173228346457,0.442251476377953));
#5350=CARTESIAN_POINT('',(-1.01842275343827,-1.2129250738189,0.457346210629921));
#5351=CARTESIAN_POINT('Origin',(-1.14173228346457,-1.14173228346457,0.442251476377953));
#5352=CARTESIAN_POINT('Origin',(-1.14173228346457,-1.14173228346457,0.0418307086614189));
#5353=CARTESIAN_POINT('',(-1.27811423681645,-1.06299212598425,0.041830708661419));
#5354=CARTESIAN_POINT('Origin',(1.14173228346457,-1.14173228346457,0.47244094488189));
#5355=CARTESIAN_POINT('',(1.14173228346457,-1.01444881889764,0.47244094488189));
#5356=CARTESIAN_POINT('Origin',(1.14173228346457,-1.14173228346457,0.47244094488189));
#5357=CARTESIAN_POINT('Origin',(1.14173228346457,-1.14173228346457,0.457342519685039));
#5358=CARTESIAN_POINT('',(1.14173228346457,-1.2992125984252,0.442244094488189));
#5359=CARTESIAN_POINT('',(1.14173228346457,-0.984251968503936,0.442244094488189));
#5360=CARTESIAN_POINT('Origin',(1.14173228346457,-1.14173228346457,0.442244094488189));
#5361=CARTESIAN_POINT('',(1.14173228346457,-0.999350393700787,0.457342519685039));
#5362=CARTESIAN_POINT('Origin',(1.14173228346457,-1.14173228346457,0.442244094488189));
#5363=CARTESIAN_POINT('Origin',(1.14173228346457,-1.14173228346457,-0.0787401574803162));
#5364=CARTESIAN_POINT('',(1.14173228346457,-1.2992125984252,-0.0787401574803161));
#5365=CARTESIAN_POINT('Origin',(0.275590551181101,1.06456348425197,-3.34645669291339));
#5366=CARTESIAN_POINT('',(0.275590551181097,1.04644980314961,-3.1496062992126));
#5367=CARTESIAN_POINT('',(0.275590551181106,1.04644980314961,-3.54330708661417));
#5368=CARTESIAN_POINT('Origin',(0.275590551181101,1.04644980314961,-3.34645669291339));
#5369=CARTESIAN_POINT('',(0.275590551181105,1.08267716535433,-3.50707972440945));
#5370=CARTESIAN_POINT('',(0.275590551181105,1.06456348425197,-3.52519340551181));
#5371=CARTESIAN_POINT('Origin',(0.275590551181101,1.08267716535433,-3.34645669291339));
#5372=CARTESIAN_POINT('Origin',(0.275590551181101,1.04644980314961,-3.34645669291339));
#5373=CARTESIAN_POINT('Origin',(0.275590551181101,1.08267716535433,-3.34645669291339));
#5374=CARTESIAN_POINT('Origin',(0.275590551181101,0.807086614173228,-3.34645669291339));
#5375=CARTESIAN_POINT('',(0.275590551181097,0.807086614173228,-3.1496062992126));
#5376=CARTESIAN_POINT('Origin',(1.65354330708661,1.06456348425197,-3.34645669291339));
#5377=CARTESIAN_POINT('',(1.65354330708661,1.04644980314961,-3.1496062992126));
#5378=CARTESIAN_POINT('',(1.65354330708662,1.04644980314961,-3.54330708661418));
#5379=CARTESIAN_POINT('Origin',(1.65354330708661,1.04644980314961,-3.34645669291339));
#5380=CARTESIAN_POINT('',(1.65354330708662,1.08267716535433,-3.50707972440945));
#5381=CARTESIAN_POINT('',(1.65354330708662,1.06456348425197,-3.52519340551181));
#5382=CARTESIAN_POINT('Origin',(1.65354330708661,1.08267716535433,-3.34645669291339));
#5383=CARTESIAN_POINT('Origin',(1.65354330708661,1.04644980314961,-3.34645669291339));
#5384=CARTESIAN_POINT('Origin',(1.65354330708661,1.08267716535433,-3.34645669291339));
#5385=CARTESIAN_POINT('Origin',(1.65354330708661,0.807086614173228,-3.34645669291339));
#5386=CARTESIAN_POINT('',(1.65354330708661,0.807086614173228,-3.1496062992126));
#5387=CARTESIAN_POINT('Origin',(-3.41461180522435E-15,-0.78740157480315,
-3.99606299212598));
#5388=CARTESIAN_POINT('',(-3.41461180522435E-15,-0.78740157480315,-3.99606299212598));
#5389=CARTESIAN_POINT('Origin',(-3.36897494414148E-15,-0.62992125984252,
-4.15354330708661));
#5390=CARTESIAN_POINT('Origin',(-0.275590551181108,-2.49648291535896,-3.01778848192212));
#5391=CARTESIAN_POINT('',(0.,0.,0.));
#5392=UNCERTAINTY_MEASURE_WITH_UNIT(LENGTH_MEASURE(0.000393700787401575),
#5399,'DISTANCE_ACCURACY_VALUE',
'Maximum model space distance between geometric entities at asserted c
onnectivities');
#5393=UNCERTAINTY_MEASURE_WITH_UNIT(LENGTH_MEASURE(0.000393700787401575),
#5399,'DISTANCE_ACCURACY_VALUE',
'Maximum model space distance between geometric entities at asserted c
onnectivities');
#5394=UNCERTAINTY_MEASURE_WITH_UNIT(LENGTH_MEASURE(0.000393700787401575),
#5399,'DISTANCE_ACCURACY_VALUE',
'Maximum model space distance between geometric entities at asserted c
onnectivities');
#5395=(
GEOMETRIC_REPRESENTATION_CONTEXT(3)
GLOBAL_UNCERTAINTY_ASSIGNED_CONTEXT((#5392))
GLOBAL_UNIT_ASSIGNED_CONTEXT((#5399,#5403,#5404))
REPRESENTATION_CONTEXT('','3D')
);
#5396=(
GEOMETRIC_REPRESENTATION_CONTEXT(3)
GLOBAL_UNCERTAINTY_ASSIGNED_CONTEXT((#5393))
GLOBAL_UNIT_ASSIGNED_CONTEXT((#5399,#5403,#5404))
REPRESENTATION_CONTEXT('','3D')
);
#5397=(
GEOMETRIC_REPRESENTATION_CONTEXT(3)
GLOBAL_UNCERTAINTY_ASSIGNED_CONTEXT((#5394))
GLOBAL_UNIT_ASSIGNED_CONTEXT((#5399,#5403,#5404))
REPRESENTATION_CONTEXT('','3D')
);
#5398=DIMENSIONAL_EXPONENTS(1.,0.,0.,0.,0.,0.,0.);
#5399=(
CONVERSION_BASED_UNIT('inch',#5402)
LENGTH_UNIT()
NAMED_UNIT(#5398)
);
#5400=(
LENGTH_UNIT()
NAMED_UNIT(*)
SI_UNIT(.MILLI.,.METRE.)
);
#5401=(
LENGTH_UNIT()
NAMED_UNIT(*)
SI_UNIT($,.METRE.)
);
#5402=LENGTH_MEASURE_WITH_UNIT(LENGTH_MEASURE(25.4),#5400);
#5403=(
NAMED_UNIT(*)
PLANE_ANGLE_UNIT()
SI_UNIT($,.RADIAN.)
);
#5404=(
NAMED_UNIT(*)
SI_UNIT($,.STERADIAN.)
SOLID_ANGLE_UNIT()
);
#5405=SHAPE_DEFINITION_REPRESENTATION(#5407,#5410);
#5406=SHAPE_DEFINITION_REPRESENTATION(#5408,#5411);
#5407=PRODUCT_DEFINITION_SHAPE('',$,#5413);
#5408=PRODUCT_DEFINITION_SHAPE('',$,#5414);
#5409=PRODUCT_DEFINITION_SHAPE($,$,#14);
#5410=SHAPE_REPRESENTATION('',(#3178,#3486),#5395);
#5411=SHAPE_REPRESENTATION('',(#3179),#5396);
#5412=PRODUCT_DEFINITION_CONTEXT('part definition',#5420,'design');
#5413=PRODUCT_DEFINITION('3X Spot-Drill-Tap','3X Spot-Drill-Tap',#5415,
#5412);
#5414=PRODUCT_DEFINITION('EWS_222115_DIN4003','EWS_222115_DIN4003',#5416,
#5412);
#5415=PRODUCT_DEFINITION_FORMATION('',$,#5422);
#5416=PRODUCT_DEFINITION_FORMATION('',$,#5423);
#5417=PRODUCT_RELATED_PRODUCT_CATEGORY('3X Spot-Drill-Tap',
'3X Spot-Drill-Tap',(#5422));
#5418=PRODUCT_RELATED_PRODUCT_CATEGORY('EWS_222115_DIN4003',
'EWS_222115_DIN4003',(#5423));
#5419=APPLICATION_PROTOCOL_DEFINITION('international standard',
'automotive_design',2009,#5420);
#5420=APPLICATION_CONTEXT(
'Core Data for Automotive Mechanical Design Process');
#5421=PRODUCT_CONTEXT('part definition',#5420,'mechanical');
#5422=PRODUCT('3X Spot-Drill-Tap','3X Spot-Drill-Tap',$,(#5421));
#5423=PRODUCT('EWS_222115_DIN4003','EWS_222115_DIN4003',$,(#5421));
#5424=PRESENTATION_STYLE_ASSIGNMENT((#5426));
#5425=PRESENTATION_STYLE_ASSIGNMENT((#5427));
#5426=SURFACE_STYLE_USAGE(.BOTH.,#5428);
#5427=SURFACE_STYLE_USAGE(.BOTH.,#5429);
#5428=SURFACE_SIDE_STYLE('',(#5430));
#5429=SURFACE_SIDE_STYLE('',(#5431));
#5430=SURFACE_STYLE_FILL_AREA(#5432);
#5431=SURFACE_STYLE_FILL_AREA(#5433);
#5432=FILL_AREA_STYLE('Steel - Satin',(#5434));
#5433=FILL_AREA_STYLE('Opaque(140,140,140)',(#5435));
#5434=FILL_AREA_STYLE_COLOUR('Steel - Satin',#5436);
#5435=FILL_AREA_STYLE_COLOUR('Opaque(140,140,140)',#5437);
#5436=COLOUR_RGB('Steel - Satin',0.627450980392157,0.627450980392157,0.627450980392157);
#5437=COLOUR_RGB('Opaque(140,140,140)',0.549019607843137,0.549019607843137,
0.549019607843137);
ENDSEC;
END-ISO-10303-21;
